current_delay_minutes,current_speed_kmph,distance_remaining_km,distance_travelled_km,stations_remaining,scheduled_remaining_minutes,elapsed_journey_minutes,previous_station_delay_minutes,average_station_dwell_minutes,hour_of_day,day_of_week,predicted_remaining_delay_minutes
9.4,74.3,293.6,1151.4,5,220.2,921.1,1.6,3.4,22,3,3.9
60.2,42.0,75.1,932.4,1,56.3,746.0,53.4,7.5,5,0,11.0
26.3,77.6,1135.3,1089.1,15,851.5,871.3,23.2,3.7,18,1,10.3
18.3,101.4,390.2,296.7,6,292.7,237.4,21.6,6.9,11,6,5.7
3.4,94.7,542.3,253.1,6,406.7,202.5,6.7,3.7,1,5,1.1
3.4,92.7,155.3,27.7,2,116.5,22.1,0.0,7.6,9,3,5.3
1.2,80.0,1007.6,854.1,15,755.7,683.3,0.0,7.5,18,2,17.4
40.2,62.0,52.6,1126.2,1,39.5,901.0,34.6,2.3,14,3,3.1
18.4,94.3,1004.1,240.6,17,753.1,192.5,3.7,6.6,7,2,8.4
24.6,70.0,185.5,771.6,4,139.2,617.3,25.5,3.0,10,5,6.4
0.4,124.3,1066.1,900.8,21,799.6,720.7,0.0,3.3,22,0,9.0
70.1,95.3,881.1,1114.6,12,660.8,891.7,67.5,4.8,15,4,13.5
35.7,74.5,214.3,783.3,3,160.7,626.6,40.5,5.5,12,2,5.9
4.8,74.0,687.7,1164.9,9,515.7,932.0,3.2,4.0,12,0,3.6
4.0,83.3,388.9,426.7,5,291.7,341.4,0.0,5.5,22,3,4.4
4.1,80.7,230.3,432.9,6,172.7,346.3,4.9,3.0,4,5,0.0
7.3,105.1,1033.8,660.8,24,775.4,528.6,10.5,2.1,11,6,11.3
14.9,88.4,496.2,472.5,7,372.1,378.0,14.4,5.4,9,3,9.1
11.3,71.8,490.3,21.7,10,367.7,17.3,12.8,5.1,18,3,7.7
6.9,119.0,220.5,883.5,3,165.3,706.8,4.2,6.1,16,5,2.8
18.9,85.9,472.0,907.0,7,354.0,725.6,16.5,5.9,0,5,0.4
3.0,98.8,1048.5,901.4,15,786.4,721.1,1.6,7.4,21,4,11.7
6.9,74.1,448.5,427.1,8,336.4,341.7,1.1,4.8,14,1,6.9
9.1,91.5,1142.9,636.3,16,857.2,509.0,4.3,2.1,15,2,6.8
12.2,90.6,1136.6,444.8,14,852.5,355.8,17.1,5.8,19,6,16.7
30.8,51.0,191.0,38.9,2,143.2,31.1,38.8,6.1,22,5,7.8
4.5,121.3,229.2,683.7,3,171.9,547.0,10.4,5.1,9,1,10.5
14.4,108.2,1038.0,166.0,15,778.5,132.8,5.8,6.1,9,3,17.4
18.0,77.9,483.5,114.4,10,362.6,91.6,8.9,3.9,16,6,11.1
1.0,65.2,25.2,911.5,1,18.9,729.2,0.0,2.9,21,4,0.0
18.7,91.3,343.2,31.2,4,257.4,25.0,17.4,6.0,22,0,8.1
3.7,86.6,725.2,1151.6,14,543.9,921.3,0.0,3.5,16,4,0.0
1.3,91.4,963.1,628.0,18,722.4,502.4,0.0,4.7,1,5,8.7
59.5,88.4,177.4,1180.0,4,133.0,944.0,64.5,4.9,8,1,16.6
67.4,94.1,150.4,88.4,2,112.8,70.7,70.3,4.9,21,3,11.3
33.0,111.1,1108.1,708.6,18,831.1,566.9,28.5,5.6,3,6,12.5
7.3,95.2,906.4,432.2,21,679.8,345.8,3.1,2.2,6,6,6.5
2.1,66.1,715.9,1015.3,9,537.0,812.2,2.9,7.9,4,6,7.4
23.1,109.5,927.6,446.2,14,695.7,357.0,25.7,6.3,18,2,21.0
11.6,114.5,526.0,327.4,9,394.5,261.9,6.9,4.6,3,4,6.3
2.6,130.0,915.0,1031.9,16,686.2,825.5,0.0,3.1,17,1,8.5
13.7,64.8,458.7,462.1,8,344.0,369.7,8.8,2.5,21,1,5.6
0.7,89.4,308.0,39.9,5,231.0,31.9,0.0,6.0,2,0,6.2
48.0,47.5,880.2,480.5,15,660.2,384.4,44.9,3.9,22,2,12.0
6.0,95.0,515.2,792.3,8,386.4,633.9,2.5,3.4,3,6,6.6
21.7,75.1,1178.0,320.1,15,883.5,256.1,13.4,4.3,13,1,15.8
7.5,119.6,432.4,529.7,6,324.3,423.8,8.7,5.6,23,2,0.0
14.7,71.1,1107.6,86.9,20,830.7,69.5,15.1,6.0,13,3,20.8
15.8,54.6,1120.9,713.9,17,840.7,571.2,17.3,5.9,16,5,19.4
4.1,76.5,305.4,912.4,4,229.0,729.9,0.0,7.2,8,4,9.9
69.9,49.4,961.9,507.7,22,721.4,406.2,57.9,3.3,18,1,19.2
29.8,98.5,531.0,515.9,12,398.3,412.7,30.2,5.8,2,3,6.5
56.1,47.8,1102.7,124.2,16,827.0,99.3,50.8,2.6,14,0,11.6
45.0,85.5,551.1,258.3,8,413.4,206.6,38.6,5.3,20,2,12.7
18.2,47.6,898.3,202.5,18,673.7,162.0,9.9,5.5,0,5,9.7
51.0,79.2,571.0,588.4,7,428.3,470.7,47.6,3.3,18,3,10.1
1.9,114.6,288.8,644.5,4,216.6,515.6,7.7,4.4,3,2,4.1
4.4,91.5,255.2,1139.7,3,191.4,911.8,0.0,7.0,13,6,4.4
0.9,69.5,522.0,106.4,11,391.5,85.1,0.0,2.9,17,6,4.8
7.9,84.4,911.5,727.8,12,683.6,582.3,9.1,4.6,11,5,3.9
9.8,85.3,734.0,641.3,17,550.5,513.0,8.7,7.6,5,2,16.1
6.3,93.5,832.6,629.2,12,624.4,503.3,0.0,5.0,9,1,9.2
35.3,60.4,353.1,1050.3,5,264.9,840.3,36.6,6.4,3,2,6.6
8.8,95.7,588.1,262.5,10,441.1,210.0,17.5,7.0,15,3,4.7
6.6,36.3,72.4,68.1,1,54.3,54.5,0.0,3.2,0,0,2.5
15.6,73.7,984.7,813.3,24,738.5,650.6,7.5,3.3,2,1,12.9
3.0,76.2,1188.1,427.3,18,891.1,341.8,0.0,6.6,6,4,13.4
32.4,96.4,500.1,40.8,10,375.1,32.6,30.0,6.5,2,0,11.9
1.5,85.4,32.9,316.6,1,24.7,253.3,4.5,2.4,21,3,0.6
86.7,59.7,220.4,385.0,5,165.3,308.0,85.2,3.9,14,1,4.6
29.6,67.3,790.0,747.9,10,592.5,598.3,34.5,4.4,5,5,10.3
4.4,88.6,742.3,223.7,9,556.7,178.9,6.6,7.0,15,5,6.3
0.1,83.6,949.7,507.4,12,712.3,405.9,6.6,4.5,16,2,4.0
33.8,74.6,319.6,589.3,7,239.7,471.5,37.6,7.6,1,6,13.6
24.5,76.3,921.1,561.9,13,690.8,449.5,20.5,8.0,9,0,20.3
26.1,97.5,831.8,1169.3,20,623.9,935.4,24.4,6.7,10,1,21.0
29.5,75.7,400.9,73.7,5,300.7,59.0,23.2,6.0,5,4,6.5
1.5,83.4,663.7,1142.1,9,497.8,913.7,0.0,4.4,17,6,9.9
8.9,124.1,193.8,706.7,3,145.3,565.3,7.2,2.4,14,4,0.0
2.5,59.4,554.0,959.0,7,415.5,767.2,0.0,5.4,15,4,1.3
39.8,51.7,1059.8,527.9,24,794.9,422.3,44.5,4.2,12,5,13.8
19.5,99.1,517.0,555.5,8,387.8,444.4,15.9,4.1,15,1,8.1
8.0,72.8,1010.7,1057.6,19,758.0,846.1,1.4,6.1,1,0,20.8
1.3,79.3,716.5,1077.2,8,537.4,861.8,0.0,4.8,19,2,11.3
7.4,70.9,246.4,301.7,3,184.8,241.3,8.7,6.5,11,0,8.3
7.9,80.3,705.7,255.1,9,529.3,204.1,0.0,4.4,13,2,2.4
26.2,113.8,617.1,605.6,7,462.8,484.4,23.2,2.9,7,0,8.1
20.3,99.4,490.4,1082.3,9,367.8,865.9,24.9,4.8,5,0,7.6
43.6,100.5,161.2,400.4,2,120.9,320.3,43.1,7.7,13,1,3.2
12.8,59.5,511.7,789.4,9,383.8,631.5,10.4,6.8,23,4,11.7
2.5,64.3,105.9,855.6,1,79.4,684.5,0.4,3.2,14,6,5.8
25.0,33.9,136.5,938.8,2,102.4,751.1,17.8,4.3,19,4,13.0
28.6,70.4,510.8,685.4,12,383.1,548.3,22.3,7.6,2,4,22.6
16.5,102.2,380.4,494.9,7,285.3,395.9,13.5,2.7,6,6,1.8
29.5,94.3,1112.1,1161.1,27,834.1,928.9,28.8,3.5,15,4,13.2
13.6,81.0,463.3,741.4,5,347.5,593.1,16.4,3.6,22,0,1.6
14.8,84.6,914.3,879.7,20,685.7,703.8,13.3,5.4,1,4,11.9
11.2,72.6,645.7,427.1,10,484.3,341.7,15.9,4.5,16,0,13.1
0.5,88.7,850.8,810.5,11,638.1,648.4,6.5,2.5,10,2,5.5
2.3,98.8,326.9,324.2,7,245.2,259.4,4.3,5.8,23,3,4.2
0.6,55.9,1131.4,309.2,18,848.6,247.4,4.8,2.6,2,6,11.6
20.2,90.4,645.5,863.4,9,484.1,690.7,13.3,5.6,21,6,10.0
7.5,101.8,1001.0,635.2,21,750.7,508.2,0.0,5.0,22,3,10.4
14.2,77.5,450.8,826.3,6,338.1,661.0,14.8,5.0,7,2,5.4
47.6,97.6,138.2,337.9,3,103.7,270.3,38.9,2.4,21,0,0.2
5.7,130.0,815.0,726.5,16,611.2,581.2,2.3,5.8,22,6,11.6
10.6,83.1,29.2,543.8,1,21.9,435.1,12.4,4.6,20,4,6.8
28.2,92.1,580.8,724.4,10,435.6,579.5,33.2,4.5,18,1,14.4
5.2,71.7,247.5,363.2,3,185.6,290.6,1.9,5.6,17,0,13.6
1.6,88.3,760.3,864.2,9,570.2,691.4,0.0,5.6,6,0,9.3
6.8,93.3,1175.7,971.0,18,881.8,776.8,6.4,2.1,15,6,1.6
3.5,88.5,568.0,326.7,10,426.0,261.4,0.0,2.8,23,2,4.5
53.1,66.6,984.6,374.7,17,738.5,299.8,50.2,3.4,13,2,12.6
33.0,88.7,619.2,800.2,12,464.4,640.1,31.0,6.1,7,1,19.1
20.1,111.3,605.1,840.8,9,453.8,672.6,17.9,5.5,12,4,6.9
41.0,93.1,1117.9,850.8,14,838.4,680.7,39.5,6.5,2,3,16.1
32.6,102.3,1070.2,825.6,19,802.6,660.5,26.4,6.4,1,5,19.4
4.1,80.7,947.2,483.5,19,710.4,386.8,0.0,7.1,12,4,13.4
44.6,98.5,369.6,485.9,6,277.2,388.7,38.9,4.3,21,4,2.7
15.5,90.0,663.1,320.7,15,497.3,256.5,5.4,4.1,2,5,8.6
32.9,67.9,284.2,205.1,4,213.1,164.1,32.7,7.0,20,5,13.5
45.3,90.7,543.8,837.2,8,407.9,669.8,47.8,3.4,0,0,4.3
7.7,67.1,591.4,130.0,9,443.5,104.0,9.6,4.8,1,1,6.6
2.3,73.6,1001.3,1126.6,18,751.0,901.3,0.0,3.2,9,6,9.2
5.2,88.4,1077.3,995.5,13,808.0,796.4,0.0,7.5,10,0,9.9
11.1,90.4,509.3,1031.9,11,381.9,825.5,12.9,4.4,2,2,8.7
34.1,63.6,40.9,1089.9,1,30.7,871.9,35.3,3.3,23,5,6.0
39.4,104.0,1036.9,502.2,18,777.7,401.7,38.5,6.2,7,3,20.1
0.1,95.3,225.6,1019.1,3,169.2,815.3,6.9,3.5,14,6,6.2
14.3,72.3,753.8,206.5,10,565.4,165.2,12.2,7.7,4,1,10.8
10.8,57.3,49.5,45.5,1,37.1,36.4,7.5,4.2,7,6,3.5
5.0,82.4,491.4,946.2,6,368.6,756.9,1.0,6.0,17,1,10.0
2.6,77.0,1183.4,108.3,16,887.6,86.6,0.0,4.1,17,4,3.6
8.2,87.0,138.8,1186.5,3,104.1,949.2,9.5,6.8,11,0,2.9
57.3,78.5,520.0,816.3,11,390.0,653.0,54.7,7.4,3,4,13.4
7.8,48.9,382.4,909.1,5,286.8,727.3,8.4,6.7,7,4,5.8
14.6,78.0,1088.0,310.0,15,816.0,248.0,21.8,7.1,1,1,17.5
24.3,79.5,1045.8,815.2,14,784.4,652.1,20.3,2.6,19,3,13.6
9.0,96.4,300.5,71.0,4,225.4,56.8,0.0,7.5,23,2,7.4
71.4,72.4,115.8,1008.6,2,86.9,806.9,71.8,5.7,2,4,9.8
65.6,115.2,760.0,220.2,10,570.0,176.1,64.5,7.2,7,5,17.4
5.8,50.6,416.9,842.9,6,312.7,674.3,0.1,6.1,11,3,14.8
13.8,108.6,813.1,284.9,15,609.8,227.9,13.7,3.2,1,5,9.1
7.2,81.0,57.9,100.8,1,43.4,80.6,9.1,5.7,16,4,2.3
6.7,100.5,177.4,588.2,4,133.1,470.5,0.0,2.5,13,3,4.0
0.8,86.4,829.9,219.8,14,622.4,175.8,0.0,6.2,13,0,13.8
18.8,105.5,270.6,880.7,4,202.9,704.6,24.2,4.5,5,5,11.3
14.0,78.0,1032.0,300.3,17,774.0,240.3,8.4,2.9,7,2,4.0
1.1,65.2,89.1,424.1,2,66.9,339.3,0.0,7.9,9,1,0.8
6.5,110.6,274.3,689.6,6,205.7,551.7,0.0,7.4,23,0,7.2
47.8,83.0,1198.3,356.3,17,898.7,285.0,38.4,7.4,17,4,19.2
5.5,89.0,531.0,466.0,6,398.3,372.8,4.3,6.7,0,4,5.0
3.1,107.2,849.5,982.4,13,637.1,785.9,7.3,6.2,6,2,17.8
13.4,66.4,235.5,231.5,4,176.7,185.2,4.6,5.9,6,6,4.7
84.9,95.7,739.6,117.0,13,554.7,93.6,83.3,2.6,12,6,13.2
5.5,74.4,876.8,407.5,17,657.6,326.0,1.7,7.4,15,5,14.8
22.3,82.6,391.1,520.8,10,293.3,416.6,25.1,7.3,11,5,21.4
28.7,86.3,998.1,660.3,19,748.6,528.3,20.6,6.5,18,2,23.6
5.4,58.0,732.0,459.5,12,549.0,367.6,5.6,7.6,5,2,10.3
26.1,71.0,479.2,952.1,10,359.4,761.7,20.8,5.3,6,4,14.7
9.2,109.3,678.0,66.4,15,508.5,53.1,8.3,4.7,16,4,10.5
20.0,101.0,700.6,529.5,9,525.4,423.6,18.4,7.8,18,1,13.5
20.1,83.9,215.3,471.1,3,161.5,376.8,16.8,4.8,4,2,0.0
15.3,89.4,495.2,784.1,6,371.4,627.3,15.7,5.8,2,3,6.8
1.9,79.7,425.2,1160.2,6,318.9,928.2,0.1,4.2,23,6,2.2
36.1,109.4,493.1,622.2,12,369.8,497.8,33.4,5.8,21,1,11.4
7.7,81.4,918.1,1184.5,12,688.6,947.6,4.0,6.3,17,3,13.1
4.1,89.2,589.4,376.7,13,442.0,301.3,2.5,5.7,16,6,3.5
0.8,105.6,1129.6,56.4,15,847.2,45.1,0.0,5.1,20,0,22.7
17.9,71.0,366.5,215.5,5,274.9,172.4,10.9,3.8,10,2,6.1
22.6,113.1,510.5,486.2,7,382.9,389.0,18.9,5.9,8,1,14.0
0.3,57.5,948.6,393.3,11,711.5,314.6,0.0,7.5,16,5,9.6
14.4,114.3,664.3,134.5,9,498.2,107.6,12.2,2.0,18,6,0.0
5.1,78.3,665.5,530.5,9,499.1,424.4,0.2,2.8,12,1,3.5
20.7,80.6,82.9,419.0,2,62.2,335.2,22.6,2.7,5,0,4.1
3.8,51.0,490.3,164.7,6,367.8,131.8,5.2,7.5,20,0,8.7
23.5,76.8,339.5,369.4,7,254.6,295.5,16.9,6.0,3,0,12.9
9.8,66.3,1199.2,1066.0,14,899.4,852.8,7.8,7.7,17,6,24.7
55.2,74.1,383.9,376.4,7,287.9,301.1,56.4,5.5,11,1,15.9
3.0,82.5,1063.7,862.5,23,797.8,690.0,0.1,4.8,3,4,15.4
8.3,102.2,818.0,742.2,10,613.5,593.8,2.7,6.8,4,3,5.4
2.4,88.7,422.3,524.1,11,316.7,419.3,0.0,3.0,11,5,4.6
51.7,90.5,661.4,302.1,8,496.0,241.6,54.0,4.3,17,5,12.1
42.0,65.3,1011.8,455.4,19,758.9,364.3,44.5,4.8,16,3,23.3
6.0,69.1,1062.4,718.7,13,796.8,574.9,2.9,3.8,22,5,5.1
21.6,117.4,209.3,433.9,3,156.9,347.1,23.4,4.2,22,0,9.2
34.0,71.8,420.7,273.6,6,315.5,218.9,17.2,2.5,23,5,3.1
16.2,114.8,415.6,157.4,7,311.7,125.9,20.8,3.2,9,4,6.6
15.1,80.6,69.6,1058.1,2,52.2,846.5,12.3,4.0,5,4,1.2
5.5,85.0,725.9,539.6,9,544.4,431.7,4.2,6.8,16,0,6.5
2.0,104.3,1028.7,757.7,21,771.5,606.2,0.0,3.1,7,2,6.0
45.5,107.9,470.3,598.7,8,352.7,478.9,50.5,4.1,1,1,15.7
46.1,83.0,893.2,1049.6,13,669.9,839.7,38.8,2.4,11,6,12.7
20.1,78.0,760.7,665.4,12,570.5,532.3,25.4,5.3,2,2,10.8
8.3,84.0,463.3,587.3,9,347.4,469.9,8.3,5.7,23,6,7.5
8.6,91.1,186.5,1111.0,4,139.8,888.8,9.7,7.2,19,6,12.3
25.9,101.0,857.0,869.2,19,642.8,695.4,22.2,6.9,20,4,22.9
45.5,85.1,1028.4,151.6,12,771.3,121.3,36.9,3.7,22,0,11.5
43.6,96.1,829.3,229.7,20,622.0,183.8,46.3,2.8,6,1,15.9
30.3,114.5,41.1,948.8,1,30.8,759.0,29.8,2.9,0,3,0.1
20.5,91.9,275.2,1006.3,6,206.4,805.0,25.4,7.8,16,5,6.5
1.8,90.6,102.0,663.3,2,76.5,530.7,0.0,6.0,7,4,2.5
3.5,57.7,693.1,674.3,10,519.8,539.4,0.0,2.3,9,1,5.1
45.8,37.6,912.6,765.7,21,684.5,612.5,50.7,2.8,16,1,14.5
18.6,92.0,150.5,538.2,2,112.9,430.5,26.2,4.9,15,2,1.6
0.2,83.3,1009.2,822.6,12,756.9,658.1,0.0,3.2,9,3,6.2
2.1,75.7,675.5,148.0,16,506.6,118.4,0.0,6.8,14,2,17.7
21.8,89.4,834.2,1154.3,10,625.6,923.4,23.8,5.4,15,2,8.4
0.1,83.9,1166.3,905.2,20,874.7,724.1,0.0,5.7,17,2,16.5
3.5,105.3,118.7,764.8,2,89.1,611.8,4.5,4.8,3,2,0.0
15.9,86.5,1083.4,393.3,22,812.6,314.6,12.6,3.5,6,4,8.3
23.5,71.6,168.8,209.9,2,126.6,167.9,29.4,5.5,11,3,6.0
21.1,102.8,483.7,503.0,11,362.8,402.4,15.6,6.3,22,2,6.4
5.1,81.1,1024.7,800.7,12,768.5,640.5,5.5,4.2,11,6,8.7
24.9,94.5,1089.4,767.8,16,817.0,614.2,20.5,5.0,22,4,12.2
5.4,76.4,617.5,471.5,15,463.1,377.2,2.0,7.0,20,6,20.0
7.9,73.3,721.0,743.7,11,540.8,594.9,3.8,2.9,0,5,4.8
27.4,86.5,855.6,980.2,11,641.7,784.2,29.1,5.3,20,4,11.1
21.0,85.2,1002.7,51.0,13,752.0,40.8,23.6,4.1,23,1,7.7
37.8,93.6,163.4,551.7,3,122.5,441.4,38.6,6.2,11,1,8.6
21.4,80.2,975.9,915.1,12,731.9,732.1,18.9,2.1,22,0,3.4
16.8,51.9,587.9,664.5,13,440.9,531.6,15.5,6.0,6,4,10.3
2.0,77.2,551.7,788.7,6,413.8,631.0,4.5,2.6,14,6,6.3
9.2,99.3,520.2,629.7,6,390.2,503.7,11.8,2.4,1,0,6.2
6.2,79.6,620.9,1190.4,8,465.7,952.3,0.0,6.3,0,4,12.8
5.6,80.6,1135.2,84.5,14,851.4,67.6,2.2,5.8,3,2,7.7
72.2,102.8,666.9,599.4,10,500.2,479.5,69.1,7.4,7,2,12.7
10.0,72.2,1144.7,127.9,16,858.6,102.3,11.3,5.1,16,0,10.4
44.5,57.2,232.7,208.5,3,174.6,166.8,42.2,5.2,17,2,14.9
19.9,82.1,874.5,472.0,15,655.9,377.6,21.5,6.2,22,2,6.8
31.7,76.3,978.4,203.5,14,733.8,162.8,24.3,3.9,4,6,10.7
14.0,67.6,821.4,1157.2,16,616.0,925.7,13.3,2.2,5,1,5.0
17.2,81.8,736.2,1137.2,12,552.1,909.8,19.7,3.4,11,2,13.9
13.6,93.8,686.5,416.6,13,514.9,333.3,4.2,3.4,23,1,8.7
4.3,84.8,1035.9,774.9,22,776.9,619.9,14.9,4.0,15,3,16.3
25.6,90.5,989.5,649.8,18,742.2,519.9,29.6,7.7,8,4,26.3
6.6,117.6,164.3,982.4,2,123.2,785.9,4.6,6.8,14,1,12.6
0.5,78.8,1021.3,760.4,17,766.0,608.3,0.0,7.6,7,5,22.3
20.7,90.0,508.6,20.3,7,381.5,16.2,17.9,8.0,11,5,16.2
3.9,75.8,319.4,920.5,7,239.5,736.4,2.3,4.6,13,1,3.1
56.4,69.8,1046.3,901.3,17,784.7,721.0,56.6,3.4,16,1,11.7
61.6,74.5,529.8,621.5,12,397.3,497.2,67.1,5.4,13,5,19.8
49.3,76.4,973.9,1085.4,21,730.4,868.4,44.9,7.3,19,4,31.9
9.2,91.5,330.8,1092.0,5,248.1,873.6,10.1,4.8,4,4,1.5
0.3,127.3,24.6,638.2,1,18.5,510.6,0.0,5.0,12,4,0.0
52.7,72.1,604.6,737.4,12,453.5,589.9,48.6,2.8,5,5,3.4
11.2,77.5,138.3,1195.9,2,103.7,956.7,11.1,4.5,13,2,6.8
68.0,83.9,910.2,372.6,11,682.6,298.1,69.5,4.3,5,1,18.1
66.3,92.1,345.8,403.0,7,259.3,322.4,60.5,4.1,2,4,10.6
38.3,89.7,543.5,235.7,13,407.6,188.5,34.1,7.3,15,3,16.9
7.0,108.1,122.7,1077.1,2,92.0,861.7,12.3,2.4,11,5,13.3
9.7,41.3,358.3,898.5,8,268.7,718.8,13.5,7.8,13,4,18.3
38.1,42.0,942.2,144.7,11,706.6,115.7,37.1,2.0,1,6,10.6
7.6,76.1,198.9,1178.5,3,149.2,942.8,0.0,7.7,17,6,7.9
3.7,104.8,783.6,882.5,12,587.7,706.0,14.3,5.3,6,0,9.6
16.3,56.8,1102.6,1023.6,18,826.9,818.9,14.2,6.2,4,0,14.6
55.0,30.9,822.2,76.8,12,616.7,61.5,51.5,3.1,11,1,14.7
23.8,95.3,977.0,615.9,22,732.8,492.7,19.2,5.9,16,1,20.8
16.9,89.4,148.6,844.3,2,111.4,675.5,16.8,7.3,11,1,7.5
2.0,65.4,315.9,660.7,4,236.9,528.5,2.0,2.8,20,6,3.2
19.1,67.3,1075.6,806.6,22,806.7,645.3,21.8,2.8,10,6,18.3
92.2,67.5,863.8,985.1,13,647.9,788.1,85.6,3.8,0,2,17.6
3.0,87.0,774.7,461.7,17,581.0,369.4,0.0,3.0,8,5,11.8
14.6,73.7,803.2,1021.4,20,602.4,817.1,22.8,2.7,7,0,9.8
42.0,93.9,508.8,212.2,7,381.6,169.8,41.1,6.1,13,0,11.4
27.0,33.6,72.6,339.6,1,54.4,271.7,24.1,3.3,3,1,4.8
23.9,69.6,945.6,71.1,14,709.2,56.9,17.2,6.0,10,5,26.7
24.2,64.7,820.9,450.0,17,615.7,360.0,24.8,7.2,16,0,25.7
8.9,80.4,577.9,468.3,8,433.4,374.6,12.1,5.9,7,0,5.0
7.0,75.3,1081.7,970.2,25,811.3,776.2,9.3,2.7,20,2,13.0
33.1,99.4,416.7,790.7,6,312.5,632.6,29.9,5.4,0,3,4.6
33.2,51.5,367.3,535.3,5,275.5,428.3,33.0,4.4,17,1,3.9
40.4,85.8,1049.9,789.5,14,787.4,631.6,46.7,4.1,4,3,18.9
48.9,95.1,960.4,82.3,11,720.3,65.8,52.2,3.9,7,3,10.9
14.3,118.4,627.7,232.7,8,470.8,186.2,8.4,7.6,7,2,5.4
13.9,76.3,174.3,759.8,2,130.7,607.8,0.0,6.5,8,6,1.4
32.0,90.8,273.8,776.8,3,205.3,621.5,31.5,2.8,17,0,9.5
21.0,52.5,794.3,933.5,10,595.8,746.8,23.0,4.9,6,1,10.2
24.2,41.9,474.3,495.5,5,355.8,396.4,16.8,3.9,9,4,11.9
31.8,100.2,1007.0,872.6,12,755.3,698.1,29.7,7.9,20,6,22.8
44.1,84.9,1140.9,827.1,15,855.7,661.7,40.8,7.9,15,3,22.2
8.2,106.2,970.7,1156.8,22,728.0,925.4,6.8,3.9,2,5,7.2
9.4,60.3,465.5,273.9,11,349.1,219.1,4.7,4.1,9,3,7.1
2.0,94.4,950.6,671.0,12,713.0,536.8,6.4,5.6,7,2,13.3
17.3,118.6,434.7,730.1,7,326.0,584.1,16.0,4.9,17,3,8.2
0.7,92.6,217.2,1198.4,3,162.9,958.7,0.0,3.3,3,3,0.0
12.5,90.0,59.4,257.4,1,44.6,205.9,15.1,6.0,11,3,2.3
15.6,85.2,475.1,637.4,8,356.4,509.9,7.3,4.0,20,2,13.2
6.8,56.7,1086.2,428.5,14,814.6,342.8,11.2,5.9,4,0,15.4
17.9,109.4,302.0,640.6,4,226.5,512.4,20.8,4.3,3,5,5.5
0.6,74.0,263.7,293.9,6,197.8,235.1,5.6,6.2,18,3,7.0
0.8,94.1,1164.4,76.2,14,873.3,60.9,0.0,6.0,18,1,14.4
34.6,56.9,49.5,695.6,1,37.1,556.5,30.1,5.1,4,5,4.0
8.9,63.8,947.2,416.3,17,710.4,333.0,7.4,6.2,14,3,12.6
2.7,110.8,399.2,234.7,7,299.4,187.8,0.3,4.8,11,3,11.2
14.8,78.7,64.2,402.2,2,48.2,321.8,9.5,2.7,12,1,0.9
29.4,111.2,1103.0,78.2,27,827.3,62.5,24.6,3.1,5,2,15.4
4.9,83.6,184.8,1141.5,3,138.6,913.2,1.0,3.5,16,4,3.4
19.5,51.8,671.1,705.8,15,503.3,564.6,11.7,2.4,19,1,5.7
1.8,101.1,343.4,981.4,7,257.5,785.1,3.2,6.3,9,6,17.3
1.1,74.4,96.9,519.3,1,72.7,415.4,0.0,4.2,13,4,3.1
15.2,97.6,78.9,1085.9,1,59.2,868.7,11.6,2.6,14,0,0.0
15.6,85.5,156.4,590.3,2,117.3,472.3,8.0,6.9,9,0,2.7
20.3,57.2,104.2,697.3,2,78.2,557.8,12.5,6.1,5,3,9.5
25.9,88.0,917.5,600.3,11,688.1,480.3,33.6,4.7,15,5,11.9
74.5,124.5,593.0,885.3,7,444.7,708.2,69.3,3.5,1,3,12.8
14.5,93.9,424.6,688.7,6,318.5,550.9,15.6,2.9,9,2,9.7
7.8,84.0,513.7,340.5,6,385.3,272.4,6.6,4.8,4,4,8.5
31.7,104.4,1116.2,191.7,14,837.1,153.4,15.8,7.3,8,0,23.9
6.3,88.8,1094.7,735.2,14,821.0,588.2,13.3,3.1,18,0,9.1
11.6,88.8,864.5,597.2,11,648.4,477.8,13.0,5.4,18,3,14.9
1.6,65.4,1063.9,133.3,24,797.9,106.6,0.0,7.8,8,3,22.1
0.5,89.2,397.2,486.8,7,297.9,389.5,0.0,5.8,15,2,1.6
65.7,103.6,469.7,627.4,11,352.3,501.9,58.0,4.6,18,3,16.1
36.2,70.0,744.2,995.7,18,558.1,796.6,43.3,6.3,19,6,17.6
23.8,110.6,755.9,109.8,16,566.9,87.8,17.3,6.9,3,5,13.5
10.5,83.3,588.4,431.2,7,441.3,345.0,5.9,5.5,4,3,0.0
3.8,69.0,492.8,990.7,9,369.6,792.6,0.0,7.2,17,5,12.6
3.4,103.0,1183.7,785.1,13,887.8,628.1,1.8,5.1,7,6,14.5
5.8,79.8,988.9,362.2,14,741.7,289.7,10.6,7.0,12,5,14.1
15.9,98.7,533.3,1017.5,10,400.0,814.0,22.9,7.7,8,2,17.2
25.1,79.7,878.2,602.1,14,658.7,481.7,21.1,5.0,9,3,14.2
21.6,83.9,338.1,608.1,7,253.6,486.4,21.5,5.6,3,5,10.8
6.6,93.9,138.2,1172.4,2,103.6,937.9,5.0,5.7,18,5,6.3
62.0,90.2,435.9,1137.6,5,326.9,910.1,55.1,6.7,3,6,6.9
26.8,49.1,495.5,443.1,12,371.6,354.5,36.9,6.9,12,3,16.4
16.2,64.8,39.5,185.9,1,29.6,148.7,21.0,2.2,22,3,9.0
18.9,101.7,981.5,404.3,13,736.1,323.4,17.9,6.4,16,4,7.4
10.9,82.6,443.8,56.0,10,332.9,44.8,16.8,6.7,10,0,11.8
5.7,75.6,704.9,44.5,10,528.7,35.6,9.8,6.2,1,1,9.2
8.8,60.5,107.3,486.7,1,80.5,389.4,7.2,6.3,4,0,0.9
28.4,65.6,226.5,1130.4,4,169.9,904.3,28.0,2.2,12,4,5.9
0.3,48.6,1069.8,1048.2,14,802.4,838.6,5.9,4.7,21,1,6.5
2.5,83.2,738.3,623.5,17,553.7,498.8,0.0,6.9,2,0,13.0
0.9,74.2,1141.3,687.0,18,856.0,549.6,7.3,7.6,18,2,22.8
0.8,67.6,1198.5,27.0,30,898.9,21.6,0.0,3.4,22,6,13.0
38.7,83.8,458.8,274.3,5,344.1,219.4,44.3,5.5,18,4,22.2
24.3,91.6,372.6,49.2,5,279.4,39.4,22.3,6.8,15,2,9.8
12.9,122.7,1032.9,910.4,22,774.6,728.3,12.5,6.5,15,2,13.6
2.1,57.8,1198.4,191.9,21,898.8,153.5,0.0,5.7,2,0,11.5
13.5,105.9,763.0,1045.5,16,572.2,836.4,8.9,2.1,22,6,1.1
12.8,102.5,958.3,779.1,12,718.7,623.3,9.5,6.3,8,5,20.6
3.8,71.0,942.5,290.7,22,706.8,232.6,8.7,6.6,18,1,19.9
11.4,88.7,439.3,206.1,5,329.5,164.9,0.0,6.3,23,5,7.5
10.2,76.8,697.6,760.6,8,523.2,608.5,2.0,6.6,0,3,9.6
19.1,88.3,1003.0,1083.0,14,752.3,866.4,13.5,4.6,13,3,5.0
20.2,112.2,832.0,867.7,16,624.0,694.1,12.8,8.0,23,4,16.3
0.9,95.9,45.0,431.3,1,33.7,345.0,6.5,6.6,10,2,5.8
9.4,94.2,417.3,713.1,7,313.0,570.5,13.7,5.5,17,4,5.6
19.7,77.3,190.5,386.7,3,142.9,309.4,20.6,7.6,19,0,15.7
14.0,58.3,294.9,1199.0,4,221.2,959.2,8.8,7.4,6,6,6.1
38.8,81.2,1088.5,903.6,16,816.4,722.9,43.5,6.9,5,6,24.4
21.5,106.7,63.5,745.0,1,47.7,596.0,11.6,5.4,11,2,15.0
3.6,57.5,279.4,519.4,3,209.5,415.6,12.3,5.2,23,3,5.5
1.5,66.0,385.3,749.4,9,289.0,599.5,0.0,4.0,1,0,6.2
20.6,87.3,747.9,423.1,12,560.9,338.5,17.3,3.5,12,0,4.8
0.5,67.3,650.2,54.1,8,487.7,43.2,0.0,5.1,19,5,14.1
17.6,70.7,277.6,486.2,6,208.2,389.0,10.3,5.5,0,4,6.0
56.3,77.4,213.8,1118.0,3,160.4,894.4,64.0,3.5,22,6,7.8
17.1,60.4,299.4,759.0,4,224.6,607.2,19.1,7.5,14,4,3.6
9.8,67.5,613.0,119.1,8,459.7,95.3,13.9,5.3,19,5,11.9
20.6,97.7,340.0,1064.3,8,255.0,851.4,12.5,5.2,7,6,9.7
12.3,61.5,1138.2,337.3,23,853.6,269.8,11.2,4.6,17,1,19.2
15.8,56.2,567.4,307.6,10,425.5,246.1,16.4,2.3,14,3,6.7
56.8,73.7,89.4,370.6,2,67.0,296.5,56.1,7.3,7,3,7.2
9.8,98.2,880.5,701.1,10,660.4,560.9,2.0,3.9,1,4,7.9
65.0,81.5,408.0,662.7,6,306.0,530.2,68.4,5.9,10,3,17.7
47.2,76.6,791.1,599.9,14,593.3,479.9,45.8,5.6,7,3,19.0
4.4,85.8,349.9,866.7,4,262.4,693.4,0.0,5.5,12,0,6.4
1.4,53.6,693.5,393.5,9,520.1,314.8,0.0,5.2,0,5,6.8
2.1,93.9,931.1,942.8,17,698.4,754.3,3.2,3.1,17,5,12.7
0.4,91.9,1115.1,226.9,19,836.3,181.5,10.6,3.7,4,2,7.5
2.0,77.6,328.1,943.5,7,246.1,754.8,0.0,5.1,0,2,9.5
23.0,103.1,415.1,803.3,5,311.3,642.6,21.8,6.7,11,1,10.0
1.5,64.7,567.8,826.2,9,425.9,660.9,5.0,4.6,4,2,6.1
7.7,105.3,1114.1,588.2,13,835.5,470.6,0.0,3.2,20,5,8.6
37.3,87.8,1083.6,807.1,19,812.7,645.6,32.9,2.5,15,3,6.9
0.5,78.9,126.1,114.2,2,94.5,91.3,0.0,6.0,22,5,0.0
33.7,84.6,175.7,1024.8,4,131.8,819.9,36.6,4.5,17,0,7.0
6.6,83.1,604.7,85.5,7,453.5,68.4,11.2,2.8,1,5,3.8
2.5,107.0,145.8,195.5,2,109.4,156.4,1.3,6.0,14,2,5.1
23.9,65.6,427.8,700.6,7,320.8,560.5,17.7,3.2,21,3,5.5
19.8,71.3,195.1,892.5,2,146.3,714.0,15.6,5.1,10,5,10.0
42.0,103.7,770.5,110.0,10,577.9,88.0,36.8,3.8,9,3,15.0
26.6,74.3,1140.4,1106.5,13,855.3,885.2,19.7,7.6,2,4,13.4
32.5,101.2,1196.1,1168.9,22,897.1,935.1,30.0,3.4,12,6,17.0
6.6,115.6,462.8,735.0,7,347.1,588.0,7.5,4.5,12,5,8.7
3.9,77.8,726.8,587.9,9,545.1,470.3,4.4,7.8,23,4,12.3
27.8,97.3,1030.4,894.8,13,772.8,715.9,25.7,3.9,2,2,10.8
32.9,64.2,158.6,407.5,3,119.0,326.0,31.2,5.9,9,4,8.7
93.1,98.6,833.7,602.1,10,625.3,481.6,90.7,3.9,3,3,13.3
10.6,88.6,502.4,1101.1,12,376.8,880.8,2.2,2.7,13,3,5.3
9.3,93.5,263.3,1147.7,3,197.4,918.1,8.1,5.8,22,4,8.3
30.0,73.4,495.2,1113.9,10,371.4,891.2,25.0,7.5,16,6,16.4
8.3,55.1,109.6,329.7,2,82.2,263.8,0.0,4.7,0,0,0.0
53.4,94.1,840.6,294.3,13,630.4,235.5,53.3,5.8,14,4,15.7
39.1,47.9,318.2,371.2,5,238.7,297.0,34.0,5.7,21,0,0.0
11.2,79.3,387.5,540.7,6,290.6,432.6,10.3,4.5,20,6,7.3
27.8,101.9,162.9,390.7,2,122.2,312.6,30.0,5.7,1,4,2.8
28.1,88.5,1040.3,461.6,18,780.2,369.3,21.3,3.6,17,3,16.9
2.2,120.1,602.3,752.4,12,451.7,601.9,0.6,4.3,6,5,3.1
46.6,103.5,695.1,919.8,9,521.3,735.8,35.5,4.7,21,3,4.8
14.1,73.2,691.9,888.0,12,518.9,710.4,19.7,7.2,12,4,11.9
35.0,85.5,504.4,981.0,8,378.3,784.8,26.2,4.1,23,1,7.9
7.7,84.1,247.2,58.0,3,185.4,46.4,3.1,5.8,2,0,0.0
45.2,56.5,899.3,76.3,11,674.4,61.1,49.9,3.3,2,1,14.5
9.9,68.1,169.9,951.5,2,127.4,761.2,6.7,3.5,12,3,1.6
0.2,74.9,142.6,649.0,3,106.9,519.2,0.0,5.9,20,6,6.7
47.2,48.3,858.0,702.2,10,643.5,561.8,48.7,6.6,3,0,17.6
1.9,85.9,266.4,82.1,3,199.8,65.6,3.4,4.8,15,5,0.2
7.7,80.5,382.0,321.3,6,286.5,257.0,2.5,4.0,7,6,9.3
59.9,54.9,580.8,773.3,7,435.6,618.6,55.3,7.5,21,4,12.8
60.2,92.3,550.2,1033.8,8,412.7,827.1,56.0,2.8,7,0,12.0
17.0,97.9,856.1,1102.0,14,642.1,881.6,14.0,6.3,15,0,14.4
20.0,89.1,755.6,610.5,13,566.7,488.4,8.5,6.1,22,6,14.5
11.9,79.2,780.4,663.7,11,585.3,530.9,9.0,6.1,1,2,10.1
6.9,95.6,862.6,1003.0,17,646.9,802.4,13.9,7.6,8,5,20.8
8.0,97.2,365.3,654.4,8,274.0,523.5,1.5,6.4,12,0,14.2
22.3,90.5,400.4,629.9,10,300.3,503.9,17.4,3.8,21,5,7.2
27.9,70.2,536.8,1088.0,10,402.6,870.4,20.0,4.1,21,3,4.4
31.4,90.0,382.8,952.1,6,287.1,761.7,32.4,4.3,11,5,16.2
31.2,106.5,1182.2,1092.7,17,886.7,874.2,35.2,2.2,1,1,8.0
1.9,74.3,980.6,277.5,18,735.4,222.0,5.8,7.5,8,1,15.8
13.6,122.8,214.3,638.8,2,160.7,511.0,5.4,2.4,0,5,0.0
1.2,75.5,26.6,1014.1,1,20.0,811.3,1.7,6.2,5,4,0.0
15.9,85.6,70.5,151.2,1,52.9,120.9,21.1,6.4,23,2,1.4
11.7,72.9,308.0,957.7,7,231.0,766.2,12.2,7.1,1,1,13.9
43.7,89.0,154.9,235.9,3,116.1,188.7,44.1,5.3,2,6,8.5
8.6,53.6,649.3,973.6,15,487.0,778.9,4.3,6.4,14,1,12.8
2.5,75.2,1032.4,742.2,15,774.3,593.7,1.6,3.8,6,0,5.6
3.1,65.3,889.4,248.0,11,667.0,198.4,7.3,6.5,12,5,9.9
28.7,87.4,274.4,578.6,6,205.8,462.8,28.3,4.1,15,3,10.2
19.3,102.9,491.2,824.6,8,368.4,659.7,11.0,7.4,12,5,3.1
2.1,96.6,619.3,767.9,15,464.5,614.4,0.0,3.0,11,5,20.4
1.8,42.3,976.0,524.2,12,732.0,419.3,5.8,3.9,16,3,5.4
24.1,121.8,1010.2,1081.3,13,757.6,865.0,23.8,5.0,20,4,13.8
1.5,90.3,1093.5,632.7,25,820.1,506.2,0.1,6.7,10,3,24.1
34.5,71.0,620.9,616.9,11,465.7,493.5,29.7,6.5,21,1,11.9
24.5,87.8,839.2,93.5,10,629.4,74.8,28.4,3.3,6,0,5.5
1.7,88.2,151.9,1108.1,3,113.9,886.5,8.0,2.9,12,3,6.3
1.8,73.0,687.0,229.0,10,515.3,183.2,6.1,3.8,9,2,14.3
86.3,88.6,313.5,643.4,5,235.1,514.8,91.5,4.9,9,2,20.7
9.4,74.1,529.4,968.2,8,397.1,774.6,5.6,5.2,12,2,6.8
9.3,77.7,768.2,274.2,9,576.1,219.4,4.8,4.6,22,3,4.3
33.5,72.6,323.2,642.3,4,242.4,513.8,30.7,6.0,18,0,10.1
58.8,59.2,81.6,304.0,1,61.2,243.2,57.0,4.6,22,3,6.6
85.4,87.6,32.1,916.4,1,24.1,733.2,90.5,7.7,16,1,7.8
28.0,95.5,46.1,685.9,1,34.6,548.7,31.8,3.6,19,3,9.3
9.4,94.3,29.9,1030.1,1,22.4,824.0,10.1,5.8,6,6,8.6
1.7,99.8,150.2,1075.6,2,112.7,860.5,0.0,5.7,22,6,1.4
30.0,90.8,302.6,785.5,4,226.9,628.4,19.6,3.7,3,5,7.0
16.3,75.4,281.0,876.0,5,210.8,700.8,15.5,4.5,16,2,2.5
11.0,100.1,1184.4,668.1,29,888.3,534.5,13.4,4.2,23,2,19.9
47.4,60.6,381.1,473.6,6,285.8,378.9,45.0,3.0,3,5,5.1
2.4,68.8,170.4,784.8,2,127.8,627.8,9.9,4.9,17,0,6.4
13.6,67.6,663.8,1091.8,10,497.8,873.4,6.2,4.3,19,4,12.9
0.2,104.4,1032.4,511.7,21,774.3,409.3,0.0,3.1,7,2,4.8
12.6,102.0,820.1,391.0,20,615.1,312.8,7.3,4.7,7,2,14.6
1.2,93.8,369.4,478.4,6,277.0,382.7,0.0,4.5,20,4,11.6
2.5,104.3,682.7,533.8,8,512.0,427.0,3.2,2.8,15,3,4.2
2.5,69.2,863.5,106.8,10,647.6,85.4,0.0,2.8,14,2,7.1
21.0,91.3,879.2,608.2,10,659.4,486.5,11.2,5.9,17,0,9.1
27.4,82.7,806.5,603.3,11,604.9,482.6,29.9,6.2,22,6,13.7
17.5,100.2,1047.6,714.4,15,785.7,571.5,6.7,7.6,18,3,18.4
65.5,82.9,1046.7,448.1,15,785.0,358.5,58.1,2.5,5,3,12.9
9.4,78.1,703.1,743.5,11,527.4,594.8,0.0,2.7,8,2,14.5
6.7,94.7,527.2,1056.3,7,395.4,845.0,5.8,2.3,15,3,0.0
40.6,100.8,777.1,1147.5,13,582.8,918.0,39.5,5.2,20,3,14.5
5.1,73.0,985.5,708.7,13,739.1,566.9,12.6,5.7,8,0,7.8
66.1,83.9,26.7,70.3,1,20.0,56.2,68.6,4.4,19,3,8.0
0.2,65.9,1190.6,1163.7,22,892.9,931.0,5.5,6.8,16,5,18.1
70.1,40.0,235.8,852.9,3,176.9,682.3,69.5,6.1,3,2,14.2
0.9,88.6,574.9,416.4,7,431.2,333.1,0.0,7.9,14,2,10.1
44.4,96.0,1049.0,193.6,16,786.7,154.9,43.0,2.8,10,5,17.1
15.0,89.7,285.5,189.2,7,214.2,151.4,16.0,2.3,13,6,6.2
99.1,49.9,582.6,217.9,7,437.0,174.4,100.7,3.6,16,5,9.2
1.5,78.7,176.4,73.8,2,132.3,59.0,0.0,2.1,12,5,4.0
16.1,45.1,486.2,1084.5,8,364.6,867.6,16.6,7.6,8,4,11.9
69.7,109.7,229.0,658.1,3,171.8,526.5,63.0,3.8,23,1,10.4
14.8,65.5,449.1,846.0,7,336.8,676.8,7.6,5.3,15,4,3.2
19.9,107.6,460.7,997.2,7,345.5,797.7,12.3,3.9,7,0,5.1
23.8,102.0,1191.9,954.0,14,894.0,763.2,21.9,3.5,13,0,8.5
12.1,68.8,1193.9,1061.5,25,895.4,849.2,4.2,2.9,14,6,11.7
19.8,64.6,155.4,1161.4,3,116.6,929.1,15.6,3.9,6,2,0.9
17.6,91.3,876.6,538.1,22,657.5,430.5,20.1,5.7,10,1,24.2
46.3,69.8,81.1,1141.4,1,60.8,913.1,39.1,7.8,2,4,1.5
0.9,86.8,55.6,873.5,1,41.7,698.8,0.0,5.3,6,6,7.2
6.6,76.3,144.3,103.4,3,108.2,82.7,5.0,5.2,21,6,0.4
60.1,52.9,1159.3,824.5,29,869.5,659.6,59.3,2.2,4,1,7.4
44.2,44.9,1130.2,830.3,22,847.7,664.3,39.7,7.0,8,2,28.0
12.2,89.1,248.8,1088.9,4,186.6,871.1,14.1,2.3,19,6,5.8
19.4,74.9,210.8,460.1,5,158.1,368.0,20.3,7.4,18,6,7.9
6.5,75.0,303.8,710.2,4,227.9,568.2,10.2,5.2,12,3,9.3
4.2,97.5,628.3,34.4,9,471.3,27.5,1.8,3.0,18,2,10.8
12.5,106.1,692.3,411.8,15,519.2,329.5,7.9,4.7,15,6,11.8
8.7,80.1,281.5,93.4,4,211.1,74.8,3.3,8.0,1,2,1.9
17.5,78.9,912.8,635.8,10,684.6,508.6,17.1,3.8,0,1,5.0
1.6,94.0,385.3,984.6,4,289.0,787.7,0.0,3.6,2,0,0.3
73.3,60.6,1108.1,263.6,28,831.1,210.9,68.5,2.7,23,3,10.5
85.7,89.0,794.9,642.4,10,596.2,513.9,81.4,5.6,11,3,20.7
24.0,94.9,534.9,260.7,9,401.2,208.6,18.5,2.5,5,6,6.8
15.4,97.2,952.1,162.4,22,714.1,129.9,14.4,6.6,1,0,19.9
7.4,50.1,985.1,623.0,18,738.9,498.4,0.0,7.5,23,1,18.3
33.6,71.3,362.8,113.4,6,272.1,90.7,33.1,7.6,15,1,5.4
23.1,69.2,420.9,713.1,6,315.6,570.5,24.5,2.6,4,0,1.9
3.5,86.8,1124.4,57.0,15,843.3,45.6,0.0,5.3,11,4,13.4
48.4,93.7,214.4,145.9,3,160.8,116.7,56.0,2.6,3,1,13.0
34.6,111.9,69.7,669.0,1,52.3,535.2,32.7,5.4,13,6,8.7
59.8,76.1,555.8,717.9,10,416.8,574.3,50.0,6.9,16,0,16.6
25.9,76.0,965.4,54.2,17,724.1,43.4,22.5,5.2,11,4,24.8
19.0,105.7,930.6,696.6,16,697.9,557.3,17.3,7.2,12,2,18.1
10.8,90.3,1105.0,1009.4,12,828.8,807.5,11.1,6.8,16,3,13.7
54.0,107.8,649.2,872.3,8,486.9,697.9,50.7,3.7,19,0,18.6
40.2,90.2,138.1,174.8,2,103.6,139.8,33.1,5.8,14,6,8.3
0.9,64.2,714.7,719.1,10,536.0,575.3,0.0,2.0,8,1,12.8
0.5,61.0,938.5,813.3,16,703.9,650.6,0.0,4.4,9,3,13.1
9.4,57.1,130.1,63.9,2,97.6,51.1,4.7,3.4,5,4,0.0
33.3,96.9,223.7,1029.3,3,167.8,823.4,25.6,7.6,16,6,6.2
87.3,106.4,34.5,1089.4,1,25.9,871.5,81.6,4.4,11,3,14.6
3.3,118.3,720.5,1023.5,9,540.4,818.8,4.6,5.9,23,6,4.4
18.0,100.2,1066.3,993.1,17,799.8,794.5,24.3,6.4,8,5,18.4
9.6,105.9,811.4,899.1,15,608.5,719.2,11.4,6.6,1,0,12.4
70.1,74.6,1178.8,767.4,15,884.1,614.0,74.6,6.4,15,2,16.3
36.9,64.2,94.4,820.8,1,70.8,656.6,39.8,3.7,15,4,3.3
36.4,100.3,1085.5,971.5,18,814.2,777.2,38.6,6.1,21,6,20.5
12.6,92.5,980.6,801.7,13,735.5,641.4,9.0,5.3,22,4,12.8
10.7,86.9,390.8,406.7,9,293.1,325.4,9.4,5.6,0,4,2.7
6.4,92.0,1168.8,463.6,18,876.6,370.9,2.3,2.0,20,3,10.6
1.2,90.8,359.8,1078.5,9,269.8,862.8,0.0,3.5,10,2,8.2
40.0,108.1,1069.4,40.2,26,802.0,32.2,38.3,7.6,20,6,35.8
33.5,108.3,1059.3,844.6,15,794.5,675.7,35.1,3.7,2,0,10.0
163.4,94.8,914.0,1146.6,17,685.5,917.3,163.6,4.6,1,0,22.0
113.9,100.2,684.9,853.3,9,513.7,682.7,111.1,3.1,13,3,13.6
16.2,94.3,161.6,1192.8,2,121.2,954.3,14.5,2.8,0,5,0.0
29.3,76.7,647.7,831.3,14,485.8,665.0,29.5,3.3,5,6,1.0
57.9,98.6,441.0,60.5,6,330.8,48.4,59.3,5.3,6,0,10.3
37.9,59.9,954.8,995.9,15,716.1,796.7,28.3,7.5,1,0,19.6
5.7,104.0,914.6,355.9,20,685.9,284.7,0.0,4.0,1,2,11.2
12.0,63.5,1094.5,546.3,15,820.9,437.1,15.5,3.9,14,3,5.2
2.8,90.1,37.5,388.3,1,28.1,310.6,0.5,5.4,20,3,0.7
61.6,69.8,974.7,336.9,15,731.1,269.5,57.5,4.1,4,4,14.9
18.6,95.0,1127.4,529.1,13,845.5,423.2,15.3,7.5,12,0,19.9
5.2,84.4,951.4,466.9,14,713.5,373.5,1.9,4.3,18,1,16.7
22.3,56.3,173.6,767.3,2,130.2,613.9,23.1,4.9,18,5,7.1
19.3,92.6,115.9,979.5,2,86.9,783.6,11.7,5.2,14,2,4.4
8.9,74.6,44.6,370.6,1,33.4,296.5,7.0,6.7,0,2,5.4
2.4,100.9,761.9,272.2,12,571.4,217.8,1.6,5.4,2,6,8.0
22.3,85.0,763.0,806.9,16,572.3,645.5,22.3,3.4,17,5,8.6
14.7,92.1,1184.6,811.0,17,888.4,648.8,13.8,2.7,16,5,0.0
29.6,67.8,489.7,1083.3,7,367.3,866.7,30.2,7.6,20,1,14.6
14.7,74.4,411.6,38.8,6,308.7,31.1,9.8,6.8,7,4,6.2
38.2,76.7,756.8,1026.6,17,567.6,821.3,31.5,2.1,10,1,6.7
16.1,100.4,994.2,634.8,16,745.7,507.8,26.3,6.9,19,5,17.0
16.5,115.2,1125.4,753.1,26,844.0,602.5,13.0,5.5,7,6,18.5
41.9,70.5,967.7,127.8,13,725.8,102.3,38.9,5.1,20,5,14.7
10.3,104.4,523.5,530.5,7,392.6,424.4,11.7,2.1,5,1,8.6
2.9,45.9,769.2,288.2,9,576.9,230.6,8.9,6.7,5,4,15.1
0.6,63.5,1030.4,320.0,22,772.8,256.0,0.0,3.2,5,1,6.0
28.1,67.7,598.9,614.8,9,449.2,491.9,21.1,6.4,1,6,15.5
19.4,60.7,275.7,978.7,4,206.8,783.0,11.2,2.1,9,4,13.1
24.4,56.5,220.3,897.7,3,165.2,718.1,30.3,6.8,9,5,11.9
4.8,92.4,20.2,717.4,1,15.1,573.9,0.0,2.1,8,5,2.0
2.9,81.1,867.5,656.5,18,650.6,525.2,0.8,3.4,22,5,8.6
0.3,91.8,151.1,524.2,2,113.3,419.4,0.0,3.6,2,0,0.0
8.6,97.4,307.7,1167.8,4,230.8,934.2,0.0,2.9,1,4,0.7
17.8,89.8,371.5,681.0,5,278.6,544.8,14.4,4.9,3,5,6.1
10.0,96.8,681.2,319.7,8,510.9,255.7,3.3,3.7,7,3,6.4
11.5,83.7,489.6,291.5,10,367.2,233.2,6.0,8.0,8,6,13.6
46.9,63.6,816.1,741.4,9,612.1,593.1,54.9,5.5,1,3,13.4
8.6,104.0,85.7,636.9,2,64.2,509.5,8.7,5.4,15,1,0.0
14.4,74.4,166.2,29.1,2,124.7,23.3,17.1,3.3,5,3,8.3
30.6,68.2,609.1,999.5,7,456.8,799.6,32.7,4.5,7,4,12.9
10.1,81.8,417.6,850.9,6,313.2,680.7,7.6,2.7,2,0,6.0
19.5,68.6,369.1,801.0,5,276.8,640.8,15.3,6.6,10,4,9.5
39.7,77.5,99.1,101.2,2,74.3,80.9,38.9,4.0,19,2,6.5
59.7,91.2,1076.9,447.2,26,807.7,357.8,58.6,6.5,4,1,29.7
3.2,91.3,836.3,1123.8,19,627.3,899.0,0.0,4.2,11,5,15.1
52.2,68.8,163.5,1037.9,4,122.6,830.3,50.9,7.9,22,0,6.0
13.6,76.2,96.8,356.9,1,72.6,285.6,8.0,3.0,10,1,9.9
6.0,104.3,1170.3,205.3,23,877.8,164.3,3.1,2.0,4,2,5.1
12.3,93.9,823.8,549.9,10,617.8,439.9,8.6,5.6,19,3,9.4
78.3,122.4,512.6,439.9,8,384.4,351.9,69.9,7.7,19,2,23.0
13.6,106.2,848.0,825.0,11,636.0,660.0,0.0,5.9,20,3,10.9
8.0,105.6,912.5,1160.4,13,684.4,928.3,1.3,2.5,2,1,5.7
20.1,60.0,940.4,448.3,17,705.3,358.7,27.1,5.2,8,1,23.4
5.5,98.7,583.9,93.4,11,437.9,74.7,1.9,7.5,17,5,19.0
1.6,84.0,527.3,1079.2,9,395.4,863.3,3.5,2.0,11,5,8.5
2.8,75.1,33.0,64.8,1,24.8,51.8,0.0,3.0,22,1,0.0
2.7,88.0,1113.3,1144.3,16,835.0,915.4,0.0,6.9,3,5,12.3
3.3,102.0,731.9,804.2,14,548.9,643.4,0.0,7.4,23,4,21.7
3.0,94.0,259.7,1131.2,3,194.8,905.0,0.0,6.2,6,0,6.4
20.5,69.2,1105.1,255.6,26,828.8,204.5,30.6,7.9,23,4,29.1
4.0,98.4,1099.6,68.0,15,824.7,54.4,4.3,2.5,19,6,5.1
8.5,73.5,1187.2,596.1,19,890.4,476.9,15.0,5.3,10,6,12.3
45.4,88.9,1051.4,551.7,14,788.5,441.4,42.1,6.1,1,2,19.6
12.8,79.5,1197.4,411.2,14,898.0,328.9,17.7,6.2,22,6,17.8
22.0,81.1,308.7,1150.0,4,231.5,920.0,30.4,6.8,11,0,11.9
3.8,98.8,1013.9,990.6,16,760.4,792.5,1.2,7.5,8,1,17.9
4.3,66.3,991.2,800.7,21,743.4,640.5,0.0,4.2,5,1,15.4
0.8,120.0,292.5,212.2,4,219.4,169.7,0.0,2.3,6,1,0.0
3.7,52.2,136.2,886.5,2,102.1,709.2,0.2,4.2,5,3,8.9
6.5,74.2,1175.7,877.9,27,881.8,702.3,4.9,6.0,17,2,27.3
3.9,91.7,369.3,521.6,5,277.0,417.3,12.1,3.3,12,4,0.5
1.9,95.5,1047.7,1111.2,19,785.7,889.0,0.0,6.9,8,5,23.1
2.6,83.2,24.9,217.0,1,18.7,173.6,0.9,3.3,20,2,2.8
12.4,84.0,44.8,335.5,1,33.6,268.4,1.3,2.1,18,6,1.3
4.6,92.4,569.7,94.6,9,427.3,75.7,0.5,5.0,3,3,9.2
9.1,80.8,301.7,958.6,6,226.3,766.9,8.6,6.4,3,3,2.1
14.0,110.1,834.0,753.7,11,625.5,602.9,14.6,4.1,12,2,2.8
23.4,100.1,687.4,391.6,8,515.5,313.3,24.4,6.5,10,3,15.0
0.8,100.7,111.4,213.3,3,83.6,170.6,0.8,4.6,20,5,5.9
32.1,67.6,211.9,67.4,3,158.9,53.9,33.0,3.0,1,0,8.6
19.8,83.6,477.9,216.8,6,358.4,173.4,18.0,2.5,5,1,3.3
1.7,79.6,239.0,554.9,5,179.3,443.9,0.0,6.3,11,4,7.1
41.4,66.9,954.8,311.7,15,716.1,249.3,30.1,4.3,22,3,5.3
50.7,91.5,511.0,325.6,11,383.2,260.5,46.0,7.5,7,4,17.2
1.3,75.3,130.2,1053.2,2,97.7,842.5,0.0,5.2,4,1,1.8
6.5,96.8,591.5,627.9,7,443.6,502.3,10.8,4.1,23,5,9.8
32.8,65.7,127.2,880.5,3,95.4,704.4,30.3,4.1,23,2,7.9
27.6,115.9,172.1,62.1,2,129.1,49.7,24.6,2.8,19,6,9.1
4.1,68.9,302.7,450.9,4,227.1,360.7,4.0,5.6,22,5,1.0
4.7,88.9,1034.2,585.4,18,775.7,468.3,1.3,5.5,8,1,15.4
9.3,99.3,1111.0,240.0,15,833.3,192.0,11.3,6.8,3,4,16.1
13.3,74.7,995.0,161.8,25,746.2,129.5,21.1,3.2,8,0,17.2
19.3,100.3,414.2,1047.0,5,310.7,837.6,28.2,3.7,11,2,15.9
9.2,62.9,341.5,1128.5,5,256.1,902.8,7.7,2.6,3,3,7.6
12.4,111.1,668.0,113.0,9,501.0,90.4,12.1,3.8,16,0,4.9
27.5,85.3,871.8,431.8,12,653.8,345.5,33.4,4.6,19,1,15.6
0.7,74.3,1192.2,1150.8,18,894.1,920.6,0.0,7.8,1,4,14.6
5.8,79.6,175.3,118.1,2,131.4,94.5,7.2,5.9,21,4,2.5
25.0,99.6,78.2,779.5,1,58.6,623.6,17.3,6.7,12,4,7.1
45.1,74.5,839.3,1167.2,10,629.5,933.8,41.6,4.0,14,1,7.9
14.3,71.5,1002.0,1174.3,14,751.5,939.4,18.1,2.9,7,2,6.4
15.2,81.0,1018.7,576.0,21,764.0,460.8,9.6,3.5,5,3,6.9
2.3,63.8,820.6,212.0,10,615.4,169.6,0.0,3.5,8,0,7.0
11.9,117.8,1145.7,258.5,15,859.3,206.8,2.0,5.5,21,1,13.7
15.2,74.8,623.0,1069.7,8,467.2,855.8,23.2,4.0,10,4,11.1
5.6,100.0,1098.3,1095.8,12,823.7,876.6,9.9,7.1,22,3,8.4
6.3,88.8,1162.0,737.3,27,871.5,589.8,5.2,7.9,11,4,31.6
9.5,67.3,1019.6,924.1,17,764.7,739.3,10.0,4.1,20,1,13.7
0.4,84.9,385.5,893.1,7,289.1,714.5,0.4,6.2,23,4,9.7
7.8,99.1,251.5,800.9,4,188.7,640.8,12.7,5.9,1,1,4.9
4.8,81.6,666.8,996.2,8,500.1,796.9,0.2,3.2,1,6,0.5
7.9,106.5,554.6,828.8,6,415.9,663.0,9.6,7.5,10,4,14.5
2.6,103.4,1055.8,650.1,17,791.8,520.1,5.9,3.2,7,1,4.7
44.2,101.5,138.0,299.6,2,103.5,239.7,48.3,6.4,5,4,2.9
18.0,76.7,324.1,897.8,4,243.1,718.2,4.7,4.1,17,3,4.6
22.7,65.6,907.1,578.7,12,680.3,462.9,17.7,4.2,21,3,6.7
31.1,74.0,132.1,367.9,3,99.1,294.3,24.0,4.7,10,4,2.7
13.8,88.5,398.5,966.3,6,298.9,773.0,12.5,7.2,23,4,1.0
1.8,94.8,476.8,842.1,5,357.6,673.7,0.0,2.8,5,1,5.1
15.4,45.9,754.7,1126.1,8,566.0,900.8,3.2,2.3,8,1,8.3
17.7,84.9,206.6,215.2,3,154.9,172.2,26.5,4.4,21,1,5.5
27.4,87.8,1035.5,786.0,12,776.6,628.8,28.5,2.3,13,2,6.7
11.3,80.0,548.1,308.2,11,411.1,246.6,9.9,6.1,18,4,15.7
2.7,108.2,1102.1,1086.2,21,826.6,869.0,2.5,6.6,20,5,18.4
6.7,92.6,572.1,137.4,7,429.1,109.9,5.4,7.1,5,4,9.1
9.0,108.6,344.5,794.3,7,258.4,635.4,12.0,6.5,19,4,12.0
20.8,81.1,187.4,953.5,4,140.5,762.8,15.6,7.5,18,4,6.8
16.9,101.9,24.4,438.8,1,18.3,351.0,15.8,6.5,9,1,9.1
8.8,114.4,647.9,1145.9,9,486.0,916.7,7.9,7.6,13,6,9.8
86.1,108.6,146.4,1023.9,2,109.8,819.1,78.9,3.2,4,6,6.2
18.6,65.3,482.2,367.6,9,361.7,294.1,23.0,5.0,11,6,9.5
5.4,80.4,715.3,28.9,8,536.5,23.1,1.2,8.0,18,6,14.4
2.1,78.8,345.3,370.1,4,259.0,296.0,5.2,6.1,1,1,8.0
3.3,93.8,226.8,351.9,4,170.1,281.6,1.9,7.3,14,2,5.3
5.6,97.4,934.2,1070.2,15,700.6,856.1,11.8,2.2,5,6,9.6
3.5,69.9,1137.2,1161.2,15,852.9,929.0,0.0,7.2,7,1,18.2
4.1,86.2,138.5,103.1,2,103.9,82.5,0.0,6.2,13,5,1.6
6.7,48.6,203.6,576.1,3,152.7,460.9,0.2,3.0,2,4,3.0
3.8,111.0,1152.8,667.0,19,864.6,533.6,2.5,2.2,5,4,8.1
45.4,75.8,64.6,129.6,1,48.4,103.7,51.1,3.6,10,6,6.9
1.7,86.0,1173.6,465.4,23,880.2,372.4,7.6,7.5,8,0,30.5
14.9,79.4,25.5,394.2,1,19.1,315.3,1.3,6.0,16,1,7.5
10.6,105.6,1050.9,652.5,14,788.2,522.0,9.8,7.5,18,0,15.6
80.8,33.9,382.6,800.2,5,287.0,640.2,62.7,4.7,1,4,23.8
2.4,84.7,1127.5,850.1,14,845.7,680.1,4.4,7.6,7,1,16.8
10.1,83.1,394.0,181.4,7,295.5,145.1,13.7,4.8,9,6,9.9
69.8,76.8,792.1,979.3,10,594.1,783.4,67.6,3.2,21,4,4.1
40.1,116.1,114.4,820.7,3,85.8,656.5,38.5,2.9,2,0,5.2
34.0,69.0,305.9,1069.1,5,229.5,855.3,32.3,8.0,9,6,14.2
6.0,98.9,932.9,550.2,12,699.7,440.2,0.0,4.0,23,0,7.9
3.7,91.4,643.8,1074.8,9,482.9,859.8,3.9,3.0,22,3,0.0
22.1,107.7,1115.0,1041.6,18,836.3,833.3,18.9,2.1,1,6,4.8
53.0,73.0,525.9,537.3,7,394.4,429.9,55.7,3.7,6,3,12.0
16.3,71.8,1046.4,469.7,12,784.8,375.8,13.7,7.3,0,1,14.8
17.0,104.7,549.8,1120.7,8,412.3,896.6,10.6,5.2,23,1,10.5
6.6,92.7,1175.5,863.9,15,881.6,691.1,0.0,5.8,11,6,16.0
29.3,57.2,1152.6,1115.3,13,864.5,892.3,18.0,7.5,4,1,15.1
4.1,75.3,408.4,960.4,5,306.3,768.3,8.7,5.1,8,1,10.9
7.8,92.0,1065.4,739.0,16,799.0,591.2,3.5,7.0,11,1,19.1
11.1,100.1,1020.2,156.7,24,765.1,125.4,10.8,3.9,10,1,11.6
14.2,72.8,268.6,363.9,5,201.5,291.2,21.1,7.9,11,5,17.7
5.6,32.5,756.7,1163.2,11,567.5,930.6,0.7,2.5,2,1,10.2
2.4,94.4,105.8,396.9,1,79.3,317.5,0.0,6.3,11,0,7.0
18.9,63.0,1007.3,130.0,16,755.5,104.0,16.2,6.0,22,0,9.0
6.8,48.7,226.0,854.9,3,169.5,683.9,5.0,3.2,23,0,5.4
17.4,34.0,103.6,886.1,2,77.7,708.9,24.8,4.3,0,5,6.0
3.4,99.7,492.3,356.8,6,369.2,285.5,9.2,3.9,5,4,8.0
13.1,87.3,700.8,371.3,11,525.6,297.0,14.2,2.6,10,6,11.4
15.2,80.9,1028.8,573.3,16,771.6,458.6,20.5,5.5,1,6,12.7
1.1,110.0,1169.6,45.7,15,877.2,36.6,0.0,8.0,7,2,18.6
8.2,96.5,538.6,951.4,10,404.0,761.1,7.7,5.4,21,4,3.6
2.9,114.1,91.3,394.2,2,68.5,315.3,0.0,5.3,10,1,6.3
1.3,59.9,904.0,1027.4,14,678.0,822.0,0.0,2.2,11,2,14.2
92.0,84.4,686.9,967.1,10,515.2,773.7,96.0,2.8,18,0,19.8
7.8,55.9,548.5,800.5,7,411.4,640.4,8.4,5.1,19,0,12.9
33.2,80.9,384.9,403.4,4,288.7,322.7,31.3,7.9,22,3,7.9
5.9,80.5,612.8,629.3,14,459.6,503.4,3.9,7.3,8,1,17.2
22.9,96.3,419.6,544.9,6,314.7,435.9,13.4,4.0,10,1,5.4
28.6,85.8,913.3,419.9,12,685.0,335.9,21.7,5.3,17,3,14.4
18.1,96.2,661.8,1020.8,7,496.3,816.6,17.8,5.3,8,4,13.1
12.8,97.7,1054.7,590.5,12,791.0,472.4,8.1,6.1,14,3,6.7
10.6,123.8,661.4,1002.6,9,496.0,802.1,7.5,6.1,21,5,4.8
8.6,79.3,301.1,144.2,5,225.9,115.3,6.1,6.7,17,1,10.9
53.1,68.1,1024.3,186.4,21,768.2,149.1,47.6,2.1,7,5,14.1
35.5,89.4,677.5,1173.2,11,508.1,938.6,28.7,7.7,3,5,21.2
67.1,70.6,264.1,713.6,4,198.1,570.9,57.0,2.4,12,5,7.4
2.7,111.7,755.7,621.5,10,566.8,497.2,0.0,4.9,14,0,5.7
26.3,79.9,442.1,637.3,6,331.6,509.9,27.3,7.5,7,3,11.7
55.7,74.8,1016.4,274.0,13,762.3,219.2,45.5,4.9,15,2,15.8
4.0,76.5,554.9,868.1,9,416.2,694.5,1.9,2.4,10,0,6.6
1.4,97.9,877.2,120.0,11,657.9,96.0,0.8,3.4,22,4,5.0
27.0,82.2,132.7,696.5,3,99.5,557.2,20.1,5.5,22,0,3.0
17.1,73.4,487.3,693.5,10,365.5,554.8,22.2,2.5,12,4,2.5
36.9,115.0,1180.2,1098.7,25,885.2,879.0,33.0,4.5,6,0,17.3
3.0,69.6,974.0,640.9,12,730.5,512.7,0.5,4.0,17,1,15.9
31.7,85.6,208.7,181.7,5,156.5,145.4,28.9,6.9,7,6,5.3
4.5,96.7,347.8,695.8,4,260.8,556.7,0.0,2.7,1,5,0.0
3.6,55.6,409.2,127.8,8,306.9,102.2,6.6,6.1,2,6,4.0
3.6,93.6,787.4,260.5,12,590.6,208.4,0.0,4.4,9,4,13.1
33.7,66.0,913.3,56.7,11,684.9,45.4,30.5,5.5,6,4,12.7
21.9,99.8,904.4,625.7,13,678.3,500.5,22.9,3.2,22,3,12.4
14.8,67.7,621.7,119.7,12,466.2,95.8,20.1,5.7,6,0,15.2
8.9,97.5,976.8,573.9,18,732.6,459.1,1.5,6.0,3,4,15.5
41.9,104.9,535.8,1120.9,6,401.8,896.7,37.7,2.4,20,4,12.7
10.0,100.5,166.2,869.3,3,124.6,695.5,14.9,6.9,22,0,2.6
33.9,89.5,686.0,111.3,10,514.5,89.1,34.2,7.2,7,0,15.0
11.6,80.8,1143.7,284.6,18,857.8,227.7,12.9,2.4,18,2,10.8
9.5,74.6,955.7,814.9,16,716.8,651.9,2.2,5.6,21,3,15.2
12.4,111.5,702.9,1075.7,14,527.2,860.6,8.5,5.6,11,4,16.6
7.2,72.4,783.2,58.8,11,587.4,47.1,4.3,2.1,9,0,6.3
27.5,66.3,1118.1,978.7,15,838.5,783.0,21.2,4.1,13,4,6.7
14.0,97.0,525.4,682.9,10,394.1,546.4,3.6,7.8,11,2,13.5
5.3,70.7,411.0,664.4,5,308.3,531.5,0.7,5.3,20,2,8.9
46.0,67.9,1173.1,1150.2,14,879.9,920.2,50.7,7.6,19,4,20.2
9.7,59.0,1038.9,902.2,12,779.1,721.8,8.0,6.1,3,3,9.7
15.7,76.3,401.2,1023.1,8,300.9,818.5,20.6,2.2,18,1,13.2
47.4,83.5,567.3,437.7,10,425.4,350.2,46.3,2.5,6,6,12.3
19.6,89.4,509.8,674.1,6,382.3,539.3,13.8,6.3,20,4,12.7
2.5,102.1,195.9,746.2,4,146.9,596.9,6.9,5.3,0,2,9.2
56.2,94.5,1150.2,399.5,29,862.7,319.6,55.3,2.8,7,3,11.3
19.8,81.6,497.1,692.9,6,372.8,554.3,22.6,5.7,10,5,15.8
8.2,81.4,1052.9,299.3,19,789.7,239.4,0.8,6.9,0,0,12.2
3.0,94.2,243.4,189.2,4,182.6,151.3,6.2,6.5,0,6,4.8
31.6,107.9,666.5,461.3,11,499.9,369.0,34.9,3.5,3,5,6.2
19.4,87.3,48.3,892.4,1,36.2,713.9,18.8,3.5,3,3,5.4
15.2,76.6,921.8,1101.1,16,691.3,880.9,9.2,7.8,10,3,15.5
44.9,67.1,705.5,560.1,8,529.1,448.1,42.6,7.3,0,6,5.8
31.1,59.0,758.2,778.5,11,568.6,622.8,32.1,3.9,9,6,10.7
3.3,97.0,81.0,141.6,1,60.8,113.3,2.5,6.9,3,4,0.0
7.5,95.4,269.0,1087.3,5,201.8,869.8,8.5,3.0,22,3,1.3
5.7,95.4,107.7,691.0,2,80.8,552.8,8.8,3.2,6,0,0.2
27.2,82.7,360.9,940.8,5,270.7,752.6,22.0,3.1,1,6,7.5
0.7,110.3,760.4,957.4,12,570.3,766.0,0.0,2.5,21,5,3.9
16.9,76.3,688.1,322.6,8,516.1,258.1,14.7,7.1,12,4,14.5
28.7,102.2,742.3,644.4,11,556.8,515.5,25.1,5.5,21,2,11.4
41.9,84.3,668.1,1153.4,10,501.1,922.7,43.8,3.6,18,6,16.5
8.4,74.0,342.2,125.8,6,256.6,100.6,1.0,7.1,3,0,8.5
34.4,95.7,308.5,826.0,4,231.4,660.8,37.5,6.8,5,4,4.8
2.3,92.4,181.7,1155.5,3,136.3,924.4,7.1,2.6,21,6,1.0
37.5,91.4,1021.9,374.7,19,766.4,299.7,35.5,5.9,16,4,21.1
2.7,86.5,747.4,1036.5,9,560.6,829.2,1.0,6.3,23,6,1.4
10.1,84.3,240.1,1121.7,3,180.1,897.4,4.3,6.3,8,1,9.5
31.9,128.0,229.1,901.6,3,171.8,721.2,27.2,6.3,1,0,5.4
3.2,106.3,1050.2,293.0,15,787.6,234.4,0.0,3.0,19,3,7.6
5.2,98.0,896.4,414.1,12,672.3,331.3,10.4,3.9,5,0,7.0
25.6,87.0,798.1,62.3,14,598.6,49.8,23.3,7.1,17,6,24.6
25.5,103.1,500.1,1001.1,12,375.1,800.9,16.9,7.4,22,0,7.7
20.5,94.3,329.1,1022.5,4,246.8,818.0,19.8,3.7,21,1,0.0
23.7,85.5,1175.8,766.6,25,881.8,613.3,25.8,2.1,23,6,3.0
15.6,79.5,960.7,436.0,13,720.6,348.8,13.5,7.2,14,3,11.7
5.8,83.5,376.1,110.6,9,282.1,88.5,11.1,4.3,22,5,4.8
8.5,27.9,1020.1,908.6,17,765.1,726.9,10.4,4.0,15,1,13.8
4.0,88.8,915.5,877.3,21,686.7,701.8,0.0,4.1,0,1,9.5
47.8,76.2,370.6,1096.9,6,277.9,877.5,43.1,4.5,9,1,14.1
17.5,113.7,523.3,882.0,7,392.5,705.6,16.6,4.3,9,6,7.1
10.2,85.3,239.4,997.9,5,179.6,798.3,0.0,5.4,20,0,16.1
12.4,63.6,151.0,900.2,3,113.3,720.2,12.1,2.5,5,5,4.8
58.9,84.1,872.9,764.2,10,654.6,611.4,48.0,7.8,22,1,17.6
3.3,66.2,335.7,523.8,5,251.7,419.1,6.4,7.6,3,2,8.4
17.6,93.5,987.7,1084.5,12,740.8,867.6,20.2,7.6,13,3,10.2
14.1,90.2,1194.8,788.1,14,896.1,630.5,14.6,7.3,16,5,13.4
18.9,102.2,110.4,490.1,1,82.8,392.0,13.5,6.0,2,3,2.4
0.4,70.8,578.2,118.5,7,433.6,94.8,0.0,3.3,1,5,1.7
41.1,85.6,966.4,363.0,17,724.8,290.4,36.6,2.3,17,1,12.1
53.8,60.4,951.0,661.6,11,713.2,529.3,46.6,2.6,16,5,12.2
16.7,97.6,916.8,345.2,11,687.6,276.2,13.0,3.9,12,0,7.2
23.9,94.3,431.8,281.1,5,323.9,224.8,25.3,5.0,18,5,11.3
51.1,93.9,555.5,642.3,14,416.7,513.9,49.4,8.0,9,6,17.1
24.6,85.0,722.1,220.4,8,541.5,176.3,29.8,4.6,20,4,6.6
3.3,92.5,1169.2,964.5,15,876.9,771.6,5.1,5.1,21,6,7.3
17.2,113.9,406.5,591.6,5,304.9,473.2,18.5,6.2,23,4,12.0
18.7,79.9,1109.3,697.2,25,832.0,557.7,8.6,3.1,3,0,18.6
11.0,87.5,337.8,193.9,7,253.4,155.1,7.6,7.6,16,1,11.4
26.7,65.4,1187.1,403.0,13,890.3,322.4,19.3,5.2,15,1,9.9
54.5,69.4,810.9,503.9,12,608.2,403.1,51.6,3.7,18,2,16.7
52.0,86.8,566.9,973.7,9,425.2,779.0,46.5,7.6,23,4,18.3
12.0,104.9,743.8,928.8,9,557.9,743.0,8.1,5.8,13,4,14.4
2.4,80.4,341.6,283.1,8,256.2,226.5,5.7,4.9,19,3,6.2
83.8,80.8,343.5,747.1,6,257.6,597.7,84.2,5.5,14,1,13.6
36.5,77.7,154.0,307.3,3,115.5,245.8,39.5,6.5,18,0,10.1
2.7,75.4,154.6,1186.1,3,115.9,948.9,0.0,2.9,2,1,3.9
50.7,90.3,430.3,1143.5,8,322.7,914.8,49.0,7.2,19,1,16.7
40.8,58.0,920.2,684.7,18,690.1,547.7,43.6,7.8,19,2,22.5
14.6,108.1,737.4,844.7,15,553.1,675.8,20.2,5.4,15,5,14.5
17.9,73.0,141.0,965.7,2,105.8,772.6,8.2,6.1,6,5,1.3
10.2,98.0,1025.6,870.8,12,769.2,696.6,6.4,7.2,17,0,15.7
1.1,62.1,729.6,845.8,11,547.2,676.6,4.3,4.2,7,2,7.1
8.2,97.0,1153.8,1151.1,21,865.4,920.9,5.2,8.0,13,2,27.3
32.5,97.1,810.8,723.8,17,608.1,579.1,25.9,6.1,17,2,21.3
0.1,91.9,226.7,770.8,3,170.0,616.7,0.0,4.5,0,5,1.8
8.1,67.1,579.1,1022.1,7,434.3,817.7,1.4,6.1,23,2,8.9
10.2,89.5,785.2,810.5,14,588.9,648.4,0.0,5.1,19,1,11.0
15.4,63.7,53.4,884.9,1,40.0,707.9,13.7,2.7,5,5,2.7
50.5,80.5,37.6,296.3,1,28.2,237.1,53.0,6.8,12,5,9.2
8.5,103.5,172.7,458.1,2,129.5,366.5,0.2,5.4,0,3,4.7
8.5,99.3,317.0,193.8,5,237.7,155.1,7.8,6.8,18,1,7.6
26.8,85.3,526.9,616.8,7,395.2,493.4,29.0,2.9,6,2,7.5
12.0,67.5,595.2,557.8,8,446.4,446.2,10.0,5.2,22,2,9.1
5.1,96.6,182.9,1196.7,2,137.2,957.3,0.0,6.6,23,3,0.0
12.0,85.3,814.6,741.2,17,611.0,593.0,12.0,7.9,15,4,15.8
3.0,43.2,723.4,948.0,8,542.6,758.4,0.8,7.3,13,6,7.7
3.9,99.1,367.5,414.1,6,275.6,331.3,1.1,7.2,1,0,14.2
13.8,84.6,36.1,1001.2,1,27.1,801.0,9.1,3.5,6,2,0.0
10.9,106.6,111.6,745.8,2,83.7,596.6,9.3,7.0,19,6,8.4
49.3,65.3,482.2,842.5,7,361.6,674.0,49.8,3.0,21,2,6.9
9.0,27.8,201.7,367.4,3,151.3,293.9,19.0,3.2,19,1,9.1
17.4,90.0,464.6,667.4,8,348.5,533.9,15.9,2.7,14,2,7.2
20.0,90.2,761.3,768.2,16,570.9,614.5,25.6,7.1,13,2,12.7
0.3,54.6,665.7,715.1,10,499.3,572.1,0.1,2.6,0,0,8.8
21.8,67.4,292.8,1099.9,4,219.6,879.9,19.3,2.8,16,6,0.4
3.9,130.0,425.7,1080.0,8,319.3,864.0,2.7,3.5,15,1,1.9
64.9,79.5,744.6,1165.8,9,558.4,932.6,56.8,5.4,4,6,14.9
3.2,98.2,1035.8,807.6,20,776.9,646.1,2.7,7.3,20,4,24.9
10.7,73.3,908.8,1166.9,15,681.6,933.5,0.0,4.5,23,2,10.5
1.8,47.4,673.0,1002.3,14,504.8,801.9,0.0,5.3,22,2,8.1
115.4,81.9,447.5,339.6,7,335.6,271.7,113.9,3.0,2,4,9.0
14.0,80.2,450.8,524.4,8,338.1,419.5,17.9,3.6,23,3,6.0
18.1,77.8,1057.7,301.3,16,793.3,241.0,23.2,2.8,19,6,10.0
1.4,82.9,66.3,25.0,1,49.7,20.0,0.0,4.5,18,4,13.6
27.7,89.8,1185.8,241.9,28,889.4,193.5,26.5,5.5,1,4,22.4
4.7,82.3,804.0,24.8,10,603.0,19.8,7.6,3.7,13,1,1.6
45.7,62.2,823.7,869.4,11,617.8,695.5,37.0,7.1,22,5,13.2
4.6,93.8,64.8,522.1,1,48.6,417.7,4.6,7.9,20,4,8.6
4.2,49.9,734.5,388.8,17,550.9,311.1,0.0,2.7,18,1,14.6
0.7,48.1,592.0,918.8,7,444.0,735.1,0.0,2.1,12,5,1.5
12.8,98.3,144.8,1002.3,3,108.6,801.9,8.5,6.7,12,4,3.8
16.6,94.1,347.9,1170.9,4,261.0,936.7,16.8,3.1,5,6,5.7
1.4,84.0,1070.6,777.6,17,802.9,622.1,2.1,4.1,23,2,6.0
29.9,59.9,669.0,564.6,12,501.7,451.7,32.3,4.4,8,2,15.6
12.1,72.3,507.8,380.2,7,380.9,304.2,11.8,7.5,19,5,13.0
14.9,80.3,105.8,282.3,1,79.3,225.9,13.7,6.0,0,3,4.6
11.6,56.3,862.7,271.3,15,647.0,217.0,18.9,2.2,23,5,7.4
10.2,71.7,849.4,502.8,14,637.0,402.3,0.6,2.1,9,6,3.6
16.4,96.7,744.6,1190.3,12,558.4,952.2,22.9,3.2,2,4,9.2
3.4,110.7,622.1,21.0,7,466.6,16.8,0.0,3.9,5,0,1.1
4.0,77.5,531.9,252.7,7,398.9,202.2,4.9,4.9,15,4,11.3
39.6,98.6,720.1,242.3,14,540.0,193.8,36.0,7.0,19,5,26.4
58.4,50.5,295.4,866.2,6,221.6,693.0,52.9,3.9,5,6,5.1
9.3,96.9,1130.7,435.9,22,848.0,348.7,9.8,4.3,11,0,13.8
6.3,70.5,714.8,559.6,13,536.1,447.7,9.5,4.0,2,6,0.1
20.7,90.5,387.2,195.4,8,290.4,156.3,21.0,2.1,22,6,7.2
10.5,80.5,550.6,497.9,8,413.0,398.3,5.8,7.7,17,5,11.0
0.5,108.8,970.7,141.8,21,728.0,113.4,16.6,2.8,20,4,16.7
3.4,69.3,210.7,649.0,4,158.0,519.2,7.4,3.7,2,1,1.7
25.2,96.3,365.5,135.6,5,274.2,108.5,27.8,2.8,4,2,0.0
21.5,80.0,821.8,952.8,15,616.4,762.2,17.7,4.9,18,6,16.3
0.5,82.2,392.3,688.6,9,294.2,550.9,0.0,7.6,23,6,13.3
5.0,81.7,955.2,874.3,22,716.4,699.4,1.6,2.6,17,0,11.8
5.3,69.8,173.9,513.8,4,130.5,411.1,8.7,4.6,7,0,0.5
22.3,84.7,920.0,470.2,11,690.0,376.1,15.3,2.1,23,4,5.0
0.4,83.9,100.7,135.9,1,75.5,108.7,0.0,6.6,9,2,7.1
2.2,89.3,34.9,638.1,1,26.1,510.5,2.9,5.8,18,6,4.9
32.2,86.5,1079.9,627.1,18,809.9,501.7,31.8,6.2,9,3,17.3
3.9,99.4,706.0,572.4,13,529.5,457.9,0.0,4.8,20,0,19.5
21.2,101.6,435.2,893.8,6,326.4,715.0,13.7,7.4,1,2,2.7
5.4,66.1,294.5,1002.4,4,220.8,801.9,10.6,4.5,9,2,16.4
2.1,100.6,747.9,905.9,12,560.9,724.7,1.9,5.1,21,6,7.7
5.6,63.6,620.6,189.8,11,465.5,151.8,0.0,6.2,17,0,16.3
25.6,95.6,1190.1,754.0,25,892.6,603.2,17.2,5.1,3,1,19.2
38.7,96.2,1180.2,114.8,15,885.1,91.8,34.9,3.1,2,5,6.9
35.5,50.6,769.3,839.7,9,577.0,671.7,37.1,3.9,16,1,13.3
10.1,86.7,542.6,470.6,6,406.9,376.5,11.1,2.6,23,4,5.8
22.1,76.6,599.5,176.3,14,449.7,141.1,25.7,4.6,23,6,11.0
4.6,71.3,825.3,1037.2,11,619.0,829.8,0.0,5.7,16,5,11.0
6.9,109.3,139.9,744.5,2,104.9,595.6,6.1,2.7,21,5,1.4
45.3,73.2,407.5,438.6,5,305.6,350.9,50.5,5.8,11,4,6.1
0.3,70.5,108.8,56.3,2,81.6,45.0,4.9,7.4,16,2,0.0
1.8,86.4,106.6,654.0,1,79.9,523.2,1.6,4.0,12,6,1.1
4.7,97.3,251.1,1109.4,6,188.3,887.5,14.4,3.3,8,0,8.7
0.5,82.5,592.6,723.7,8,444.4,579.0,1.6,7.4,0,1,7.6
4.0,106.0,946.0,1166.5,16,709.5,933.2,7.2,6.2,14,2,12.3
17.5,94.6,592.9,181.0,8,444.7,144.8,15.7,2.6,18,6,4.9
10.9,45.8,415.9,690.6,5,311.9,552.5,5.0,4.4,8,1,4.1
44.6,75.5,117.2,961.8,2,87.9,769.4,38.3,6.0,16,0,3.5
34.0,74.9,669.3,640.1,10,502.0,512.1,32.9,5.4,14,1,13.1
8.4,93.6,340.1,127.5,7,255.1,102.0,5.3,5.7,1,3,3.3
6.0,37.8,745.6,707.8,12,559.2,566.2,0.0,5.4,3,6,14.4
9.6,130.0,1173.1,741.9,20,879.8,593.5,2.4,6.8,6,4,14.1
17.8,94.6,151.4,879.9,3,113.5,703.9,14.3,3.9,7,5,7.8
6.2,87.7,270.3,918.2,3,202.7,734.6,7.9,6.3,0,1,2.0
19.6,106.3,578.3,929.5,12,433.7,743.6,17.5,7.9,0,0,12.8
10.5,127.2,1163.0,802.9,16,872.2,642.3,8.2,4.3,4,6,8.8
16.1,100.7,930.7,274.7,11,698.1,219.7,9.1,6.7,7,0,13.0
11.5,102.1,1079.9,497.0,13,809.9,397.6,9.6,3.5,0,3,8.0
7.0,87.4,413.8,935.8,5,310.3,748.7,11.6,3.7,2,0,5.0
59.3,82.5,1190.6,1145.0,24,893.0,916.0,58.1,7.6,21,3,28.1
28.8,76.4,141.3,113.2,2,106.0,90.5,19.3,2.2,16,2,1.9
3.0,70.1,82.5,651.9,2,61.9,521.5,0.0,3.3,2,1,5.4
40.6,72.6,1029.6,388.8,12,772.2,311.0,41.5,4.9,0,0,12.1
13.4,60.7,1114.2,286.0,15,835.6,228.8,10.2,4.4,3,4,11.8
45.0,83.6,126.9,616.9,2,95.2,493.5,42.6,5.8,8,1,11.1
32.2,54.7,153.8,735.2,3,115.4,588.1,27.1,3.2,12,6,3.4
11.1,88.4,59.1,31.5,1,44.4,25.2,11.6,2.4,4,3,10.4
0.5,84.3,143.3,940.6,2,107.5,752.5,0.0,4.2,13,1,5.9
6.3,87.6,267.1,987.5,3,200.3,790.0,3.3,5.1,18,1,5.1
15.6,75.6,1164.7,1159.3,28,873.5,927.4,9.3,5.4,22,0,27.3
20.1,130.0,808.1,233.2,9,606.1,186.5,22.7,5.6,13,4,12.5
6.0,109.5,938.7,721.6,22,704.0,577.3,2.9,5.3,21,2,11.2
3.0,62.6,935.8,523.4,13,701.9,418.7,4.0,3.5,3,4,9.6
36.0,89.2,651.4,415.1,9,488.5,332.1,28.1,6.6,3,5,12.7
83.2,74.1,961.0,687.4,21,720.8,550.0,89.9,2.5,8,3,21.4
14.9,66.7,723.1,943.2,17,542.3,754.6,19.3,3.2,1,5,13.1
3.8,60.9,391.2,47.2,5,293.4,37.8,0.0,6.4,9,6,9.9
6.4,92.8,682.1,1163.9,12,511.6,931.1,0.3,3.7,17,4,3.4
0.4,72.7,649.5,975.7,14,487.2,780.5,0.8,5.0,6,4,4.2
49.1,102.4,991.7,906.4,13,743.8,725.1,40.5,4.0,20,3,12.6
2.5,102.9,1178.4,917.3,14,883.8,733.8,0.0,5.0,13,6,16.2
17.2,109.7,505.0,479.1,7,378.8,383.3,17.3,4.1,20,6,12.0
6.4,69.7,920.8,906.9,19,690.6,725.5,3.5,8.0,14,4,21.2
16.2,93.6,137.7,476.4,3,103.3,381.1,16.9,4.1,9,2,8.2
21.1,96.4,936.7,1080.5,12,702.5,864.4,15.6,5.8,4,1,7.7
35.4,76.5,458.3,229.1,7,343.7,183.3,22.2,7.3,7,2,5.1
4.6,71.1,66.5,365.0,1,49.9,292.0,7.5,5.8,21,5,5.9
0.2,114.0,448.6,670.6,6,336.5,536.5,3.1,5.4,20,1,14.9
2.9,89.1,740.6,396.7,12,555.4,317.3,13.5,5.4,4,1,13.6
46.1,96.4,160.7,520.6,3,120.5,416.5,33.0,5.0,4,4,5.2
41.4,70.2,1110.4,601.1,13,832.8,480.8,43.2,6.8,13,1,14.3
18.2,63.1,111.7,1030.5,2,83.7,824.4,6.4,2.3,0,3,5.3
18.4,74.7,1117.4,637.4,16,838.1,509.9,25.1,7.3,4,2,17.7
21.9,82.8,854.4,447.7,10,640.8,358.2,22.3,5.5,18,1,12.9
3.9,65.8,409.1,312.3,5,306.8,249.9,0.0,7.1,21,4,3.3
49.2,84.8,481.1,502.2,7,360.8,401.8,51.1,2.1,11,4,9.3
10.9,54.6,894.2,628.6,16,670.6,502.9,6.1,7.2,14,4,15.0
9.7,64.8,729.7,900.4,8,547.3,720.3,9.2,2.7,2,0,0.0
14.6,97.1,812.5,162.8,11,609.4,130.3,13.7,6.3,0,2,12.5
1.0,95.9,479.2,281.5,8,359.4,225.2,7.7,4.5,23,4,0.1
3.6,77.9,595.6,468.0,9,446.7,374.4,10.7,6.1,11,6,16.9
26.8,66.7,1188.0,445.3,20,891.0,356.2,21.8,5.8,12,3,15.2
1.7,66.5,272.4,482.3,3,204.3,385.8,5.0,3.0,13,4,2.2
18.5,78.3,513.1,956.4,8,384.8,765.1,18.3,5.1,9,0,13.2
5.6,96.6,364.4,402.5,4,273.3,322.0,0.0,3.7,19,2,5.8
9.9,101.7,922.8,612.2,11,692.1,489.8,4.4,5.4,13,1,6.0
6.8,76.1,921.5,756.2,11,691.2,605.0,16.5,6.4,13,2,13.1
8.8,64.2,365.1,294.0,5,273.8,235.2,8.6,2.5,12,1,10.6
25.4,89.8,116.0,868.1,1,87.0,694.4,28.4,5.1,20,6,11.2
7.1,70.2,33.5,665.6,1,25.1,532.5,4.0,5.7,2,1,0.0
16.7,75.7,524.4,547.2,11,393.3,437.8,12.0,3.8,23,4,5.9
12.9,108.9,504.2,975.5,6,378.1,780.4,11.1,7.7,18,5,9.7
21.8,99.9,1186.3,307.3,18,889.7,245.9,18.5,5.1,19,3,14.1
55.2,87.8,574.4,1062.1,12,430.8,849.7,45.8,3.1,9,3,16.6
26.4,62.1,322.6,682.0,7,241.9,545.6,19.4,2.6,11,5,8.2
4.8,88.8,1071.7,738.8,22,803.7,591.1,6.4,5.2,22,4,16.3
0.6,104.1,599.5,1052.6,8,449.6,842.1,0.0,4.3,1,0,0.0
6.1,78.2,727.0,984.7,10,545.3,787.8,4.2,3.2,0,1,7.3
18.1,109.3,132.9,729.8,3,99.7,583.9,17.3,2.2,3,5,1.0
1.1,108.3,471.8,908.8,6,353.9,727.0,0.6,5.4,7,3,1.0
13.7,114.9,1134.2,531.3,21,850.6,425.1,17.5,5.6,16,2,12.2
18.2,90.5,715.6,665.9,9,536.7,532.7,10.7,2.9,13,0,2.2
8.1,95.6,426.5,93.2,7,319.9,74.6,9.0,5.6,13,4,4.7
29.5,110.5,758.3,126.0,10,568.7,100.8,31.2,7.7,18,0,20.3
2.3,93.1,1094.3,998.7,19,820.7,799.0,5.2,7.9,3,6,17.8
1.6,76.0,343.3,90.4,6,257.5,72.3,0.0,7.3,19,6,13.4
26.1,76.9,616.0,219.9,8,462.0,175.9,25.3,6.8,15,3,10.7
13.7,89.3,1151.3,959.1,28,863.4,767.3,20.3,3.3,18,5,24.8
23.3,61.8,223.4,21.4,3,167.6,17.1,20.8,2.9,18,6,6.1
11.4,82.4,869.2,353.2,12,651.9,282.6,11.8,4.7,12,6,9.9
5.7,104.7,745.1,709.2,12,558.8,567.3,7.6,5.7,6,6,14.1
34.2,45.6,822.0,722.6,12,616.5,578.1,27.1,7.1,23,4,17.0
32.1,112.6,434.4,937.0,9,325.8,749.6,39.3,3.4,13,3,8.6
23.7,105.2,390.4,617.0,6,292.8,493.6,24.2,4.9,9,1,8.8
6.4,76.7,827.4,621.1,9,620.5,496.9,7.0,5.9,13,6,0.8
17.8,94.8,274.3,875.9,5,205.8,700.7,7.5,4.7,19,6,8.3
9.0,85.1,515.2,608.4,7,386.4,486.7,10.9,4.7,10,6,6.6
1.9,107.1,242.0,738.0,4,181.5,590.4,2.5,3.4,10,0,4.5
49.9,102.7,29.8,1079.4,1,22.3,863.5,56.0,7.9,14,5,8.1
2.9,59.8,1164.7,493.7,23,873.5,395.0,0.0,4.9,7,1,8.7
60.0,95.6,529.4,474.4,8,397.1,379.6,53.1,5.2,23,2,8.0
11.8,81.3,1163.8,24.2,13,872.9,19.4,6.4,3.3,21,1,8.2
4.1,86.5,185.6,743.8,4,139.2,595.1,0.0,5.1,16,0,0.0
15.6,71.9,713.1,55.1,10,534.8,44.1,8.0,3.5,22,2,6.1
41.3,116.5,257.1,614.9,4,192.9,491.9,45.7,3.2,22,3,2.4
26.4,103.7,952.3,969.0,14,714.2,775.2,31.0,3.7,20,5,16.3
32.9,71.7,944.8,668.9,13,708.6,535.1,29.9,2.0,5,2,9.2
21.5,61.0,152.9,338.2,2,114.7,270.5,17.5,5.4,13,0,8.3
23.6,78.1,1096.2,947.7,27,822.2,758.1,12.5,4.3,8,6,25.2
37.8,92.8,249.7,338.3,3,187.2,270.6,39.3,7.4,2,4,8.3
5.7,89.3,743.3,885.0,9,557.5,708.0,12.0,2.2,11,2,2.9
13.4,107.6,1183.0,740.1,24,887.3,592.1,8.3,2.3,3,3,8.4
5.0,99.2,1061.2,220.6,17,795.9,176.5,2.4,7.3,14,2,17.5
87.9,102.5,1148.7,1088.1,15,861.6,870.4,88.1,2.8,12,5,14.7
57.7,90.9,424.3,256.8,5,318.2,205.4,64.3,2.0,17,1,18.9
0.8,60.0,144.6,1187.7,2,108.4,950.2,0.0,3.1,13,4,5.9
24.5,81.5,242.2,28.6,3,181.7,22.9,23.4,6.9,12,0,5.5
51.9,104.1,610.6,330.9,13,457.9,264.7,50.8,6.8,8,4,22.9
4.0,84.1,956.0,255.8,11,717.0,204.7,0.0,4.0,4,1,1.1
16.8,94.1,197.2,36.5,2,147.9,29.2,7.6,6.0,18,6,8.3
49.4,79.3,798.5,884.2,14,598.9,707.4,43.4,5.0,7,4,9.5
0.7,66.5,401.8,838.2,7,301.4,670.6,3.8,7.4,12,6,6.9
23.9,82.8,422.6,955.0,7,317.0,764.0,20.2,2.3,8,6,6.5
7.1,90.6,801.1,322.9,11,600.8,258.3,2.4,6.9,16,1,8.0
51.6,73.2,571.1,544.3,11,428.3,435.5,46.9,3.0,4,5,6.8
70.8,80.8,978.2,797.8,24,733.6,638.2,68.2,4.3,8,2,22.7
57.7,68.1,204.0,538.9,4,153.0,431.1,64.3,3.2,10,0,11.4
12.9,105.1,952.1,842.8,15,714.1,674.3,10.1,6.2,1,1,15.2
39.6,79.7,95.8,768.1,2,71.8,614.5,33.7,6.1,12,6,5.0
37.2,111.1,249.0,155.3,3,186.7,124.2,35.4,5.3,0,1,6.0
7.7,112.5,794.3,941.6,18,595.7,753.3,14.5,6.2,7,2,17.3
35.3,83.5,1028.8,870.4,12,771.6,696.3,30.8,5.8,14,1,13.4
0.8,66.8,318.2,793.9,4,238.6,635.1,0.0,6.7,21,0,0.0
18.1,47.5,406.1,203.0,5,304.6,162.4,13.6,3.4,1,3,3.8
5.2,58.5,653.8,336.2,8,490.4,269.0,3.9,4.6,2,4,6.2
2.6,60.3,269.7,483.9,6,202.2,387.2,4.0,2.9,20,5,4.1
1.6,109.8,977.2,350.3,16,732.9,280.3,4.6,4.6,16,5,6.7
23.8,87.1,932.9,288.8,20,699.7,231.1,16.6,6.2,17,1,17.7
8.3,92.0,191.4,970.3,2,143.6,776.3,1.6,6.1,16,4,3.5
25.8,45.0,567.3,773.1,10,425.5,618.5,22.2,6.3,13,5,10.3
1.4,63.4,934.3,687.3,13,700.7,549.8,2.8,3.9,10,4,10.5
7.6,101.0,418.0,286.6,5,313.5,229.3,0.0,6.0,22,5,0.0
15.5,90.2,767.1,1103.3,9,575.3,882.7,10.5,4.2,22,3,6.8
31.3,82.4,79.3,245.6,1,59.4,196.5,26.3,7.7,13,1,5.0
7.7,95.2,738.3,958.0,10,553.7,766.4,10.4,4.1,4,6,7.7
19.7,114.4,200.1,1160.7,3,150.1,928.5,20.3,5.6,5,0,9.7
43.4,81.0,1000.1,878.0,14,750.1,702.4,45.9,6.5,18,1,17.7
19.1,86.2,439.4,1191.6,10,329.6,953.3,23.8,7.4,10,4,18.2
5.3,88.5,352.2,788.2,4,264.2,630.6,1.8,4.6,1,2,4.4
0.5,128.1,1012.2,276.6,15,759.2,221.3,0.0,4.2,9,3,13.6
40.8,47.2,79.2,260.5,2,59.4,208.4,32.9,4.6,12,0,5.0
0.4,97.3,488.0,403.0,6,366.0,322.4,0.0,3.9,1,0,6.1
41.5,82.9,456.6,28.4,7,342.5,22.7,37.2,5.9,13,4,7.1
15.1,95.2,356.1,824.4,4,267.0,659.5,11.1,7.6,16,0,4.0
56.0,73.2,1095.9,337.0,13,821.9,269.6,57.9,2.8,8,4,14.2
32.1,84.1,906.1,981.9,11,679.6,785.5,30.2,5.4,7,0,10.0
123.6,97.8,95.4,443.8,2,71.6,355.1,119.2,7.4,7,0,15.9
8.6,130.0,863.3,586.3,16,647.5,469.1,6.1,2.6,6,5,7.3
29.2,99.5,642.2,1159.5,8,481.7,927.6,22.0,5.0,15,5,9.1
10.3,69.7,1083.0,305.8,13,812.3,244.6,13.4,7.2,18,4,22.2
13.1,77.4,389.3,871.1,6,292.0,696.9,7.1,7.4,23,3,6.4
19.8,76.8,697.5,911.0,11,523.1,728.8,12.1,5.1,16,0,12.9
41.4,52.7,610.9,280.8,13,458.2,224.6,43.5,2.1,0,1,4.8
82.8,79.1,597.7,611.2,7,448.3,488.9,83.7,2.6,12,2,10.8
29.2,98.2,558.2,433.2,11,418.7,346.6,18.6,5.5,15,5,10.5
10.8,62.1,262.6,930.8,5,197.0,744.7,13.1,2.7,5,6,0.0
10.9,103.9,911.7,754.5,12,683.8,603.6,5.2,2.9,14,4,5.9
26.8,93.8,552.6,581.7,11,414.4,465.3,22.9,6.6,11,0,16.3
5.5,71.8,1151.0,939.6,13,863.3,751.7,4.4,6.5,23,5,13.3
2.3,82.5,327.8,297.5,8,245.8,238.0,3.3,7.1,7,3,9.4
8.8,113.8,825.6,909.3,20,619.2,727.4,9.0,2.6,0,5,3.3
6.8,98.2,1130.0,1041.1,17,847.5,832.9,4.5,3.2,10,1,15.9
7.0,85.2,802.9,1056.8,12,602.2,845.4,2.9,7.0,14,4,9.7
5.3,80.7,1048.1,944.7,22,786.1,755.8,5.4,6.3,0,1,15.6
0.9,86.4,996.4,501.5,15,747.3,401.2,0.0,6.8,15,5,14.6
0.4,75.8,444.9,1178.5,7,333.7,942.8,7.4,7.9,6,2,11.9
88.0,47.1,728.1,467.9,9,546.1,374.3,88.9,7.2,0,3,16.1
11.2,121.8,204.4,773.6,5,153.3,618.9,4.5,5.1,1,4,4.5
9.7,87.8,651.9,210.1,7,488.9,168.1,5.3,3.9,7,4,7.9
22.8,92.2,291.9,1176.9,4,218.9,941.5,21.0,5.4,23,0,2.1
4.9,84.0,897.6,850.7,19,673.2,680.6,9.4,5.8,10,1,9.6
59.9,71.8,643.1,909.0,15,482.3,727.2,65.0,4.0,12,4,16.9
30.9,81.7,505.2,97.6,8,378.9,78.1,26.9,6.6,4,1,13.1
1.9,56.2,337.2,920.8,7,252.9,736.7,0.0,2.6,17,2,1.3
10.8,126.0,1198.5,934.2,22,898.8,747.3,3.5,6.7,18,0,23.1
42.3,62.8,104.6,812.7,2,78.5,650.2,41.5,2.2,20,6,7.5
57.9,66.4,71.4,364.5,1,53.6,291.6,67.4,5.0,2,2,9.7
12.6,77.1,276.4,597.8,4,207.3,478.3,13.3,7.2,0,0,0.0
19.0,108.2,1165.9,150.3,27,874.4,120.3,9.0,2.5,21,0,6.1
3.7,85.3,1175.5,576.5,18,881.6,461.2,0.0,5.1,4,1,13.5
94.6,62.7,792.8,307.7,10,594.6,246.2,89.5,3.0,18,6,17.0
5.3,107.6,1058.5,431.9,24,793.9,345.5,0.0,7.4,8,6,31.5
57.2,98.2,272.5,211.9,3,204.4,169.5,53.3,7.0,23,5,10.8
21.0,94.7,1167.0,291.5,17,875.3,233.2,20.8,7.6,6,0,14.7
18.7,97.9,188.5,110.4,2,141.4,88.3,20.1,7.2,11,2,11.0
14.4,128.1,139.3,1105.5,3,104.5,884.4,17.8,6.4,13,5,11.1
5.2,124.3,152.4,645.9,2,114.3,516.7,5.9,3.1,15,2,1.7
3.9,72.6,696.3,488.2,10,522.2,390.5,0.0,3.8,12,6,6.9
5.0,114.2,941.5,651.3,14,706.2,521.1,0.0,5.0,17,5,16.3
4.1,91.9,452.7,761.4,7,339.5,609.1,1.3,5.5,9,2,9.0
30.2,94.0,1173.9,1107.8,29,880.4,886.3,29.0,6.7,20,1,23.4
8.6,54.5,532.6,230.9,6,399.5,184.7,10.9,3.4,20,1,10.3
1.2,81.9,197.5,368.8,3,148.1,295.0,0.0,2.8,5,3,4.4
69.5,70.4,569.8,1171.4,13,427.4,937.1,67.8,4.9,21,6,20.2
43.0,99.9,821.3,458.0,20,615.9,366.4,42.2,2.9,2,6,8.0
52.6,104.3,1002.0,46.6,24,751.5,37.3,49.3,6.2,3,4,19.8
105.6,47.7,561.3,194.2,8,421.0,155.4,104.0,5.5,0,3,14.2
3.8,84.6,720.5,51.1,10,540.3,40.9,7.4,6.4,10,3,12.9
10.1,105.2,335.5,1188.1,5,251.6,950.5,7.7,2.4,16,0,4.8
28.4,81.6,782.2,349.1,14,586.6,279.3,26.2,7.8,4,6,12.5
23.8,98.1,1183.4,1109.8,18,887.6,887.8,21.6,2.0,11,0,14.5
3.3,91.3,77.9,1195.1,1,58.4,956.1,7.8,4.0,19,3,9.6
33.8,91.1,1066.1,727.8,26,799.6,582.3,26.3,6.1,22,4,26.1
5.1,80.1,683.5,59.2,13,512.6,47.3,12.0,2.3,6,3,5.2
5.1,63.1,317.5,116.3,7,238.1,93.0,0.0,2.5,3,1,0.0
15.4,64.8,1146.8,588.3,13,860.1,470.6,10.1,2.5,15,2,11.5
18.0,97.8,590.4,499.3,8,442.8,399.4,19.7,5.5,14,3,5.9
17.4,85.4,411.4,735.3,5,308.5,588.2,20.5,7.4,13,0,10.0
1.9,82.5,234.2,537.8,4,175.6,430.3,0.0,5.3,1,4,3.7
42.0,77.4,308.5,1122.2,4,231.3,897.8,34.5,5.6,9,0,15.3
6.2,79.5,1002.8,651.0,14,752.1,520.8,5.6,4.1,19,6,11.8
2.8,103.8,745.0,838.6,12,558.8,670.9,12.5,2.1,23,1,6.5
43.9,79.0,1097.6,1077.9,21,823.2,862.3,48.2,2.1,1,6,11.9
62.3,60.9,293.7,193.3,4,220.3,154.6,59.1,7.3,4,5,11.7
39.6,98.4,162.9,291.1,2,122.2,232.9,25.5,2.6,12,0,0.8
33.2,81.3,27.2,146.6,1,20.4,117.3,31.6,8.0,22,6,11.3
21.3,85.6,619.3,184.8,13,464.5,147.8,21.1,3.0,9,5,11.0
16.0,113.9,1198.0,624.8,16,898.5,499.9,12.1,6.0,21,0,15.7
1.8,84.6,840.1,399.0,9,630.0,319.2,0.0,7.7,12,4,14.3
10.5,90.2,383.9,519.3,5,287.9,415.5,9.3,4.2,13,6,4.0
9.3,63.8,1054.7,1179.3,19,791.0,943.5,2.6,6.4,17,5,16.6
6.0,81.0,942.4,204.9,15,706.8,163.9,13.4,4.1,19,4,10.7
25.7,96.0,38.2,658.2,1,28.6,526.5,31.3,3.8,22,0,3.4
13.7,57.0,983.9,136.7,12,737.9,109.3,15.0,3.2,7,0,8.0
1.7,88.6,374.6,395.8,5,281.0,316.7,0.1,6.9,4,3,6.4
5.0,86.8,196.6,642.5,3,147.5,514.0,0.0,3.5,20,1,10.2
23.0,85.7,287.1,1137.0,5,215.3,909.6,20.9,3.7,19,5,3.6
1.6,103.7,572.9,481.6,7,429.7,385.3,7.8,8.0,11,3,13.7
38.1,91.0,521.3,96.6,7,391.0,77.3,40.4,4.0,15,4,10.4
13.7,111.6,360.9,478.0,4,270.7,382.4,12.7,4.5,19,3,10.1
13.1,67.1,223.2,192.0,3,167.4,153.6,15.7,7.9,18,3,0.9
17.9,87.4,919.4,291.4,11,689.6,233.1,18.7,4.2,6,5,6.7
34.8,86.5,1188.3,749.3,15,891.2,599.5,34.8,4.2,3,0,14.4
8.5,65.8,937.8,99.6,16,703.3,79.6,11.5,7.0,18,0,16.6
22.7,102.2,369.2,568.4,4,276.9,454.7,23.3,3.9,9,5,4.6
16.7,126.8,308.9,739.2,8,231.7,591.3,19.0,3.4,7,1,8.0
6.2,84.7,276.8,517.8,4,207.6,414.2,5.0,4.5,15,2,4.3
42.2,94.1,181.3,42.6,2,136.0,34.1,38.9,6.2,3,2,7.0
31.9,86.5,670.6,1182.9,12,502.9,946.3,27.2,2.3,9,5,8.7
21.5,72.2,734.4,453.2,10,550.8,362.6,16.1,4.2,18,5,7.1
38.0,52.2,852.5,938.7,13,639.4,751.0,28.0,4.1,15,3,14.0
40.4,72.3,822.7,404.3,11,617.0,323.4,33.8,3.5,11,1,24.8
24.6,59.9,365.0,580.5,4,273.7,464.4,17.9,5.9,19,1,4.1
36.3,115.7,409.8,478.4,6,307.3,382.7,31.7,3.7,1,4,10.4
23.9,82.9,824.2,424.2,10,618.1,339.4,29.7,5.6,10,0,14.5
22.8,78.8,432.3,45.8,8,324.3,36.6,20.0,5.0,19,6,12.7
19.3,101.0,270.9,444.8,5,203.2,355.9,18.5,3.3,22,5,4.2
27.9,64.8,461.7,1069.6,8,346.3,855.7,27.3,3.6,12,6,14.4
3.5,71.2,341.1,834.7,5,255.8,667.7,9.4,3.0,2,5,1.3
42.6,86.2,124.2,191.6,3,93.2,153.3,37.7,2.3,16,5,3.5
41.1,103.5,999.6,717.6,14,749.7,574.1,38.0,5.7,9,5,18.5
0.6,94.0,1026.7,1072.8,17,770.0,858.3,0.0,6.0,7,4,14.9
35.0,89.5,279.3,846.0,4,209.5,676.8,38.6,3.0,5,2,11.0
2.8,86.4,96.4,195.4,2,72.3,156.4,7.5,5.7,13,1,5.0
8.2,92.2,891.8,1044.0,12,668.9,835.2,8.5,7.9,18,6,17.6
27.2,88.6,269.6,375.8,4,202.2,300.7,31.4,2.4,23,2,3.9
3.5,66.5,484.3,555.8,6,363.2,444.6,2.4,4.9,21,0,6.2
34.1,85.8,95.7,640.8,1,71.8,512.7,31.2,6.4,0,0,2.2
35.7,65.7,287.0,1023.6,4,215.2,818.9,39.6,2.3,10,5,10.8
14.2,86.5,955.6,1119.3,11,716.7,895.4,14.6,6.7,13,6,10.1
0.1,76.3,969.2,1117.0,13,726.9,893.6,0.0,7.9,12,0,9.4
6.8,130.0,264.4,29.4,5,198.3,23.5,9.8,2.5,11,2,12.9
19.2,84.3,416.4,1107.8,5,312.3,886.3,16.1,6.9,21,6,3.2
79.5,59.7,178.4,84.2,2,133.8,67.3,75.8,4.3,5,1,8.1
20.0,82.6,107.5,333.6,2,80.6,266.9,22.4,2.9,3,6,0.0
6.0,94.3,1190.8,627.7,16,893.1,502.1,3.6,5.0,23,4,10.0
20.1,115.1,793.6,586.3,10,595.2,469.0,20.0,2.4,8,1,10.9
15.5,74.4,659.7,733.6,7,494.8,586.8,16.8,5.1,6,1,3.5
30.3,56.5,923.3,585.7,11,692.5,468.6,24.4,2.1,6,3,-0.0
2.3,99.7,1011.3,1122.6,18,758.5,898.1,2.2,6.4,12,1,13.2
28.6,60.1,971.9,303.8,16,728.9,243.1,33.4,4.9,1,4,13.5
15.6,77.1,39.5,343.3,1,29.6,274.7,8.8,4.8,1,3,1.8
65.9,80.4,240.4,1106.5,5,180.3,885.2,66.2,3.2,14,1,14.6
8.4,83.7,792.8,110.6,9,594.6,88.4,2.2,4.2,15,3,7.0
20.0,97.4,463.4,739.3,8,347.5,591.4,23.1,3.1,1,6,7.1
53.8,72.7,1179.3,824.4,17,884.5,659.6,56.8,6.4,19,1,24.9
2.2,80.1,805.2,616.5,11,603.9,493.2,0.0,3.2,4,0,6.1
55.4,84.7,1148.7,839.2,15,861.5,671.4,64.4,5.7,1,0,17.0
23.3,87.7,257.7,223.9,5,193.3,179.1,26.8,3.7,19,1,6.6
1.4,86.8,1039.5,1026.1,19,779.6,820.9,2.9,5.9,6,6,23.2
7.2,92.8,399.2,185.2,6,299.4,148.2,8.4,5.2,4,3,4.8
24.6,100.2,1187.7,493.0,20,890.8,394.4,27.6,4.5,10,4,18.7
1.4,92.1,206.1,108.8,2,154.6,87.0,0.0,6.0,7,0,2.2
17.5,93.2,629.3,663.3,8,472.0,530.7,16.4,4.5,16,3,3.9
8.5,56.5,955.6,810.3,15,716.7,648.2,8.4,6.9,13,4,14.4
19.4,85.9,530.5,1130.6,6,397.9,904.5,15.4,6.4,4,3,2.6
0.9,93.6,572.3,892.4,10,429.3,713.9,1.3,5.2,3,1,9.5
41.0,98.1,1183.9,658.5,15,887.9,526.8,45.2,7.3,2,0,17.8
72.6,72.5,521.9,1120.5,10,391.4,896.4,68.5,7.0,6,0,20.1
69.4,73.1,732.8,584.6,9,549.6,467.6,67.1,5.2,10,0,18.9
27.7,74.7,84.4,682.2,1,63.3,545.8,21.6,2.4,0,1,4.9
2.8,94.7,1013.8,723.4,22,760.4,578.7,0.0,5.4,21,4,12.2
28.4,103.6,784.8,503.8,15,588.6,403.0,30.3,4.1,23,4,11.5
0.5,77.7,496.7,1009.4,8,372.6,807.5,0.0,5.2,17,5,12.2
0.4,101.3,39.1,238.5,1,29.3,190.8,0.0,5.9,21,5,1.7
7.8,87.2,718.2,674.7,16,538.6,539.8,0.9,5.9,0,6,7.8
13.4,82.8,34.9,872.2,1,26.2,697.8,10.5,6.0,15,0,6.0
29.4,81.2,21.4,1086.7,1,16.1,869.4,32.9,6.1,12,5,7.7
23.0,98.4,747.0,1063.0,10,560.2,850.4,21.0,2.7,5,6,0.7
11.8,90.9,243.0,620.3,3,182.3,496.3,10.0,3.2,5,4,3.3
6.4,126.0,246.4,778.9,5,184.8,623.1,5.4,5.8,20,5,11.5
117.0,69.7,790.9,485.2,11,593.1,388.2,108.8,4.4,22,5,16.0
11.1,94.3,83.4,572.4,1,62.5,458.0,12.2,6.6,13,0,0.0
12.0,75.5,389.8,1089.4,6,292.4,871.5,3.7,2.7,4,4,0.0
3.6,69.4,196.3,1118.2,3,147.2,894.6,0.0,3.1,7,6,1.6
31.7,84.8,704.6,1076.6,9,528.5,861.3,24.4,5.4,17,0,16.7
23.7,87.5,800.9,183.3,14,600.7,146.6,20.8,5.0,5,4,7.5
5.0,130.0,870.9,1023.1,12,653.2,818.5,1.2,3.6,4,3,2.4
1.7,81.7,321.2,1139.1,4,240.9,911.3,0.0,4.5,9,0,5.7
22.8,64.7,125.3,446.3,3,94.0,357.0,16.3,2.2,17,5,10.0
21.3,89.9,112.8,632.0,1,84.6,505.6,24.3,2.2,12,6,9.8
6.4,47.7,522.9,939.3,10,392.1,751.5,8.6,2.6,22,6,5.4
60.3,83.3,1136.1,683.3,18,852.1,546.6,57.4,5.5,19,6,20.0
3.3,85.3,276.9,1192.3,3,207.7,953.8,0.0,7.2,5,5,0.6
11.3,99.3,323.0,557.7,4,242.2,446.2,6.4,3.6,20,0,12.1
57.5,102.5,139.0,862.5,2,104.3,690.0,54.0,2.2,3,5,2.4
10.9,75.9,734.6,955.3,8,550.9,764.2,1.9,6.3,12,2,8.3
20.4,82.3,822.2,603.0,13,616.7,482.4,13.6,7.1,17,0,22.3
10.1,71.2,778.7,1031.2,11,584.0,825.0,12.4,2.8,12,4,5.3
6.4,64.7,1036.1,664.5,17,777.1,531.6,5.9,4.3,12,6,6.2
82.7,90.6,594.0,505.7,10,445.5,404.6,88.8,3.0,6,3,15.7
10.5,62.1,178.7,147.2,3,134.0,117.8,7.0,2.6,4,3,2.9
44.9,77.5,361.5,484.2,5,271.1,387.4,41.1,5.9,2,4,10.2
5.2,67.1,801.7,886.0,12,601.3,708.8,1.2,7.8,5,1,14.3
4.8,94.9,743.5,1107.1,9,557.6,885.7,1.2,6.1,7,6,9.3
0.6,117.4,646.6,317.0,8,484.9,253.6,0.0,7.9,11,5,13.2
21.1,61.6,825.9,439.2,20,619.4,351.3,20.4,4.6,1,0,16.0
9.2,51.6,772.1,201.7,11,579.1,161.3,7.3,7.4,10,6,19.9
40.0,82.8,1060.0,835.1,17,795.0,668.0,35.4,3.2,19,3,12.3
12.8,85.3,711.5,1153.0,11,533.6,922.4,17.1,2.7,2,4,5.5
69.0,88.9,938.7,776.3,12,704.1,621.1,76.4,6.2,22,3,21.0
4.1,77.0,313.5,748.2,5,235.1,598.5,7.9,4.2,9,6,8.2
40.6,81.4,820.3,673.1,10,615.2,538.5,41.4,3.9,7,6,5.0
30.0,91.6,1084.6,124.4,14,813.4,99.5,31.8,6.0,7,6,15.2
29.5,103.7,475.2,880.8,7,356.4,704.7,36.8,4.0,13,6,6.9
37.3,49.8,939.3,730.4,12,704.5,584.3,39.1,5.4,3,3,20.0
28.6,78.4,875.3,800.5,21,656.4,640.4,23.7,3.8,14,6,16.4
19.7,88.8,90.2,1080.6,2,67.7,864.5,19.6,6.7,9,4,12.1
2.8,68.5,706.2,945.1,16,529.6,756.1,3.9,3.9,17,2,12.6
0.7,116.2,173.6,941.5,3,130.2,753.2,0.0,5.2,21,3,3.5
50.7,73.6,1161.4,1114.1,22,871.1,891.3,47.3,2.1,14,3,10.0
19.2,84.3,977.5,1188.1,11,733.1,950.5,22.7,6.8,18,1,13.3
31.8,95.0,149.5,705.9,2,112.1,564.7,20.7,5.7,23,2,1.9
13.1,74.4,163.7,148.5,2,122.8,118.8,4.9,3.2,2,1,10.0
2.5,51.8,721.5,561.8,13,541.1,449.4,0.0,3.3,1,4,7.3
2.7,77.3,427.0,949.4,8,320.2,759.5,2.4,3.6,12,6,0.0
23.1,103.5,61.2,52.7,1,45.9,42.2,14.4,5.5,12,6,6.8
11.3,78.9,659.1,87.1,9,494.4,69.7,8.6,5.3,8,5,20.5
4.5,69.8,477.7,99.2,8,358.2,79.4,8.2,3.6,2,6,0.0
13.5,101.7,139.3,882.6,2,104.5,706.1,11.9,6.2,1,0,5.4
1.3,79.0,966.3,611.4,14,724.7,489.1,4.0,7.3,13,4,9.7
17.4,75.8,1099.8,455.3,14,824.8,364.2,12.5,2.3,15,2,10.1
6.3,87.7,912.8,144.6,21,684.6,115.7,0.2,4.5,13,5,5.0
31.9,98.9,990.5,884.0,13,742.8,707.2,34.2,5.6,3,4,13.2
7.4,127.9,275.5,398.8,4,206.6,319.0,7.3,5.5,1,2,5.4
12.1,99.9,331.0,333.1,5,248.3,266.5,4.2,2.1,15,5,0.0
0.2,105.9,266.1,789.7,5,199.5,631.8,0.0,3.3,7,1,4.0
1.5,75.9,922.8,679.6,15,692.1,543.7,7.3,2.4,0,3,4.7
10.0,66.5,1138.5,447.6,22,853.9,358.1,3.3,5.4,17,4,25.8
13.1,86.1,865.9,777.0,10,649.4,621.6,15.7,5.9,21,6,4.5
18.3,86.9,1060.1,340.0,16,795.1,272.0,13.9,3.0,8,4,15.2
6.9,65.6,773.7,957.9,9,580.2,766.3,4.9,4.0,11,5,9.2
23.7,81.8,477.4,290.6,7,358.1,232.5,23.2,4.0,4,3,10.7
39.3,92.2,522.4,207.4,10,391.8,165.9,26.8,6.9,20,4,21.3
30.3,91.5,108.9,943.3,2,81.7,754.6,21.0,3.2,2,6,3.4
0.8,94.1,57.1,855.3,1,42.8,684.3,0.0,5.3,7,4,1.1
13.1,90.2,840.7,235.5,10,630.5,188.4,7.5,6.7,21,5,13.0
2.2,75.9,537.3,157.2,7,403.0,125.7,5.2,7.0,15,0,9.2
5.5,75.7,671.6,1009.3,9,503.7,807.4,0.0,6.0,17,5,11.1
86.3,63.4,678.0,936.4,10,508.5,749.1,87.2,3.8,11,5,15.0
3.1,117.1,347.3,406.2,5,260.5,324.9,0.0,6.9,11,5,10.2
13.8,85.2,581.6,796.7,6,436.2,637.3,10.1,6.5,20,0,6.6
19.3,81.0,575.5,166.5,11,431.6,133.2,11.9,6.2,3,6,12.9
24.2,68.3,478.3,618.3,6,358.8,494.7,31.8,2.4,9,3,14.4
16.4,130.0,988.4,42.1,14,741.3,33.7,7.7,2.3,8,1,7.0
0.2,65.7,552.4,482.1,6,414.3,385.7,0.0,6.2,3,4,3.5
7.9,77.3,732.3,108.3,9,549.2,86.7,0.0,7.7,23,5,7.4
14.6,92.5,1076.7,580.7,12,807.5,464.5,20.6,6.6,0,4,16.7
1.8,95.8,1042.2,517.6,15,781.6,414.1,1.8,7.0,4,1,13.5
8.6,102.2,1070.7,544.4,21,803.0,435.5,7.3,5.3,2,4,13.4
0.7,117.5,338.6,73.5,5,254.0,58.8,6.0,3.8,10,1,10.5
1.6,94.1,61.3,446.7,1,46.0,357.4,0.4,6.1,12,3,0.0
10.1,66.0,328.1,912.7,4,246.0,730.1,9.2,6.3,21,3,3.8
2.8,80.4,348.9,455.3,9,261.7,364.3,1.5,6.1,10,1,7.4
16.8,90.5,1093.0,863.9,17,819.8,691.1,17.6,7.7,5,1,21.0
23.4,122.2,786.1,456.0,15,589.6,364.8,18.9,4.2,21,2,6.6
32.2,59.8,116.4,519.4,1,87.3,415.5,29.2,2.2,3,0,9.0
4.5,106.6,179.7,685.4,4,134.8,548.3,6.5,7.5,6,6,5.9
3.7,88.2,203.7,1141.8,3,152.8,913.4,3.1,3.0,2,0,1.4
2.2,100.1,763.9,148.5,14,572.9,118.8,0.0,6.2,21,5,11.1
20.2,83.2,887.8,58.8,15,665.8,47.1,11.2,7.2,9,4,25.5
24.5,69.8,1034.4,737.4,12,775.8,589.9,30.0,3.9,4,4,5.2
0.6,98.5,1130.0,1139.9,22,847.5,911.9,0.0,7.0,18,1,18.5
55.0,96.8,258.0,1187.9,6,193.5,950.3,58.0,4.0,17,5,17.0
1.1,102.5,385.5,591.3,9,289.1,473.1,0.0,6.8,16,1,4.7
15.6,84.8,303.6,572.3,5,227.7,457.9,7.1,2.4,23,0,0.9
24.7,74.2,443.3,781.1,6,332.5,624.8,29.0,5.9,0,5,6.8
41.0,56.9,1099.3,675.6,20,824.5,540.5,40.2,6.1,4,5,23.1
25.0,99.7,698.6,768.2,9,524.0,614.6,29.7,4.9,20,4,16.4
32.4,92.6,891.1,1051.3,21,668.3,841.1,29.5,6.1,16,6,18.7
8.3,67.6,598.3,900.6,7,448.8,720.5,9.8,7.5,20,0,13.4
33.7,75.3,54.1,606.3,1,40.5,485.1,22.9,6.4,8,3,10.0
1.7,76.6,95.8,565.0,1,71.8,452.0,0.0,7.8,10,0,2.1
45.0,58.3,654.7,774.7,8,491.1,619.8,36.7,4.7,21,0,6.2
15.9,70.3,868.2,557.7,15,651.1,446.2,12.0,5.2,6,1,4.3
34.0,64.6,274.1,560.2,5,205.6,448.1,34.4,3.6,6,4,11.4
12.0,77.6,871.9,39.2,11,653.9,31.4,7.0,7.9,1,6,9.8
20.6,71.7,976.6,225.4,21,732.4,180.3,23.0,2.3,13,3,9.1
14.9,55.7,506.0,596.4,9,379.5,477.2,8.7,4.2,15,0,8.4
26.3,121.4,900.8,990.7,20,675.6,792.6,28.7,3.8,4,0,9.4
1.7,107.5,496.8,348.9,8,372.6,279.1,6.3,4.3,17,1,7.0
1.2,71.0,820.5,636.7,12,615.3,509.4,4.3,7.5,3,5,9.0
5.7,89.9,921.5,427.1,18,691.1,341.6,2.0,4.2,11,2,4.0
3.5,92.5,1190.5,143.7,29,892.9,114.9,0.0,7.5,18,4,30.7
41.1,106.4,427.6,1150.8,6,320.7,920.6,42.0,4.5,12,4,16.3
4.9,70.3,505.0,1028.5,12,378.8,822.8,2.3,7.1,5,4,9.4
74.5,104.7,215.4,112.6,2,161.6,90.1,67.6,5.1,10,0,11.4
8.2,75.1,260.8,869.3,5,195.6,695.5,3.4,3.9,14,0,2.3
4.0,61.0,838.2,430.1,11,628.7,344.1,9.2,4.7,20,0,13.5
31.2,98.0,1102.1,1193.9,18,826.6,955.1,23.5,4.5,16,5,16.5
21.5,108.2,485.6,376.8,11,364.2,301.5,21.8,3.6,1,2,4.5
13.8,130.0,232.2,301.7,4,174.2,241.4,12.9,3.7,12,0,5.3
16.2,63.4,356.4,690.1,5,267.3,552.1,12.4,3.1,22,4,3.7
25.4,97.6,557.0,1005.4,7,417.7,804.4,26.6,4.0,0,5,7.8
5.2,77.6,363.0,247.2,5,272.2,197.7,11.3,5.7,3,4,7.6
112.2,99.1,295.6,857.1,7,221.7,685.7,108.7,4.3,14,1,11.9
73.6,58.5,888.5,92.5,18,666.3,74.0,70.4,6.3,15,2,19.6
21.0,62.3,29.3,1104.3,1,21.9,883.5,22.1,7.9,10,3,9.4
4.5,71.0,656.3,115.7,14,492.2,92.5,7.0,4.3,2,0,8.3
22.8,86.4,956.6,1098.8,15,717.5,879.0,20.2,4.8,11,6,18.1
1.5,73.5,334.1,599.2,4,250.6,479.3,0.0,3.0,11,3,5.3
0.6,96.9,731.9,548.7,11,548.9,439.0,0.0,4.4,10,0,13.8
6.0,103.5,809.3,1168.5,10,607.0,934.8,0.1,6.4,15,2,1.9
12.4,95.8,792.9,1188.7,11,594.7,950.9,4.7,3.3,20,2,11.2
40.5,114.1,546.1,787.2,7,409.6,629.8,42.0,3.1,20,4,7.0
26.0,92.5,429.0,170.0,8,321.7,136.0,22.8,4.3,12,2,11.1
27.2,63.1,1006.4,617.3,13,754.8,493.8,23.7,6.9,11,5,17.5
11.1,109.5,915.0,644.4,11,686.2,515.5,9.0,5.7,9,5,12.0
8.5,74.1,399.1,627.0,8,299.3,501.6,2.1,7.7,10,6,9.9
9.3,101.4,141.6,692.0,2,106.2,553.6,15.0,7.4,17,3,11.0
87.9,113.3,104.7,42.1,1,78.5,33.7,92.4,2.9,4,3,12.7
0.8,93.2,131.2,859.2,2,98.4,687.4,6.9,2.3,19,2,5.7
40.4,58.1,707.8,860.6,13,530.8,688.5,41.8,4.4,12,3,14.1
17.3,68.5,81.0,156.3,1,60.7,125.0,15.1,5.1,16,5,3.6
11.5,108.8,417.6,692.9,7,313.2,554.3,17.6,5.1,11,0,11.8
25.8,82.0,908.8,690.7,14,681.6,552.5,20.4,2.8,16,1,10.5
13.3,86.4,367.3,825.3,6,275.5,660.2,7.0,2.7,0,6,10.2
41.3,98.7,920.7,120.8,17,690.5,96.6,36.3,2.3,7,5,10.3
46.2,97.5,899.7,759.3,12,674.7,607.4,46.8,7.1,15,4,16.5
11.0,90.0,310.1,351.3,4,232.6,281.0,5.1,7.7,14,1,8.5
6.5,81.2,880.0,618.3,11,660.0,494.6,3.7,2.7,18,3,5.4
17.9,79.4,902.4,932.5,19,676.8,746.0,7.9,3.3,9,4,13.1
48.7,100.4,489.0,852.7,6,366.7,682.1,49.1,2.5,1,6,5.9
4.7,95.0,268.3,160.3,5,201.2,128.2,0.0,7.3,3,1,6.4
19.5,80.4,635.1,717.6,10,476.3,574.1,12.8,7.8,3,1,12.5
20.0,104.5,1107.2,1163.6,13,830.4,930.8,24.1,3.6,19,3,19.2
26.4,82.7,774.7,205.0,12,581.1,164.0,30.3,3.8,11,4,18.9
2.8,69.7,224.0,1026.4,4,168.0,821.1,2.7,4.2,16,5,0.0
25.2,71.3,825.7,849.0,17,619.2,679.2,24.5,5.0,20,5,18.5
47.9,67.4,524.1,933.3,8,393.1,746.7,43.3,6.1,21,4,13.6
4.0,80.1,718.0,352.7,9,538.5,282.2,0.0,5.0,3,1,6.6
5.4,107.2,886.2,359.7,10,664.6,287.8,1.6,7.7,7,4,8.5
71.1,70.5,627.6,1089.1,8,470.7,871.3,61.5,2.6,15,6,14.9
4.0,88.4,980.5,444.6,12,735.4,355.7,3.3,6.8,14,5,11.8
38.5,73.2,872.1,94.4,11,654.1,75.5,36.8,4.0,13,4,6.0
13.6,80.3,745.8,728.7,9,559.3,583.0,6.9,4.3,18,0,13.9
5.7,57.8,197.9,167.3,5,148.5,133.8,11.5,6.3,10,3,11.9
40.9,81.0,1006.4,960.0,12,754.8,768.0,42.0,7.6,12,5,13.5
11.8,81.5,1124.4,777.3,19,843.3,621.8,13.2,6.3,22,3,13.7
14.5,94.7,181.6,1052.2,2,136.2,841.7,10.0,6.7,7,0,0.8
8.9,89.0,596.1,946.1,14,447.1,756.9,6.9,6.5,22,6,16.5
18.0,63.4,325.5,152.3,4,244.1,121.8,19.1,3.9,8,6,10.5
3.6,104.5,910.3,469.7,12,682.8,375.7,2.3,6.5,1,1,13.6
9.9,88.8,871.5,934.0,10,653.6,747.2,15.9,6.7,19,2,15.8
69.7,88.6,186.2,512.5,2,139.7,410.0,66.7,5.2,1,5,6.3
6.0,84.8,1054.9,1167.4,18,791.2,933.9,1.4,5.2,7,1,9.6
21.4,75.7,233.5,888.2,3,175.2,710.5,22.6,6.6,17,0,13.0
7.9,88.9,960.8,38.3,16,720.6,30.6,0.0,6.9,23,4,16.1
29.7,93.6,559.2,1058.4,11,419.4,846.7,32.3,4.0,21,0,8.5
2.8,53.6,407.4,138.9,8,305.5,111.2,0.0,6.8,6,3,7.4
70.0,75.3,206.7,185.8,4,155.0,148.7,71.2,6.9,10,4,18.6
12.1,80.4,217.8,886.7,3,163.3,709.4,6.9,3.4,21,1,4.9
5.4,89.6,801.0,1040.7,9,600.8,832.5,5.8,6.3,19,4,11.6
1.5,106.5,669.5,652.9,8,502.1,522.3,4.1,3.1,0,3,4.1
3.7,71.1,164.1,361.1,4,123.0,288.9,2.5,2.6,15,0,0.0
14.7,76.0,153.0,434.6,3,114.7,347.6,6.7,5.4,15,6,4.0
8.2,75.8,105.3,424.6,2,79.0,339.7,1.7,7.5,9,1,6.1
35.3,70.6,897.6,405.5,17,673.2,324.4,29.7,2.2,23,2,8.4
11.3,78.8,860.0,306.6,19,645.0,245.3,0.0,7.0,16,6,15.6
5.7,98.9,88.9,738.5,1,66.7,590.8,9.4,5.0,9,2,1.9
19.2,66.0,681.1,1082.5,10,510.8,866.0,17.8,7.2,5,0,14.4
24.5,92.7,119.9,382.4,2,89.9,305.9,16.9,7.1,13,1,6.7
3.7,54.4,1086.4,240.3,16,814.8,192.2,8.9,7.3,14,6,15.2
3.7,74.9,1090.4,1009.5,19,817.8,807.6,0.0,6.6,3,6,14.8
0.7,79.1,843.9,895.3,11,632.9,716.2,0.0,7.1,1,1,5.0
26.7,115.1,1112.9,1118.4,14,834.7,894.7,20.5,3.1,18,4,16.0
21.8,80.1,977.5,215.3,17,733.1,172.3,9.7,3.8,12,6,14.9
12.9,45.4,997.7,190.2,23,748.3,152.2,4.1,3.5,11,5,15.7
37.2,49.0,692.3,658.9,13,519.2,527.1,32.9,6.5,20,0,19.6
32.8,85.6,381.1,745.0,8,285.9,596.0,35.3,2.9,22,4,3.7
17.6,96.0,277.0,586.6,4,207.8,469.3,17.3,3.1,12,0,4.0
40.5,91.8,406.1,726.8,8,304.6,581.4,39.2,7.3,14,3,9.1
4.6,88.0,761.6,232.8,12,571.2,186.3,0.0,6.2,1,0,7.5
2.4,105.9,223.7,585.9,4,167.8,468.8,6.7,7.3,7,4,4.3
6.3,75.3,325.2,796.5,4,243.9,637.2,5.4,2.8,2,1,1.0
1.2,101.1,572.3,530.6,14,429.2,424.5,0.0,4.4,0,0,7.6
15.2,55.6,295.0,821.7,4,221.2,657.4,18.8,3.7,23,6,8.4
55.2,68.7,714.6,552.4,15,535.9,441.9,59.4,2.1,10,1,7.4
0.8,52.5,1109.3,413.6,28,832.0,330.9,4.6,3.7,8,3,16.1
2.6,80.1,902.7,378.3,11,677.1,302.6,0.0,4.3,23,2,8.6
12.0,84.2,806.4,504.9,11,604.8,403.9,5.0,2.6,16,2,5.8
54.3,87.1,707.6,47.2,16,530.7,37.8,57.3,5.4,6,4,14.3
7.6,86.1,595.8,808.9,8,446.8,647.1,0.0,4.3,22,0,12.8
14.2,68.3,240.1,1017.2,3,180.1,813.8,21.9,2.3,3,3,14.1
0.8,81.6,1075.8,438.5,17,806.8,350.8,0.0,6.2,12,3,13.2
3.2,58.0,313.3,74.3,5,235.0,59.5,0.0,6.4,23,1,1.2
86.3,109.5,127.7,1184.4,2,95.8,947.5,78.1,7.0,4,5,9.9
67.1,79.5,905.0,331.2,17,678.8,264.9,58.7,4.9,11,6,17.3
0.1,76.2,227.2,169.4,4,170.4,135.5,0.0,7.8,19,4,9.7
60.7,113.6,458.8,456.3,8,344.1,365.0,58.6,7.5,4,3,15.8
20.4,62.6,53.4,891.5,1,40.0,713.2,12.2,5.3,10,0,10.6
40.5,64.7,181.7,366.8,2,136.3,293.5,36.7,4.7,1,3,7.1
12.1,65.3,224.4,698.1,3,168.3,558.5,3.3,2.0,3,2,3.2
14.5,83.8,84.2,510.4,1,63.2,408.3,15.4,6.3,9,4,3.4
13.4,92.8,794.9,159.0,9,596.1,127.2,11.1,5.4,23,1,3.4
22.0,98.3,1007.7,409.7,13,755.8,327.8,18.1,7.6,6,6,7.5
3.0,130.0,460.5,875.3,6,345.4,700.3,0.0,5.6,11,0,9.1
0.6,44.5,1052.0,742.2,12,789.0,593.7,0.0,8.0,7,2,15.9
7.4,96.0,271.7,161.3,7,203.8,129.1,3.3,7.1,22,3,11.3
24.4,75.0,404.0,212.7,6,303.0,170.2,24.0,7.7,22,4,11.4
4.5,74.4,197.9,776.1,3,148.4,620.9,3.3,4.0,22,4,1.1
22.4,73.8,752.3,979.8,9,564.2,783.9,24.3,2.9,15,0,12.9
70.1,68.6,515.4,432.4,6,386.6,345.9,65.6,6.8,1,1,9.1
2.0,115.3,743.7,722.5,9,557.8,578.0,0.0,6.7,2,2,4.5
22.3,100.2,918.8,221.4,11,689.1,177.1,25.3,3.3,16,5,10.5
11.7,85.4,663.9,387.4,10,497.9,309.9,5.1,6.6,14,1,14.5
40.5,109.3,760.6,43.9,19,570.5,35.1,33.0,5.5,17,6,27.3
3.9,57.8,1123.6,926.6,28,842.7,741.3,1.7,2.7,9,6,17.3
23.6,61.0,372.9,493.2,6,279.7,394.6,23.1,5.0,21,0,9.0
36.4,45.8,443.8,983.0,7,332.9,786.4,31.8,7.6,1,0,14.0
57.9,72.4,866.9,855.9,14,650.2,684.7,53.2,5.0,16,2,13.8
23.0,87.9,741.3,997.9,12,556.0,798.3,19.0,6.7,15,4,9.7
13.8,86.9,230.7,357.1,3,173.0,285.7,18.8,2.2,23,4,4.9
19.2,87.7,463.9,238.4,8,347.9,190.7,17.2,6.4,6,2,2.6
40.6,59.6,572.0,1166.8,7,429.0,933.5,33.8,7.7,18,1,13.9
16.9,99.5,514.9,866.4,6,386.2,693.2,10.1,5.0,15,6,3.9
0.6,89.3,230.4,1004.2,4,172.8,803.3,0.0,4.0,0,2,4.5
53.5,98.2,1110.8,35.5,18,833.1,28.4,52.6,5.9,3,5,19.3
23.4,50.9,919.5,438.3,12,689.7,350.6,23.8,7.5,12,4,18.9
22.6,90.6,588.0,896.5,8,441.0,717.2,21.2,3.1,9,1,12.6
4.9,63.6,822.5,112.0,15,616.9,89.6,0.0,4.4,10,3,10.7
21.5,77.8,1078.8,689.5,24,809.1,551.6,17.4,2.9,18,1,17.5
10.0,94.6,180.7,526.3,3,135.5,421.0,11.7,5.0,14,6,0.0
21.1,86.6,315.4,40.8,7,236.6,32.6,13.3,5.2,10,4,13.6
2.3,69.7,660.4,298.5,12,495.3,238.8,0.0,7.7,2,0,9.2
21.4,85.1,962.8,356.1,18,722.1,284.8,22.4,4.5,1,1,10.4
148.8,57.4,62.8,152.0,1,47.1,121.6,151.2,5.4,10,6,25.3
1.0,105.7,1181.1,765.2,13,885.9,612.2,0.0,7.3,9,1,17.4
75.6,81.3,556.8,306.0,7,417.6,244.8,71.5,3.9,2,0,10.7
10.4,105.1,443.9,347.6,5,332.9,278.1,1.8,6.0,4,4,8.7
40.9,75.5,365.4,1079.9,5,274.1,863.9,41.5,6.5,14,3,13.8
30.5,75.6,225.7,571.2,3,169.3,457.0,35.1,4.0,3,3,2.6
16.7,71.2,954.1,482.7,16,715.5,386.2,27.6,3.0,16,6,8.1
26.8,100.8,1147.4,874.2,20,860.5,699.3,26.8,5.0,0,2,18.1
42.2,72.2,508.1,1093.3,6,381.1,874.7,39.9,4.1,0,3,8.8
10.4,96.6,1143.9,49.5,13,857.9,39.6,3.8,3.6,11,3,4.6
7.9,78.1,992.1,548.9,16,744.1,439.1,0.0,7.8,9,1,26.6
22.0,49.4,587.6,740.7,15,440.7,592.6,20.9,5.0,8,2,14.1
33.0,74.7,815.4,395.9,10,611.5,316.7,42.7,7.1,8,3,15.3
28.7,63.8,533.3,931.4,10,400.0,745.2,33.1,3.2,19,1,12.3
32.0,85.6,679.3,1166.3,17,509.5,933.1,35.6,7.6,19,2,27.3
11.4,63.6,88.5,1133.2,1,66.4,906.6,10.7,6.8,13,1,6.4
34.1,101.7,841.6,333.9,13,631.2,267.1,33.9,6.9,22,0,14.8
2.6,83.4,82.3,287.1,1,61.7,229.7,0.0,4.3,18,4,14.2
15.7,81.8,984.2,1149.8,11,738.1,919.9,17.5,4.9,9,4,22.9
0.1,96.8,993.4,561.2,15,745.1,448.9,0.0,5.6,2,4,12.1
7.8,102.4,299.8,265.8,5,224.8,212.6,2.3,6.7,19,3,9.1
9.1,84.6,401.9,854.3,7,301.4,683.4,5.5,7.1,21,4,6.2
10.1,71.1,587.9,355.6,11,441.0,284.5,6.3,2.5,16,4,4.2
23.8,53.1,724.1,335.4,9,543.0,268.3,18.2,7.4,2,2,16.1
9.8,72.7,359.1,1057.5,6,269.3,846.0,7.9,7.6,11,6,12.1
11.9,73.9,719.1,211.7,15,539.4,169.4,7.1,5.6,14,2,14.7
5.4,86.9,371.4,96.0,8,278.5,76.8,3.9,3.1,4,5,6.5
9.3,78.8,85.5,337.6,1,64.1,270.1,0.0,6.9,14,2,4.4
5.2,97.4,23.0,736.2,1,17.2,589.0,2.1,5.3,19,3,9.5
1.5,74.0,139.4,165.2,2,104.5,132.2,0.0,6.9,23,6,5.2
18.5,84.0,954.9,576.5,15,716.1,461.2,13.3,6.9,15,5,16.4
22.1,106.3,1154.5,760.3,24,865.9,608.2,20.8,2.5,8,5,20.4
19.3,91.2,523.8,1021.5,8,392.9,817.2,9.3,5.6,7,4,3.2
12.5,83.9,625.0,291.2,7,468.7,233.0,6.3,4.9,10,3,10.9
9.6,74.2,193.3,984.5,4,145.0,787.6,10.4,7.7,8,6,7.5
39.8,73.6,670.2,297.2,9,502.7,237.8,30.7,3.8,15,6,11.8
14.6,69.7,190.7,818.6,3,143.0,654.9,21.5,3.2,13,3,0.0
13.0,75.3,741.2,528.2,10,555.9,422.6,17.1,7.4,14,3,12.5
0.5,98.6,1121.2,155.3,24,840.9,124.3,0.0,2.9,13,3,10.6
8.3,81.0,250.9,862.8,3,188.2,690.3,2.4,6.1,23,3,7.8
9.6,60.7,922.2,277.0,13,691.6,221.6,8.6,3.8,9,3,9.9
10.2,116.8,47.7,228.4,1,35.8,182.7,0.9,5.4,12,5,11.9
17.4,90.8,463.1,442.8,9,347.3,354.3,5.3,5.7,0,4,6.3
15.3,59.7,150.7,790.9,2,113.0,632.7,11.0,4.5,22,2,0.0
18.7,77.0,435.9,296.1,6,326.9,236.9,16.1,7.8,8,5,14.1
29.0,87.0,224.8,236.7,4,168.6,189.4,27.4,2.8,16,1,4.3
33.5,115.7,460.5,31.7,8,345.4,25.4,28.5,4.3,16,6,14.5
25.3,65.1,512.7,576.5,7,384.5,461.2,29.7,4.6,9,1,6.4
62.3,102.6,374.7,525.8,8,281.0,420.6,52.8,5.8,12,1,12.4
0.4,110.2,794.8,296.0,10,596.1,236.8,0.0,4.4,17,6,12.7
4.4,73.7,1104.2,83.3,26,828.2,66.6,4.8,2.6,12,0,6.8
0.2,80.0,492.7,526.5,10,369.5,421.2,0.0,7.7,20,2,8.9
20.9,66.3,247.0,950.1,3,185.2,760.1,12.9,4.5,23,4,9.3
45.7,81.3,339.5,864.0,8,254.6,691.2,44.3,4.1,12,3,6.0
5.6,84.3,1027.7,1035.7,12,770.8,828.6,0.0,4.7,23,1,11.5
52.4,96.9,694.5,31.3,8,520.9,25.0,49.7,3.3,9,6,9.7
1.2,104.6,556.9,1160.4,8,417.7,928.3,0.0,2.6,19,2,6.0
54.5,71.5,196.6,422.9,2,147.4,338.3,48.2,2.9,6,4,9.3
8.7,49.6,550.7,1188.7,7,413.0,950.9,0.0,3.0,6,1,5.2
2.1,84.6,348.6,318.1,7,261.5,254.5,0.8,3.2,8,2,4.1
13.3,90.3,1132.9,576.4,14,849.7,461.1,5.1,4.5,15,6,11.3
5.9,89.5,1063.2,437.6,21,797.4,350.1,3.1,5.7,14,5,8.0
6.7,79.1,119.0,439.8,2,89.3,351.8,2.1,5.8,2,4,0.0
7.3,87.2,629.7,1013.9,9,472.2,811.1,4.3,2.0,12,6,9.5
32.5,112.3,285.6,900.8,4,214.2,720.6,29.7,7.5,10,5,10.8
15.5,91.9,504.7,1190.7,12,378.5,952.6,14.5,6.9,7,2,14.6
7.5,78.3,1054.7,743.9,19,791.0,595.2,1.8,7.8,20,3,25.4
18.8,76.0,642.5,566.6,9,481.9,453.3,23.1,4.2,20,2,10.7
25.2,81.9,414.4,126.3,7,310.8,101.0,13.9,6.0,23,2,8.5
6.4,114.5,265.3,1195.9,3,199.0,956.8,3.2,3.0,5,0,0.0
10.7,81.7,964.4,670.8,13,723.3,536.6,12.9,6.9,9,3,17.3
2.6,84.6,756.9,846.6,15,567.7,677.3,3.0,3.0,16,5,4.5
4.0,76.3,572.3,500.0,12,429.2,400.0,0.0,4.0,19,2,17.9
22.9,104.8,276.6,666.3,4,207.5,533.0,16.8,4.9,8,3,6.7
4.0,120.3,414.4,1132.2,7,310.8,905.8,0.0,5.6,20,2,11.4
14.9,93.1,1152.6,216.4,24,864.5,173.1,15.9,5.4,13,6,16.7
24.7,86.5,633.7,365.0,11,475.3,292.0,19.0,2.6,19,3,13.3
2.3,85.7,492.8,199.4,9,369.6,159.5,1.5,4.5,12,4,0.9
16.8,42.1,635.3,954.8,14,476.5,763.9,16.1,7.5,0,6,15.6
5.9,98.4,939.2,93.2,14,704.4,74.6,15.8,7.2,23,1,17.8
65.9,87.4,421.3,116.3,5,316.0,93.1,65.5,5.5,18,0,15.2
13.2,92.7,230.9,372.2,3,173.2,297.8,7.2,5.4,8,1,9.5
32.8,72.2,710.2,626.7,9,532.7,501.4,23.5,2.7,16,2,3.8
16.0,78.1,804.9,499.4,17,603.7,399.5,12.6,3.2,14,2,7.4
0.9,77.6,861.0,72.9,14,645.8,58.3,0.0,3.5,19,4,10.4
20.1,103.4,1060.7,1149.8,15,795.6,919.9,7.0,4.9,4,2,14.1
60.5,78.2,458.0,1144.4,6,343.5,915.5,54.9,6.4,3,5,16.0
18.4,122.5,108.9,349.6,1,81.7,279.7,17.9,4.8,3,3,0.0
34.2,92.8,1150.9,883.2,15,863.1,706.6,29.5,2.8,14,5,7.8
43.1,62.0,533.3,702.7,7,400.0,562.2,46.0,4.6,4,1,7.1
5.2,82.7,755.4,300.2,17,566.6,240.2,0.0,3.0,16,6,4.4
4.8,73.3,806.2,329.4,11,604.7,263.5,6.2,6.5,6,2,10.8
18.9,45.5,664.9,599.6,9,498.7,479.6,21.5,3.0,5,4,7.1
10.6,113.8,262.2,514.7,3,196.7,411.8,13.4,4.9,14,0,0.1
36.6,97.7,911.1,363.7,12,683.3,290.9,26.8,6.2,19,5,12.9
46.1,94.6,968.4,972.9,13,726.3,778.3,45.6,3.4,13,1,12.0
8.7,88.0,672.5,588.1,10,504.4,470.5,3.4,2.5,9,4,4.5
5.4,60.1,596.5,792.7,7,447.4,634.2,0.0,5.4,5,4,3.1
30.3,76.3,154.4,243.3,2,115.8,194.7,26.3,2.3,9,1,11.3
6.4,100.2,119.1,649.5,2,89.3,519.6,0.0,5.5,22,4,3.1
34.6,66.1,420.7,395.2,6,315.5,316.2,37.2,6.5,19,6,18.7
11.0,39.4,386.8,641.2,9,290.1,512.9,11.6,4.0,8,6,11.2
22.0,80.9,1145.3,941.4,15,859.0,753.1,14.3,4.9,12,0,19.4
2.0,82.4,944.7,927.3,13,708.5,741.9,0.0,7.6,13,0,11.9
19.6,87.4,798.7,438.0,10,599.0,350.4,15.7,4.8,0,2,12.4
12.0,98.1,630.8,839.2,14,473.1,671.4,9.7,8.0,0,3,12.2
17.7,96.5,217.5,1130.7,3,163.1,904.6,20.7,2.9,18,2,5.8
3.7,89.7,1174.6,758.3,21,880.9,606.6,5.1,6.3,8,3,26.9
26.7,106.5,462.5,195.1,6,346.9,156.1,25.0,5.9,4,1,5.0
39.7,57.7,146.2,822.1,3,109.6,657.6,36.4,7.2,16,4,6.3
4.9,94.1,602.7,143.8,8,452.0,115.0,0.0,2.6,15,2,1.1
2.0,96.3,1051.3,1049.1,19,788.5,839.3,6.5,3.7,11,4,18.1
0.5,62.7,1067.0,629.7,26,800.3,503.7,0.0,2.8,4,2,5.0
20.5,57.9,32.9,474.5,1,24.7,379.6,26.3,7.6,5,2,9.5
18.7,71.6,1065.8,87.3,23,799.4,69.8,17.7,4.6,19,0,19.8
15.8,73.1,340.4,469.3,5,255.3,375.5,24.0,7.5,22,3,9.2
5.3,98.6,66.0,1085.8,1,49.5,868.6,6.3,3.8,10,1,5.5
9.9,73.9,1020.4,44.8,12,765.3,35.8,0.8,2.8,18,6,13.8
18.1,69.6,1039.4,580.1,20,779.5,464.1,13.0,3.8,20,4,14.6
13.7,74.0,723.6,1118.8,9,542.7,895.0,10.9,5.6,5,2,5.4
88.1,105.1,697.8,485.9,12,523.4,388.7,81.7,7.1,22,4,21.3
2.9,85.2,979.5,525.2,12,734.6,420.2,0.0,4.3,9,0,10.7
23.8,81.8,947.8,702.7,12,710.9,562.2,14.9,7.5,14,6,20.5
10.4,83.0,1070.3,566.3,24,802.7,453.0,8.4,3.5,17,1,18.7
11.2,108.3,672.2,218.9,11,504.2,175.2,10.4,6.2,20,3,15.0
25.3,71.5,1161.8,41.9,20,871.4,33.5,18.3,6.4,6,3,23.4
23.6,108.7,1195.5,739.6,15,896.6,591.7,31.3,3.6,22,2,6.3
94.8,88.8,157.5,1106.6,3,118.1,885.2,93.1,2.2,2,6,12.7
2.7,82.1,1022.5,145.5,14,766.8,116.4,0.0,4.2,23,1,8.2
2.2,130.0,609.8,268.9,9,457.3,215.1,0.0,2.3,15,3,2.5
25.8,66.0,477.3,456.9,5,358.0,365.5,24.1,7.4,12,1,6.5
17.3,78.6,743.4,974.3,9,557.6,779.5,14.0,7.7,16,4,14.5
6.4,62.8,86.0,337.7,1,64.5,270.2,8.3,6.4,3,0,0.0
1.7,102.1,617.6,1060.8,8,463.2,848.7,0.0,6.4,18,1,12.4
1.8,115.4,1047.7,84.9,13,785.7,67.9,0.0,3.4,3,1,1.0
44.9,115.1,271.9,1130.3,3,203.9,904.3,51.3,2.4,11,6,10.6
4.3,107.0,523.1,681.7,12,392.4,545.3,4.4,6.8,23,3,10.6
7.8,81.4,1128.6,797.4,20,846.4,637.9,4.5,5.4,3,5,19.8
5.1,78.4,525.7,453.9,9,394.3,363.1,4.0,6.1,23,2,5.7
8.8,54.9,442.9,942.8,7,332.2,754.2,9.1,6.7,16,6,7.3
1.4,121.6,539.8,216.5,11,404.9,173.2,0.0,4.5,23,2,2.2
14.6,93.4,633.0,77.7,10,474.7,62.2,13.4,2.9,17,5,11.2
1.4,76.1,765.7,486.7,10,574.3,389.4,0.0,6.8,21,5,4.1
32.2,108.9,964.8,1027.4,15,723.6,821.9,32.8,4.7,5,6,6.1
5.3,67.5,553.5,910.8,8,415.1,728.7,0.0,7.0,18,5,6.4
15.5,92.3,984.6,630.2,23,738.5,504.2,10.5,4.6,4,4,13.8
42.4,81.9,649.8,695.1,8,487.3,556.1,48.7,3.3,1,3,8.7
21.0,96.5,419.4,173.3,5,314.6,138.6,25.2,3.0,10,3,13.4
15.2,83.9,796.4,1012.0,11,597.3,809.6,0.0,6.5,23,0,15.9
7.8,58.9,866.9,948.6,10,650.2,758.9,11.6,5.4,23,2,14.0
8.1,86.4,678.5,794.6,15,508.9,635.7,5.7,4.4,12,3,13.3
22.1,103.9,86.8,570.1,1,65.1,456.1,16.6,5.0,4,5,10.6
102.8,84.5,220.5,1158.1,5,165.3,926.4,95.8,5.3,22,4,15.6
21.7,99.0,356.7,1057.3,6,267.5,845.8,14.9,3.4,7,6,6.8
16.3,66.2,353.5,780.4,6,265.1,624.3,10.9,4.3,10,0,15.6
26.2,84.5,814.6,458.7,12,611.0,367.0,18.6,3.8,3,2,4.6
12.5,73.8,41.7,749.3,1,31.2,599.4,3.7,4.3,17,2,9.6
1.2,98.4,911.7,699.0,13,683.8,559.2,0.0,5.0,14,2,8.3
16.5,85.6,333.1,485.2,6,249.8,388.2,16.1,3.0,4,0,9.0
63.2,97.4,385.8,381.9,5,289.4,305.5,61.5,4.4,22,6,13.6
3.9,104.6,642.9,500.3,9,482.2,400.2,4.6,4.3,11,6,9.2
23.4,97.4,274.8,697.2,5,206.1,557.8,21.1,3.7,3,4,0.9
4.5,89.9,1063.7,525.2,19,797.8,420.2,0.0,8.0,3,6,23.9
15.3,67.0,120.7,331.0,1,90.6,264.8,15.8,2.4,19,4,4.8
2.0,84.9,544.4,917.9,9,408.3,734.3,0.0,5.9,8,3,11.5
12.0,75.4,1022.3,647.1,15,766.7,517.7,13.2,3.0,8,3,7.6
28.2,78.8,746.7,99.9,10,560.0,79.9,20.4,7.0,13,2,10.5
8.5,78.3,364.9,454.6,6,273.7,363.7,3.1,7.5,23,5,10.3
21.9,67.4,516.5,1064.2,9,387.4,851.4,18.1,4.4,7,1,8.8
31.7,49.8,853.9,911.2,13,640.4,728.9,33.1,6.9,22,3,12.2
52.4,73.0,1168.4,401.4,23,876.3,321.1,51.3,3.5,0,4,8.8
5.3,88.5,1073.9,1127.1,20,805.4,901.6,3.4,2.8,23,2,10.3
10.2,60.7,424.1,110.4,10,318.1,88.3,17.6,3.9,10,4,10.6
3.3,85.3,1197.9,1154.3,22,898.4,923.4,0.0,4.1,3,2,12.1
97.8,119.2,24.1,309.9,1,18.1,247.9,90.6,4.4,16,0,10.3
52.3,103.4,52.6,30.7,1,39.5,24.6,44.9,4.2,16,3,4.8
15.5,114.6,992.1,531.9,14,744.1,425.5,4.7,4.5,18,5,15.7
36.9,92.0,255.4,443.6,3,191.5,354.9,31.3,6.3,12,0,3.4
14.7,106.0,91.7,656.1,2,68.8,524.9,16.2,3.5,18,3,7.7
19.5,72.0,299.8,960.2,7,224.9,768.2,14.6,2.1,16,5,5.7
1.9,73.4,522.8,1014.1,6,392.1,811.3,0.0,4.9,23,5,9.0
28.2,35.7,882.1,493.5,12,661.6,394.8,17.5,4.7,19,5,16.4
2.7,106.4,756.7,527.2,15,567.5,421.8,0.0,2.4,11,4,4.9
35.0,112.7,300.4,194.8,5,225.3,155.9,30.7,2.8,19,4,12.0
30.5,75.0,613.9,76.1,9,460.4,60.9,31.7,5.1,13,1,6.2
24.7,80.4,1112.9,776.6,14,834.7,621.3,14.3,3.4,21,4,6.3
0.7,71.4,981.7,96.0,23,736.3,76.8,0.0,7.3,8,2,22.9
7.2,91.9,401.4,885.9,6,301.0,708.7,10.7,3.0,11,1,7.6
6.1,105.2,1179.1,656.1,16,884.3,524.9,1.9,2.1,23,2,9.7
8.9,53.6,856.2,254.3,10,642.1,203.5,0.0,4.7,16,1,9.3
1.8,92.4,93.7,656.6,1,70.3,525.3,6.2,7.9,15,2,0.0
55.3,80.0,61.5,235.9,1,46.1,188.7,57.0,5.8,11,1,16.4
16.1,87.0,218.7,537.7,3,164.0,430.2,18.5,4.1,9,3,11.9
7.3,93.3,878.9,963.5,11,659.2,770.8,0.0,2.1,1,5,5.5
10.1,81.6,236.8,565.1,3,177.6,452.1,15.7,4.9,2,3,0.0
11.9,83.1,623.6,195.5,8,467.7,156.4,6.0,3.2,4,1,1.8
18.4,81.2,130.0,874.1,2,97.5,699.3,13.8,5.9,15,0,3.8
14.5,102.5,1106.6,240.4,25,830.0,192.3,9.0,5.5,20,6,28.2
50.4,92.5,425.9,891.5,9,319.4,713.2,53.1,3.6,12,1,14.7
13.7,89.0,1091.6,585.6,14,818.7,468.5,10.8,2.4,23,0,2.5
97.0,62.1,1135.0,555.4,22,851.2,444.3,97.4,6.5,17,5,25.7
38.1,78.2,27.2,1024.7,1,20.4,819.8,36.5,5.5,1,2,4.3
4.7,101.2,567.7,856.2,9,425.8,684.9,2.2,7.1,23,1,9.1
53.4,85.7,49.1,58.8,1,36.8,47.1,46.6,3.6,0,0,1.9
2.5,96.9,1092.3,369.5,24,819.2,295.6,9.5,5.9,8,5,20.5
34.0,116.8,631.7,1047.7,9,473.8,838.1,24.7,2.7,17,1,18.2
9.6,103.7,108.4,41.6,3,81.3,33.3,9.6,3.8,4,3,1.5
42.1,86.7,150.1,663.4,3,112.6,530.7,42.0,5.9,2,3,5.8
40.5,75.8,472.5,878.8,8,354.4,703.1,44.3,7.0,4,1,22.1
32.8,39.0,1129.5,753.8,26,847.1,603.0,37.7,3.9,11,1,21.7
31.2,82.0,837.6,917.4,10,628.2,733.9,28.5,6.8,7,4,8.2
7.3,79.1,1043.8,876.3,13,782.8,701.1,7.9,6.1,7,5,8.4
1.7,92.0,452.4,836.6,6,339.3,669.3,8.5,4.1,21,6,6.3
10.3,82.2,71.0,989.4,1,53.2,791.5,8.0,7.3,6,3,0.7
3.8,79.2,1169.7,781.9,18,877.3,625.5,0.0,5.1,1,2,11.3
23.7,53.0,40.3,494.9,1,30.2,395.9,19.8,5.9,0,1,3.4
8.5,68.1,1138.2,576.9,21,853.7,461.5,0.0,5.0,23,4,24.9
74.3,93.6,455.0,865.7,7,341.3,692.6,74.1,4.7,0,6,14.4
20.5,115.9,31.9,1054.0,1,23.9,843.2,23.8,7.1,7,5,0.9
34.6,83.2,833.2,341.2,19,624.9,273.0,32.0,3.8,16,1,11.9
2.8,90.9,1177.0,423.7,21,882.8,338.9,0.0,2.2,22,3,9.2
39.6,102.1,1159.4,1118.3,13,869.6,894.6,42.7,7.3,4,0,20.4
51.2,70.4,209.9,702.6,3,157.4,562.1,40.3,7.0,13,5,2.5
13.4,91.6,233.9,231.2,3,175.4,184.9,3.6,4.2,7,0,0.0
18.6,71.7,687.3,803.2,8,515.5,642.5,15.7,3.1,19,3,11.0
28.9,100.6,772.0,1189.1,12,579.0,951.3,28.2,6.1,17,2,13.9
3.8,87.7,892.5,991.7,16,669.4,793.3,4.0,2.5,22,5,2.9
14.0,90.4,233.6,900.0,3,175.2,720.0,11.6,4.5,6,4,4.2
10.2,70.9,1151.6,265.5,24,863.7,212.4,17.0,2.5,23,1,13.2
3.2,97.7,773.7,1053.8,15,580.3,843.1,1.5,5.6,13,1,10.0
9.2,122.5,1019.5,640.4,13,764.6,512.3,12.3,2.2,13,6,0.0
1.4,66.9,657.3,1069.4,11,493.0,855.5,3.3,5.8,5,1,6.9
0.5,78.9,508.8,409.2,10,381.6,327.4,0.0,6.0,2,4,3.7
2.9,89.2,1173.1,93.2,16,879.8,74.6,0.1,4.9,20,4,16.2
66.0,99.2,706.9,581.7,9,530.2,465.3,74.6,3.1,13,3,19.7
15.9,74.9,1042.9,338.4,23,782.2,270.7,11.4,2.6,13,4,10.3
67.5,34.0,1144.9,864.0,21,858.7,691.2,62.2,3.9,2,1,21.0
11.3,109.5,816.9,1149.4,16,612.7,919.5,10.2,4.8,9,5,17.7
7.5,98.7,667.7,835.3,11,500.8,668.3,3.1,5.9,8,6,17.7
14.1,53.6,24.1,1066.6,1,18.1,853.3,8.1,2.0,20,1,4.1
11.6,74.1,67.2,554.6,1,50.4,443.7,7.2,6.3,6,4,2.2
2.2,113.2,257.0,930.5,4,192.8,744.4,7.4,6.3,6,4,8.3
20.5,111.1,239.5,1014.8,6,179.6,811.8,17.8,4.7,6,6,2.6
4.9,101.9,320.6,858.8,7,240.5,687.1,0.0,4.1,11,3,3.1
19.3,81.8,379.8,619.2,7,284.9,495.3,9.8,7.1,3,0,6.7
21.0,86.5,444.9,758.5,8,333.7,606.8,30.0,6.7,19,4,19.7
3.3,82.6,516.2,846.6,11,387.2,677.3,0.2,7.9,12,0,11.7
1.3,105.3,136.7,318.6,2,102.5,254.9,1.4,4.2,2,2,0.1
30.4,69.2,70.0,975.3,2,52.5,780.2,24.5,7.4,19,6,12.9
12.3,70.5,815.3,1141.4,11,611.4,913.1,11.9,2.5,8,0,11.0
1.2,103.2,654.1,569.0,8,490.5,455.2,6.5,4.5,20,4,7.5
105.4,84.2,544.1,847.3,8,408.1,677.8,100.2,4.8,21,1,15.0
1.2,109.8,768.6,889.7,17,576.5,711.8,1.5,4.6,19,1,10.6
23.8,72.9,996.7,801.5,12,747.5,641.2,14.7,5.8,12,4,11.7
82.3,84.0,524.7,665.6,6,393.5,532.5,90.4,3.0,0,3,15.2
5.5,68.4,776.5,1060.3,15,582.4,848.3,4.8,7.2,22,5,5.4
3.1,85.1,1145.2,549.7,15,858.9,439.8,0.0,5.3,22,4,6.8
2.6,58.4,1010.8,92.1,12,758.1,73.7,0.0,7.4,5,4,17.3
7.2,76.2,522.7,1016.6,8,392.0,813.3,2.7,2.0,19,5,6.0
2.1,59.1,780.8,815.3,14,585.6,652.2,0.0,5.8,23,3,16.2
23.6,97.5,228.9,1022.1,4,171.7,817.7,9.3,4.5,7,3,0.5
1.3,97.9,681.4,183.5,10,511.1,146.8,0.0,5.0,16,2,4.8
14.2,53.9,1178.0,56.3,20,883.5,45.0,11.5,6.5,23,2,18.2
114.3,109.0,631.6,1122.6,7,473.7,898.0,114.7,3.4,17,2,17.7
33.6,130.0,1114.6,194.3,14,836.0,155.5,29.0,3.2,3,3,13.7
19.1,85.8,500.7,975.4,10,375.5,780.3,13.2,6.2,11,0,13.5
7.3,73.5,1198.6,991.4,17,899.0,793.1,5.3,5.1,21,4,14.2
19.6,130.0,703.5,856.3,9,527.6,685.0,9.5,3.4,15,6,2.3
15.0,61.3,69.9,174.9,1,52.4,139.9,13.7,4.9,17,2,7.5
11.1,85.4,712.4,807.5,12,534.3,646.0,0.0,4.8,9,6,11.4
2.8,88.2,344.0,1069.1,4,258.0,855.3,6.4,6.1,3,0,1.1
43.5,109.2,58.3,522.1,1,43.7,417.7,45.0,2.0,1,4,7.1
11.9,91.5,988.6,507.9,19,741.5,406.4,5.3,5.5,14,5,19.0
4.3,76.0,345.4,542.6,7,259.0,434.1,5.6,5.6,8,5,7.9
9.2,67.9,959.9,117.1,15,719.9,93.7,7.7,6.5,14,5,14.5
10.7,78.8,360.1,1072.6,5,270.1,858.1,3.6,7.3,4,6,5.2
35.2,66.9,249.3,1045.6,4,187.0,836.5,23.0,4.6,18,0,10.6
26.5,85.9,1169.2,1197.5,16,876.9,958.0,26.0,4.1,2,5,13.9
29.3,74.8,446.7,710.5,10,335.1,568.4,23.4,2.6,16,1,11.6
0.2,58.1,729.6,906.4,15,547.2,725.1,3.7,4.0,12,1,13.0
10.8,107.6,739.8,259.2,11,554.8,207.3,8.8,2.4,23,5,2.1
13.1,76.0,681.4,807.7,16,511.0,646.1,7.6,6.8,2,6,10.2
0.4,62.2,1099.3,786.7,13,824.5,629.3,7.4,6.8,3,4,5.9
6.0,82.0,815.8,1083.4,17,611.9,866.7,6.9,4.5,17,0,16.7
28.6,86.2,496.4,1000.3,7,372.3,800.3,8.3,3.6,23,0,4.5
2.9,53.6,1037.6,1127.4,17,778.2,901.9,0.0,2.7,2,5,10.0
15.3,91.0,233.7,1045.2,4,175.2,836.2,6.4,7.1,13,3,1.8
4.8,66.2,662.2,1045.1,8,496.6,836.0,0.0,7.3,15,6,9.5
0.2,115.8,1141.6,95.2,18,856.2,76.2,0.0,3.6,11,2,6.1
5.5,94.4,758.0,1018.2,10,568.5,814.6,5.3,5.7,10,6,13.7
74.5,77.8,984.0,736.8,15,738.0,589.5,73.8,3.6,1,4,15.7
32.3,71.6,791.2,468.9,11,593.4,375.1,35.7,3.4,0,0,5.2
64.2,83.1,1010.5,86.7,13,757.8,69.3,65.3,2.1,12,2,11.2
13.4,96.0,1134.5,819.7,16,850.9,655.7,14.3,5.5,17,5,23.8
2.3,84.5,342.0,407.3,5,256.5,325.8,1.3,2.9,17,4,8.9
15.9,81.1,220.2,572.0,3,165.2,457.6,20.3,2.1,12,0,14.3
12.1,86.1,591.1,824.4,7,443.3,659.6,8.5,2.6,3,5,4.5
37.2,74.1,848.2,1095.9,14,636.1,876.7,33.8,3.9,0,1,12.8
2.1,78.8,288.1,994.0,4,216.1,795.2,0.0,6.0,14,0,1.9
13.4,47.5,24.8,551.7,1,18.6,441.4,16.7,3.2,16,1,4.3
3.3,102.5,424.7,477.6,7,318.5,382.1,0.9,7.3,5,5,3.6
7.9,90.4,1163.3,302.9,19,872.4,242.4,20.5,3.7,4,1,16.1
26.7,71.1,840.1,459.5,10,630.0,367.6,22.7,4.0,0,3,5.1
12.9,119.2,493.6,151.0,8,370.2,120.8,11.4,3.3,21,5,10.8
9.4,86.6,247.2,1165.9,3,185.4,932.7,10.2,3.5,15,5,0.0
10.0,66.3,440.2,697.2,11,330.1,557.8,2.5,2.4,13,3,3.7
12.3,100.4,220.4,170.8,3,165.3,136.6,12.1,3.8,23,2,2.2
30.7,92.2,145.4,436.3,2,109.1,349.0,28.9,7.2,4,4,1.4
44.5,92.1,1090.0,665.5,21,817.5,532.4,41.0,6.1,2,2,21.2
62.2,77.3,1197.2,648.8,29,897.9,519.0,66.0,7.3,2,6,31.1
30.9,93.1,213.7,61.9,3,160.2,49.5,24.4,2.6,11,3,13.5
7.6,80.3,84.3,1142.0,1,63.3,913.6,7.0,4.7,17,2,3.0
23.3,95.0,409.1,344.9,7,306.8,276.0,28.6,3.4,8,4,12.5
11.5,50.7,564.8,39.1,9,423.6,31.3,6.0,6.3,22,4,8.2
5.9,77.2,261.7,110.2,4,196.3,88.2,2.4,7.8,16,0,4.1
36.8,116.0,375.7,704.6,7,281.8,563.7,46.5,6.9,16,2,12.7
0.8,71.2,257.0,182.6,3,192.8,146.1,1.2,2.2,19,3,7.9
46.4,74.1,933.6,69.2,20,700.2,55.4,41.9,3.9,17,0,11.9
12.4,76.9,860.8,468.0,14,645.6,374.4,14.4,2.2,2,2,6.1
20.3,63.1,769.2,754.9,11,576.9,603.9,15.4,2.2,17,5,6.6
21.5,45.3,476.9,152.0,6,357.7,121.6,11.7,2.5,14,4,2.5
45.1,80.8,1092.7,389.7,14,819.5,311.8,50.0,3.7,0,3,13.2
20.2,87.4,1164.0,513.0,15,873.0,410.4,12.7,3.8,2,5,13.3
19.0,84.1,224.9,208.2,4,168.7,166.5,29.3,4.4,6,2,12.5
1.4,82.4,283.2,617.2,6,212.4,493.7,0.0,4.4,9,4,5.8
14.6,85.8,640.2,120.6,13,480.2,96.4,23.3,6.6,8,4,8.5
3.3,103.4,127.7,74.9,2,95.8,59.9,0.0,2.8,8,5,5.8
26.7,81.6,535.0,633.4,6,401.3,506.7,29.9,2.9,7,2,0.0
14.4,74.7,706.5,312.5,8,529.9,250.0,14.9,5.8,5,2,9.1
22.8,79.9,636.0,132.5,15,477.0,106.0,25.0,5.4,0,3,10.0
0.9,95.4,410.5,520.2,6,307.9,416.2,3.7,2.9,15,0,4.6
1.8,110.4,660.1,1099.9,9,495.1,879.9,0.0,7.1,23,4,5.4
25.2,73.7,1151.4,874.5,15,863.5,699.6,16.7,4.0,23,0,6.1
1.5,86.8,263.1,982.4,4,197.3,785.9,0.0,4.2,9,0,2.7
1.5,91.1,792.7,1048.9,10,594.5,839.1,0.6,4.5,10,4,11.5
0.2,67.1,71.2,1167.7,1,53.4,934.2,0.0,3.9,11,2,0.4
62.7,85.4,98.4,920.6,2,73.8,736.5,62.1,5.3,21,4,10.0
26.8,58.6,671.2,737.9,13,503.4,590.3,26.4,4.3,2,5,16.2
8.7,53.2,143.8,451.2,4,107.9,361.0,2.2,3.6,5,0,8.9
7.0,91.6,46.4,234.3,1,34.8,187.5,7.0,7.4,7,3,0.0
8.6,78.1,222.4,830.3,5,166.8,664.2,5.3,3.9,22,4,0.0
29.8,88.6,686.5,1194.0,12,514.9,955.2,24.3,6.2,12,6,14.1
21.7,84.7,849.9,571.5,12,637.5,457.2,23.6,4.1,23,3,5.3
4.1,67.4,258.9,873.9,3,194.2,699.2,0.0,4.6,18,2,8.7
3.8,84.2,808.5,604.2,10,606.4,483.4,0.0,3.4,7,2,0.0
2.1,62.8,235.3,529.7,4,176.5,423.7,0.4,6.5,20,5,7.6
21.6,110.0,743.9,504.2,16,557.9,403.3,26.5,6.4,22,3,19.5
28.9,60.6,506.1,615.5,10,379.6,492.4,27.9,2.1,12,6,0.5
6.2,81.5,791.5,452.9,9,593.6,362.3,6.8,2.4,3,3,3.4
0.4,66.2,1194.2,903.6,18,895.6,722.8,0.0,7.5,2,4,16.4
1.7,95.3,1126.6,1051.6,23,845.0,841.3,0.0,7.3,21,2,23.0
68.8,79.0,25.1,1061.8,1,18.8,849.4,66.5,5.0,19,3,9.6
7.0,75.7,1064.8,288.7,18,798.6,230.9,6.5,5.0,2,1,6.9
29.3,100.4,98.5,1077.2,1,73.8,861.7,25.8,6.9,21,4,0.0
19.6,85.5,1144.6,423.0,22,858.4,338.4,24.3,2.8,11,4,19.7
9.6,94.3,352.6,385.0,6,264.4,308.0,5.8,5.9,4,1,8.6
4.6,67.3,470.8,877.6,7,353.1,702.1,0.0,4.9,5,6,5.0
2.6,59.7,128.1,379.5,2,96.1,303.6,14.3,6.5,17,2,9.1
19.1,86.9,152.5,82.5,2,114.4,66.0,15.5,2.2,19,3,8.4
29.8,79.3,877.6,460.9,13,658.2,368.7,34.4,5.6,13,3,16.7
20.7,96.3,1134.3,871.3,22,850.7,697.1,25.7,5.3,4,2,10.9
15.1,83.6,740.7,405.8,12,555.5,324.6,17.8,7.0,10,6,10.6
0.9,88.7,864.7,762.9,10,648.5,610.3,0.0,6.1,8,1,5.1
69.1,55.8,919.1,798.9,13,689.3,639.2,68.6,7.3,16,1,17.6
32.1,119.0,330.1,885.8,4,247.6,708.6,23.7,7.3,11,6,11.9
6.9,82.0,73.4,1078.6,1,55.0,862.9,14.9,4.4,0,1,7.3
78.2,97.6,22.2,530.4,1,16.7,424.3,72.0,2.8,0,4,0.0
18.4,70.0,433.8,216.4,7,325.3,173.1,15.2,5.8,3,6,2.5
17.5,90.5,304.9,396.3,4,228.7,317.1,16.0,7.2,21,3,6.2
27.6,61.5,93.5,530.0,1,70.2,424.0,25.0,2.4,17,0,8.4
33.4,93.1,231.8,862.4,4,173.9,689.9,28.1,5.3,16,4,5.7
21.4,78.6,166.9,35.5,3,125.2,28.4,26.3,2.7,11,4,4.9
2.7,85.5,1099.6,392.6,19,824.7,314.1,5.5,2.2,19,3,7.9
8.3,97.6,185.5,940.2,4,139.1,752.2,7.9,6.1,23,2,3.8
52.6,62.8,654.4,811.6,8,490.8,649.3,48.6,6.1,21,6,5.6
5.1,72.7,719.9,883.5,13,539.9,706.8,8.4,5.6,11,6,11.6
9.3,93.2,661.3,977.9,8,496.0,782.3,5.0,7.2,4,5,3.5
11.3,122.8,136.9,944.2,2,102.7,755.4,17.2,2.5,0,3,5.4
11.6,82.5,396.2,825.0,5,297.1,660.0,10.1,2.6,18,2,4.0
19.0,95.6,80.5,538.8,1,60.4,431.0,23.1,7.2,6,3,0.0
57.3,83.1,486.9,1180.6,7,365.2,944.5,54.8,5.0,14,4,8.6
5.5,120.0,242.5,691.5,3,181.9,553.2,3.9,3.6,13,6,5.0
2.6,53.6,682.7,259.3,14,512.0,207.4,6.7,6.4,2,5,12.5
4.4,86.7,837.5,365.5,12,628.1,292.4,13.4,7.4,4,6,17.6
43.6,55.7,647.9,838.4,8,485.9,670.7,49.4,6.1,5,1,15.5
20.8,39.9,532.4,1111.2,10,399.3,889.0,23.1,6.8,10,4,14.2
6.7,90.4,477.1,230.9,6,357.8,184.7,7.7,3.7,18,4,8.5
33.9,87.5,1013.2,117.2,13,759.9,93.7,29.3,3.7,21,0,13.6
39.5,79.9,278.9,1060.2,3,209.1,848.2,39.0,7.2,1,4,5.3
37.5,83.1,886.4,1100.0,16,664.8,880.0,30.9,5.7,11,4,20.0
50.2,130.0,913.8,346.1,12,685.4,276.9,50.1,3.4,22,4,7.3
5.8,80.4,514.7,465.2,9,386.0,372.2,6.0,5.1,13,5,5.9
28.1,94.2,370.8,799.0,5,278.1,639.2,16.3,6.1,8,0,10.1
12.3,73.3,575.2,409.3,9,431.4,327.5,10.5,3.3,19,2,11.5
36.9,90.3,130.0,1055.0,2,97.5,844.0,37.0,5.9,15,5,4.3
26.1,80.7,74.2,146.9,1,55.6,117.6,23.7,2.3,16,5,4.1
30.0,77.6,151.7,64.8,3,113.8,51.9,29.8,3.8,16,6,6.2
21.4,117.7,240.8,266.0,5,180.6,212.8,12.6,6.0,1,6,3.5
3.9,106.2,614.9,357.6,14,461.2,286.1,0.0,2.9,9,6,8.3
15.8,87.5,1022.0,153.3,14,766.5,122.6,18.9,3.3,10,6,14.1
83.6,43.5,298.1,97.5,4,223.5,78.0,81.6,7.3,2,6,19.8
55.4,78.5,1123.5,911.6,27,842.6,729.3,55.1,6.0,1,0,21.2
0.9,130.0,1146.8,213.8,26,860.1,171.1,0.0,5.0,3,1,18.0
3.6,80.8,1151.5,1098.4,18,863.6,878.7,1.7,3.3,7,2,12.2
2.8,104.9,1008.3,454.2,13,756.2,363.4,0.0,4.0,18,6,11.4
25.9,111.0,449.3,811.3,9,337.0,649.1,28.1,5.4,19,5,10.4
34.1,88.9,105.8,286.0,2,79.3,228.8,41.1,2.9,17,5,10.2
4.8,69.8,691.2,303.6,13,518.4,242.9,0.0,4.9,0,0,5.2
14.1,41.2,679.2,698.2,11,509.4,558.5,7.4,4.5,23,1,7.4
36.7,97.3,1023.0,681.6,20,767.2,545.2,36.9,4.9,22,6,17.2
26.4,70.3,1195.3,927.1,21,896.5,741.7,31.8,2.6,1,1,10.9
15.6,88.2,619.6,914.2,8,464.7,731.4,13.6,2.6,7,3,5.3
17.8,62.5,427.3,811.4,6,320.5,649.1,9.7,7.8,9,6,7.8
14.2,80.2,239.4,550.0,5,179.5,440.0,11.2,7.9,18,3,8.5
7.1,85.6,25.7,1071.0,1,19.2,856.8,0.0,4.6,6,5,3.9
16.6,89.8,620.8,754.6,10,465.6,603.7,11.3,6.7,16,5,4.4
23.4,64.9,675.5,1188.4,8,506.6,950.7,19.8,5.9,2,4,3.9
41.3,106.5,993.4,986.9,18,745.1,789.5,34.7,2.7,14,2,9.4
20.2,74.3,615.4,72.3,8,461.6,57.8,14.3,3.8,3,0,4.3
28.6,54.9,1101.4,398.3,14,826.1,318.6,27.0,3.9,16,4,12.6
3.5,83.0,761.1,694.8,15,570.9,555.9,2.6,5.6,10,2,6.5
12.4,85.6,1011.6,871.3,12,758.7,697.1,3.3,5.5,5,5,9.3
0.2,87.9,195.0,669.4,3,146.2,535.5,0.2,7.5,16,3,8.0
5.7,109.5,1029.3,947.6,14,772.0,758.1,1.8,6.7,9,0,17.5
25.9,80.7,816.7,353.5,17,612.5,282.8,27.5,7.1,0,1,12.7
96.1,82.8,220.9,237.0,4,165.7,189.6,98.0,7.3,17,1,26.6
2.1,65.1,243.9,83.6,4,182.9,66.9,0.0,6.8,13,4,2.1
10.3,99.8,1113.3,696.5,20,835.0,557.2,11.3,4.0,18,4,6.9
32.2,88.3,58.0,832.5,1,43.5,666.0,26.0,3.3,17,0,11.0
4.6,77.4,565.8,404.9,10,424.3,323.9,9.2,5.4,23,1,5.8
16.2,50.7,389.9,744.0,5,292.4,595.2,10.2,6.1,21,6,12.4
26.4,111.0,804.8,81.5,13,603.6,65.2,26.2,4.3,0,6,12.4
19.1,62.9,1010.8,137.2,25,758.1,109.7,16.2,7.1,21,4,31.1
4.2,74.4,445.2,848.1,6,333.9,678.5,0.0,7.8,0,1,2.8
8.8,91.5,523.7,454.3,9,392.8,363.5,11.3,5.4,8,3,16.3
30.6,63.5,1178.7,812.2,21,884.0,649.7,25.6,4.7,13,4,12.7
16.2,58.1,945.0,1001.4,21,708.8,801.1,5.7,7.1,2,5,21.1
0.1,46.8,1078.7,1026.1,21,809.0,820.9,0.0,2.1,11,6,11.0
28.6,98.0,537.7,223.2,11,403.3,178.5,22.2,2.8,16,2,11.9
0.7,75.2,296.2,593.8,3,222.2,475.1,5.6,7.1,16,4,7.2
27.4,130.0,506.0,886.0,8,379.5,708.8,31.7,6.4,1,3,8.8
4.5,67.1,865.0,933.3,21,648.7,746.6,0.0,4.5,5,0,16.1
63.4,68.4,149.1,945.9,3,111.8,756.7,59.6,7.3,0,6,9.2
9.2,74.8,339.2,289.2,8,254.4,231.4,4.9,4.1,22,1,7.8
7.9,89.4,75.0,247.2,1,56.3,197.8,0.0,5.8,11,6,7.0
3.2,76.5,530.2,716.2,11,397.6,573.0,0.0,5.8,3,5,7.7
7.3,96.0,996.4,894.5,15,747.3,715.6,10.2,3.1,22,0,2.9
41.9,67.4,49.1,396.6,1,36.8,317.3,42.4,3.7,15,6,6.0
112.2,60.1,816.9,143.6,10,612.7,114.8,111.5,7.5,19,4,22.4
9.2,52.6,1120.3,865.8,20,840.3,692.6,0.5,3.1,10,2,8.6
11.9,45.0,299.6,373.6,5,224.7,298.9,10.4,3.0,19,0,11.2
25.6,75.7,838.5,216.3,11,628.9,173.0,12.1,4.9,19,6,11.3
43.5,79.6,1170.6,194.3,19,878.0,155.5,45.7,2.6,9,2,8.9
18.0,73.6,1155.5,391.6,15,866.6,313.3,17.3,7.4,7,4,15.6
9.9,107.4,297.2,719.4,4,222.9,575.5,1.2,2.6,1,6,2.2
10.6,107.1,138.4,442.9,2,103.8,354.3,16.7,5.7,7,2,4.2
23.8,79.0,195.0,44.4,3,146.2,35.5,12.8,4.0,0,2,4.1
0.1,52.7,848.4,134.4,10,636.3,107.5,0.7,6.8,22,3,5.3
19.3,74.8,876.4,362.8,12,657.3,290.2,20.1,5.5,6,6,9.2
8.8,74.2,815.6,798.5,10,611.7,638.8,0.6,4.3,21,0,10.2
31.6,73.2,416.6,136.2,9,312.4,109.0,29.4,7.9,13,4,15.2
2.0,72.4,220.3,681.6,3,165.3,545.3,0.0,2.4,3,3,0.3
17.7,73.2,705.3,161.5,8,529.0,129.2,1.5,5.5,20,2,13.6
13.1,78.0,590.7,269.7,11,443.1,215.8,5.8,7.9,16,3,12.6
20.6,73.6,880.0,223.2,10,660.0,178.5,15.5,6.1,1,3,8.8
1.3,88.7,540.8,99.3,12,405.6,79.5,2.6,6.4,22,2,14.6
17.3,91.5,419.6,812.2,5,314.7,649.7,15.7,2.2,1,4,0.4
16.5,68.6,366.3,566.8,6,274.7,453.5,15.0,2.1,7,6,4.8
16.4,107.9,269.5,1000.6,6,202.2,800.5,9.4,2.2,6,1,0.0
18.5,67.4,333.6,136.7,4,250.2,109.4,13.9,8.0,7,3,7.4
22.6,55.9,131.9,190.8,3,98.9,152.6,15.9,7.9,19,0,7.3
32.7,91.9,429.3,381.6,10,322.0,305.3,24.6,4.0,16,2,7.2
6.3,70.3,63.2,923.7,1,47.4,739.0,1.3,3.7,22,1,0.6
34.9,90.8,240.0,380.8,3,180.0,304.6,33.2,2.9,16,3,0.0
13.8,41.7,901.2,501.9,10,675.9,401.5,8.9,4.0,6,2,2.2
1.6,110.1,404.1,375.9,9,303.0,300.7,0.0,4.2,4,2,8.1
1.2,97.1,808.5,114.7,13,606.4,91.7,2.7,6.5,14,3,11.5
8.1,58.0,865.9,1128.5,18,649.4,902.8,3.6,7.2,1,6,22.0
30.7,58.4,705.8,667.3,9,529.3,533.8,22.1,6.5,10,5,9.8
24.6,115.1,1151.3,949.6,25,863.4,759.7,25.4,5.9,16,5,23.8
31.1,71.7,45.3,796.9,1,34.0,637.5,30.4,6.6,23,0,6.0
14.6,70.0,891.6,626.8,18,668.7,501.5,14.2,6.4,12,2,19.9
11.6,44.2,1151.4,125.8,17,863.5,100.7,12.7,4.9,3,2,12.3
3.2,78.7,1037.5,778.4,12,778.1,622.7,3.5,4.0,23,3,7.1
8.0,80.9,218.1,203.3,3,163.6,162.7,6.1,3.7,17,1,3.6
11.4,97.9,405.6,509.0,9,304.2,407.2,21.3,6.1,13,2,9.7
1.9,59.8,223.5,762.4,3,167.6,609.9,0.0,7.8,18,6,5.8
5.0,57.6,729.5,943.0,9,547.2,754.4,0.1,5.5,2,2,2.3
18.2,93.1,860.4,828.4,18,645.3,662.7,21.1,7.5,3,3,19.7
26.6,103.1,394.1,812.4,9,295.6,649.9,25.3,2.1,8,5,12.7
128.1,56.7,656.6,195.9,13,492.5,156.7,129.9,6.8,20,2,32.4
54.1,104.5,835.3,428.4,11,626.5,342.7,52.9,7.1,22,6,12.5
20.6,85.7,517.2,70.6,7,387.9,56.5,25.4,5.8,13,3,8.5
10.9,104.7,1027.7,869.0,15,770.8,695.2,3.9,7.6,16,0,14.8
20.2,83.7,930.4,1144.1,18,697.8,915.2,24.9,5.5,1,3,20.8
30.8,39.6,96.3,331.7,2,72.2,265.3,34.7,3.4,13,6,13.2
2.5,82.3,752.9,123.5,9,564.7,98.8,0.0,3.3,21,5,0.0
10.5,104.1,297.7,581.2,6,223.3,464.9,11.7,5.3,15,1,7.4
36.6,68.9,677.9,1030.9,8,508.4,824.7,34.4,7.4,18,2,17.2
9.7,78.0,1149.1,671.3,17,861.8,537.1,4.7,2.4,15,0,5.7
17.0,81.8,1057.3,75.2,23,793.0,60.2,5.5,5.6,10,2,17.3
17.7,32.8,497.3,1169.6,8,373.0,935.7,10.7,6.6,13,2,13.7
4.1,115.1,364.0,997.8,4,273.0,798.2,5.6,2.7,6,6,6.8
9.0,68.8,296.6,175.3,5,222.4,140.2,11.1,2.7,4,5,1.6
8.1,94.1,648.4,1107.7,8,486.3,886.2,5.1,4.2,7,3,9.5
0.5,83.4,154.8,551.8,3,116.1,441.4,2.6,3.6,16,2,2.4
0.5,107.6,668.1,458.8,10,501.1,367.1,3.2,3.2,13,5,10.0
35.6,92.3,21.6,564.0,1,16.2,451.2,34.4,3.2,9,0,13.4
6.4,80.8,402.1,1004.8,5,301.6,803.8,0.8,2.8,21,6,2.7
14.6,68.9,279.5,798.2,4,209.6,638.5,14.8,5.7,11,5,10.2
7.1,99.4,1166.0,89.9,16,874.5,71.9,7.5,6.1,4,5,10.6
56.5,51.3,878.1,1150.0,22,658.6,920.0,57.9,6.2,7,5,17.2
6.0,96.6,432.6,194.4,8,324.4,155.5,8.3,5.2,11,6,11.5
11.2,65.2,129.6,899.8,2,97.2,719.8,2.4,7.7,3,4,0.0
41.2,107.5,629.8,770.6,14,472.4,616.5,36.7,7.3,12,5,24.2
36.9,87.9,271.9,241.3,5,203.9,193.0,25.4,7.7,20,2,16.8
4.1,96.6,653.0,221.5,12,489.7,177.2,5.9,4.3,16,5,7.1
32.5,86.5,1005.7,1047.0,11,754.3,837.6,29.4,7.3,23,3,22.7
12.3,53.5,746.6,515.2,10,560.0,412.2,12.4,6.6,20,1,11.5
13.2,69.5,767.9,792.4,13,575.9,633.9,3.8,4.0,4,2,6.7
2.9,97.1,658.4,614.8,7,493.8,491.8,7.9,2.6,5,5,2.8
1.7,88.0,1114.2,878.3,23,835.6,702.6,0.0,6.1,8,5,21.3
26.0,106.3,1119.6,585.5,18,839.7,468.4,27.9,2.8,4,3,8.6
13.7,92.3,625.0,359.1,9,468.8,287.3,12.3,3.8,1,2,7.5
11.5,67.6,380.8,448.8,9,285.6,359.0,8.5,5.0,2,4,3.6
26.2,70.7,562.3,1033.7,7,421.7,827.0,22.8,6.1,10,4,12.7
29.0,86.9,240.1,572.3,5,180.1,457.8,23.8,7.6,9,0,10.0
3.5,43.3,770.9,271.9,16,578.2,217.5,7.9,5.6,2,4,13.9
18.8,115.1,610.1,1122.8,13,457.6,898.3,16.9,6.0,8,6,12.0
2.9,93.0,141.9,960.0,2,106.4,768.0,0.0,3.9,7,6,0.0
27.8,107.1,253.2,85.7,3,189.9,68.5,23.9,6.1,15,3,12.9
21.4,56.5,586.0,1198.8,8,439.5,959.0,20.0,4.6,21,4,3.9
62.8,107.4,1067.4,840.0,16,800.5,672.0,65.2,7.1,20,3,26.9
1.4,125.2,688.3,209.1,13,516.3,167.3,0.0,4.4,1,2,5.6
1.2,61.2,824.2,299.9,12,618.2,239.9,0.0,4.8,9,0,8.0
6.6,98.9,420.1,837.1,7,315.0,669.7,4.7,4.6,23,5,5.2
6.1,85.0,694.3,940.1,15,520.7,752.1,8.4,6.9,13,5,11.0
5.7,57.2,547.9,302.1,7,410.9,241.6,0.0,7.7,4,5,9.4
47.3,93.9,797.8,323.2,17,598.3,258.6,47.9,4.0,21,0,13.0
5.7,100.0,79.7,382.4,2,59.8,305.9,1.4,4.9,0,5,6.9
6.3,74.2,602.1,725.7,7,451.6,580.5,2.7,6.2,12,4,1.8
28.5,106.0,369.3,222.7,5,277.0,178.2,36.5,7.4,3,6,10.7
11.9,55.0,404.9,143.0,6,303.7,114.4,9.0,5.0,20,5,10.6
30.0,58.1,1153.9,821.1,19,865.4,656.8,31.8,2.7,8,5,10.5
1.4,87.5,235.6,939.3,4,176.7,751.5,2.9,4.2,15,1,0.7
13.4,85.5,387.3,611.1,5,290.5,488.9,5.5,5.3,20,6,4.0
0.7,72.1,621.7,449.3,8,466.3,359.5,0.0,4.5,20,4,3.4
1.3,99.6,1038.4,529.8,16,778.8,423.8,3.4,3.1,18,5,10.7
47.4,94.6,511.7,478.3,6,383.8,382.7,40.0,2.2,23,1,9.7
3.0,100.4,897.8,1152.8,10,673.3,922.2,0.0,6.1,13,4,7.7
15.2,82.8,1030.5,926.3,17,772.9,741.1,18.3,8.0,22,3,18.7
10.6,95.8,385.8,265.5,5,289.4,212.4,3.5,7.5,23,3,1.5
8.5,77.0,483.4,473.3,7,362.6,378.7,2.7,6.1,19,5,3.1
46.0,122.0,440.7,661.9,7,330.6,529.5,53.9,7.0,7,5,14.2
0.4,70.4,1002.8,743.3,23,752.1,594.7,0.0,3.5,9,1,12.0
21.8,122.9,72.3,572.5,1,54.2,458.0,13.5,5.7,19,0,1.1
66.2,85.6,383.9,975.9,5,288.0,780.8,61.9,2.4,0,1,6.6
16.4,60.2,821.7,925.8,10,616.3,740.6,13.2,6.2,19,2,14.5
55.2,109.6,687.2,616.1,9,515.4,492.9,48.8,7.8,4,0,15.9
1.1,87.3,534.8,1028.2,11,401.1,822.6,0.0,7.2,14,1,10.8
10.9,100.3,657.1,906.3,11,492.9,725.0,16.4,5.2,7,6,7.4
6.0,107.0,253.1,938.7,5,189.9,751.0,5.3,6.7,9,6,11.2
26.2,91.1,528.2,1148.6,9,396.2,918.8,27.2,7.7,5,2,11.6
79.6,74.3,612.0,334.4,9,459.0,267.5,76.9,3.3,14,2,9.0
5.9,102.6,1083.4,335.8,19,812.6,268.7,5.4,6.8,14,6,12.6
21.2,85.0,327.8,1069.0,5,245.8,855.2,23.9,3.6,9,5,10.1
4.4,97.3,1044.0,931.2,17,783.0,745.0,0.0,7.3,20,6,22.8
16.7,46.2,780.2,1113.3,14,585.2,890.7,16.0,2.6,18,4,13.2
12.5,93.0,44.0,94.5,1,33.0,75.6,14.0,3.1,3,5,3.1
71.5,73.5,875.1,760.8,10,656.3,608.6,77.2,6.3,21,1,18.9
18.8,114.8,62.0,190.7,2,46.5,152.5,26.5,3.0,5,6,13.3
8.6,96.2,1196.9,614.6,30,897.7,491.7,6.9,2.9,14,3,13.0
2.4,89.3,1049.7,203.8,13,787.3,163.0,6.1,5.3,5,6,10.5
3.3,93.8,370.9,171.1,4,278.1,136.9,0.0,7.0,17,5,10.1
5.1,67.0,323.7,34.4,4,242.8,27.5,10.9,3.6,10,4,10.8
5.8,114.2,470.1,763.7,12,352.6,610.9,0.2,7.0,11,5,10.5
38.0,120.8,440.3,443.6,9,330.2,354.9,34.8,6.8,7,5,12.3
16.5,92.1,459.4,144.1,5,344.5,115.3,16.7,5.5,23,6,9.0
14.8,113.6,395.6,400.9,5,296.7,320.8,12.1,5.9,21,0,11.6
2.4,74.8,752.9,219.4,11,564.7,175.5,1.4,2.2,13,6,3.8
39.3,70.7,213.8,1131.2,4,160.4,905.0,45.3,4.2,3,6,6.3
25.7,85.7,1018.3,397.6,25,763.7,318.1,21.7,3.6,17,6,18.4
1.4,92.8,978.6,414.1,24,734.0,331.3,0.0,2.9,5,3,6.7
24.6,77.9,582.3,1011.0,8,436.7,808.8,31.7,4.3,5,2,14.4
15.7,94.7,1026.2,784.4,25,769.7,627.5,16.3,4.1,18,0,20.3
1.7,90.5,311.6,858.0,3,233.7,686.4,9.3,6.4,1,6,4.7
12.3,67.0,40.7,770.5,1,30.5,616.4,14.6,5.6,3,6,6.9
13.3,94.3,750.7,1136.5,10,563.0,909.2,4.6,7.5,23,4,6.8
3.6,100.5,560.3,264.3,12,420.2,211.4,4.9,2.9,4,5,0.0
58.3,88.1,689.3,1187.1,10,516.9,949.7,51.3,2.4,14,2,10.6
37.9,105.7,1081.2,1000.5,25,810.9,800.4,36.0,5.2,2,5,23.7
22.1,63.1,1164.5,715.0,15,873.4,572.0,19.7,2.0,15,2,5.8
12.4,93.4,768.7,801.6,11,576.5,641.3,2.3,6.7,12,2,8.2
10.6,63.9,921.6,785.6,21,691.2,628.5,4.5,5.0,11,3,14.9
21.1,64.9,118.9,88.9,1,89.2,71.1,30.1,4.9,20,4,5.1
15.8,73.6,209.6,277.3,3,157.2,221.8,15.0,4.2,8,4,9.9
1.3,68.0,885.2,1154.5,10,663.9,923.6,0.0,4.2,10,5,12.6
14.4,75.1,529.0,650.6,6,396.8,520.4,21.4,4.6,7,6,10.2
32.8,81.1,546.2,466.5,6,409.7,373.2,28.9,2.1,6,3,5.3
12.3,100.1,384.2,919.2,9,288.1,735.4,9.8,2.5,3,4,0.4
1.1,79.2,736.7,638.9,16,552.5,511.1,4.0,5.0,1,2,8.5
30.9,56.5,238.5,35.5,3,178.9,28.4,26.9,2.9,18,2,10.7
4.5,105.5,759.8,888.8,12,569.8,711.0,0.0,6.7,21,5,6.9
6.0,69.9,225.1,884.0,4,168.8,707.2,0.0,3.6,22,2,2.5
3.6,83.9,95.3,214.9,1,71.5,171.9,0.0,2.6,11,4,1.6
8.0,93.0,409.8,1148.9,8,307.4,919.1,1.3,3.4,2,1,2.1
28.3,88.6,292.7,284.2,4,219.6,227.4,27.1,4.1,18,0,5.3
14.7,104.7,1069.0,560.1,13,801.8,448.1,9.6,2.2,2,1,5.5
4.6,93.6,84.8,155.4,1,63.6,124.3,13.4,2.9,18,3,2.4
42.0,69.5,228.4,731.9,4,171.3,585.5,34.8,3.9,18,1,7.9
42.3,124.2,667.5,463.0,11,500.6,370.4,47.3,3.9,6,6,14.1
40.9,88.5,587.7,436.7,10,440.7,349.4,40.0,6.8,13,5,16.4
5.5,82.3,74.1,995.8,1,55.6,796.7,7.5,7.1,20,1,8.7
12.0,102.4,28.6,31.3,1,21.4,25.0,13.7,3.2,3,6,7.5
84.0,89.5,1185.9,961.6,19,889.4,769.3,70.9,2.7,5,5,10.5
29.6,92.2,797.4,694.3,12,598.1,555.4,27.5,5.8,13,3,11.5
0.6,129.9,451.2,1183.6,7,338.4,946.9,0.0,6.8,7,1,6.6
1.3,80.0,575.1,715.5,7,431.3,572.4,0.0,7.8,17,0,18.0
12.5,79.3,334.5,85.3,5,250.9,68.3,12.8,2.0,14,4,2.2
48.0,87.1,427.0,79.8,8,320.2,63.8,54.6,4.5,18,6,18.1
15.5,104.3,785.9,1062.1,11,589.4,849.7,0.1,6.4,17,3,20.4
13.8,57.9,1061.7,1012.6,13,796.3,810.1,9.1,7.0,14,1,13.2
2.2,49.6,237.3,428.2,4,178.0,342.5,0.0,2.4,22,2,0.3
21.4,74.4,1011.6,749.3,14,758.7,599.4,19.7,6.1,11,2,15.5
34.5,55.6,163.4,597.7,3,122.6,478.2,30.9,3.7,17,3,3.3
9.6,77.4,273.7,1161.3,5,205.3,929.0,4.5,2.4,4,2,1.3
29.9,94.0,63.9,1141.0,1,47.9,912.8,31.3,4.9,14,0,0.0
66.8,69.0,186.2,1180.9,2,139.6,944.7,72.9,2.9,8,6,16.2
4.6,59.3,1102.4,1042.4,16,826.8,833.9,15.9,6.4,7,1,10.6
14.8,86.2,562.1,1093.3,7,421.6,874.6,9.1,6.4,7,0,8.8
6.8,100.5,111.6,276.4,1,83.7,221.1,0.0,7.1,2,0,6.0
31.5,54.5,1152.5,1000.6,13,864.4,800.5,32.3,4.3,12,4,13.1
17.2,99.8,1057.2,856.5,16,792.9,685.2,23.3,2.1,12,1,6.0
20.1,99.7,910.5,1156.1,13,682.9,924.9,22.2,3.6,11,3,15.3
32.0,102.2,1121.5,694.1,18,841.1,555.3,38.0,4.8,14,2,15.6
10.1,106.9,279.8,120.5,6,209.8,96.4,7.0,6.2,13,6,4.3
49.3,124.6,1006.9,724.9,16,755.2,579.9,44.3,4.3,0,4,12.4
15.2,78.6,834.2,830.2,10,625.6,664.1,13.8,5.2,1,0,9.8
3.4,87.0,1046.3,280.0,13,784.7,224.0,0.0,5.1,22,2,3.4
23.8,77.5,960.4,485.1,11,720.3,388.0,25.1,3.0,3,1,5.4
31.5,85.0,428.9,726.2,10,321.6,581.0,34.4,5.7,12,0,12.6
7.6,112.6,933.8,461.4,14,700.3,369.2,10.9,4.6,9,0,12.1
38.9,60.8,329.7,462.4,7,247.3,370.0,39.5,6.8,20,1,9.8
47.3,69.5,407.7,177.0,8,305.8,141.6,46.5,6.1,12,3,8.0
6.5,109.8,147.3,1130.1,2,110.5,904.1,8.5,2.7,0,4,2.9
82.1,103.4,1123.4,905.6,17,842.5,724.5,70.3,4.9,10,1,24.5
3.0,78.5,363.4,21.5,5,272.5,17.2,2.1,6.2,17,2,12.3
4.5,100.4,634.3,923.4,15,475.8,738.7,2.8,2.5,8,2,12.2
4.1,91.1,481.8,893.0,8,361.3,714.4,3.1,6.8,5,0,10.1
44.9,112.0,1152.7,31.5,16,864.5,25.2,42.4,3.3,22,6,4.7
21.2,86.3,415.4,456.1,9,311.5,364.9,21.4,5.0,12,5,10.7
3.3,103.5,938.7,736.0,17,704.0,588.8,0.0,7.6,4,4,14.6
11.6,130.0,1029.4,554.2,24,772.0,443.4,15.3,5.4,9,3,17.2
19.1,95.8,534.0,938.0,7,400.5,750.4,19.5,4.5,4,3,8.3
1.7,85.9,466.2,522.0,5,349.7,417.6,0.5,2.0,21,5,2.5
42.8,98.0,902.3,201.6,11,676.8,161.2,37.3,2.8,9,2,15.6
32.6,78.4,1097.2,1172.2,12,822.9,937.7,34.6,5.5,4,3,10.3
14.1,128.0,910.8,305.6,11,683.1,244.5,13.1,5.0,19,6,12.4
68.3,88.2,288.0,866.9,3,216.0,693.5,62.5,4.2,20,2,6.5
10.8,80.1,1068.2,188.9,16,801.2,151.1,8.5,7.5,10,4,26.9
82.8,70.0,477.3,408.2,7,358.0,326.6,84.0,4.0,4,5,7.7
22.0,104.7,700.0,541.6,12,525.0,433.3,22.8,5.2,4,0,7.6
20.1,100.6,1001.1,246.8,12,750.8,197.5,20.6,5.4,16,6,6.8
3.6,76.0,242.3,551.0,5,181.7,440.8,2.1,5.2,20,2,8.7
42.7,95.4,945.7,205.5,22,709.3,164.4,45.9,4.9,4,4,15.4
11.2,57.8,723.5,679.6,8,542.6,543.7,15.3,4.0,0,5,10.3
3.5,88.3,1074.1,803.2,27,805.6,642.5,5.2,7.5,12,2,26.5
0.3,93.1,222.9,93.7,3,167.2,74.9,0.0,4.7,3,1,0.0
16.4,115.7,516.4,1047.9,7,387.3,838.3,9.1,5.2,7,2,9.2
15.0,71.1,1002.8,238.5,18,752.1,190.8,10.3,5.9,19,4,22.0
25.4,62.0,42.7,285.9,1,32.0,228.7,33.2,2.4,22,3,2.7
44.2,68.9,152.4,800.4,2,114.3,640.3,43.6,6.7,5,2,2.5
1.7,60.9,1188.9,573.1,23,891.7,458.5,10.3,5.1,14,0,18.2
26.3,109.1,350.9,609.3,4,263.1,487.4,23.7,5.9,14,4,8.3
4.2,112.9,1171.1,171.2,15,878.4,137.0,0.9,6.6,20,3,13.3
39.1,90.8,235.4,970.8,4,176.5,776.6,36.7,7.2,15,4,11.1
34.2,107.0,446.1,748.1,11,334.6,598.5,31.7,4.4,8,2,11.7
15.6,87.4,908.4,179.8,18,681.3,143.8,9.7,6.9,23,1,21.0
24.8,83.3,796.2,461.3,16,597.1,369.1,17.0,3.6,4,1,4.3
7.5,79.0,705.7,976.3,16,529.3,781.0,8.1,6.0,22,6,10.3
12.7,79.4,645.3,690.7,8,484.0,552.5,16.0,2.6,15,0,4.4
34.5,57.1,1015.3,148.2,17,761.4,118.6,44.7,2.1,6,5,7.4
12.3,89.8,297.2,459.9,4,222.9,367.9,8.1,2.6,2,5,2.9
8.9,84.3,542.1,306.4,10,406.6,245.1,5.1,3.9,9,6,8.9
13.6,98.4,203.4,630.6,3,152.6,504.5,7.8,2.2,15,0,1.9
35.2,86.7,723.2,1015.2,10,542.4,812.1,38.9,5.8,20,3,14.5
8.2,82.1,315.6,534.8,4,236.7,427.8,10.2,3.9,11,1,3.2
3.8,69.3,413.9,531.3,6,310.5,425.1,0.0,6.4,8,2,9.4
24.9,86.3,576.1,1088.3,10,432.1,870.7,18.4,2.3,15,6,5.3
35.0,98.3,51.6,699.9,1,38.7,559.9,37.7,3.3,8,4,5.6
2.1,64.4,128.5,688.1,2,96.4,550.5,2.0,4.4,23,6,6.2
5.5,86.6,829.4,329.1,19,622.0,263.2,7.3,4.3,21,4,12.4
3.1,89.2,526.2,737.1,8,394.6,589.7,0.0,2.8,22,1,6.0
8.6,72.1,1040.5,699.6,13,780.3,559.7,0.0,8.0,6,6,10.9
12.0,74.4,839.7,488.3,20,629.8,390.6,5.6,3.7,10,1,6.5
27.6,89.2,29.6,1189.0,1,22.2,951.2,29.1,6.3,16,4,10.5
21.1,64.6,747.7,1060.6,11,560.8,848.5,29.6,3.3,23,3,9.7
19.4,91.3,130.6,904.5,2,97.9,723.6,15.3,7.3,21,4,5.5
8.7,68.9,941.5,654.1,17,706.1,523.3,18.1,4.3,22,0,13.7
36.8,104.1,1190.0,565.2,22,892.5,452.2,39.0,7.4,9,6,29.7
12.7,127.1,646.8,238.2,10,485.1,190.5,3.8,4.1,14,2,2.9
77.4,69.5,825.7,380.8,14,619.3,304.6,76.4,2.1,9,6,12.1
20.1,94.6,300.0,933.3,4,225.0,746.6,22.4,5.1,1,1,1.9
2.7,71.9,536.4,555.4,7,402.3,444.3,0.0,5.1,15,5,7.0
22.6,103.7,1030.2,1061.1,13,772.6,848.9,23.8,2.7,6,6,3.1
7.9,62.2,217.6,194.5,3,163.2,155.6,11.7,3.4,23,1,0.0
23.2,93.7,333.3,619.8,4,250.0,495.9,23.2,6.7,20,3,7.8
1.4,69.3,545.6,783.4,9,409.2,626.7,0.0,2.2,14,0,2.1
3.8,81.3,860.5,629.9,10,645.3,503.9,1.0,4.9,16,6,6.6
38.7,66.4,463.5,1069.3,9,347.7,855.4,35.6,5.2,21,4,8.3
5.2,99.8,1114.7,1187.7,15,836.0,950.1,0.0,6.1,12,0,13.7
36.3,69.9,131.5,156.7,2,98.6,125.3,30.8,2.2,18,0,12.7
6.5,94.9,457.5,173.3,6,343.2,138.7,2.5,5.5,20,3,9.3
20.6,78.8,856.6,173.8,13,642.4,139.0,19.2,2.0,22,3,9.8
23.7,82.9,286.7,823.8,4,215.0,659.0,18.9,3.6,7,5,6.5
14.4,87.7,794.6,459.8,9,595.9,367.8,8.0,5.0,21,4,4.0
7.3,71.3,213.8,885.3,3,160.3,708.2,9.1,7.5,8,5,5.4
4.8,88.8,86.1,498.5,1,64.5,398.8,4.6,2.8,18,4,2.2
0.7,112.5,162.8,760.6,4,122.1,608.5,0.0,3.0,16,2,1.3
7.2,71.0,1117.4,928.4,22,838.0,742.7,7.8,6.0,9,0,20.3
21.2,106.1,671.1,666.9,8,503.3,533.5,16.9,4.2,13,4,8.8
55.7,112.0,959.7,656.6,13,719.8,525.3,54.0,5.7,11,3,18.5
41.0,70.3,412.5,124.1,6,309.4,99.3,43.9,8.0,19,2,15.9
29.1,58.8,719.3,504.7,12,539.5,403.8,24.0,7.9,23,5,10.7
31.1,90.4,604.0,664.0,14,453.0,531.2,23.2,4.1,21,2,11.4
21.9,75.1,1136.0,565.1,19,852.0,452.1,19.1,5.0,6,3,12.5
6.0,118.6,902.1,1082.9,14,676.6,866.3,0.0,7.4,8,4,15.7
47.5,85.6,882.0,1089.7,17,661.5,871.8,44.2,2.6,17,3,12.2
22.2,70.6,74.7,989.9,2,56.0,791.9,18.8,4.7,6,4,9.1
16.4,64.4,668.6,462.9,10,501.5,370.3,2.1,4.3,3,3,3.1
2.4,104.6,571.0,866.4,8,428.3,693.1,3.0,3.8,22,3,6.9
11.8,74.7,1114.9,486.4,21,836.1,389.2,8.9,8.0,7,1,21.6
12.3,85.8,323.7,294.5,5,242.7,235.6,16.2,6.4,17,4,5.8
40.0,102.2,338.4,424.6,4,253.8,339.7,39.1,4.3,14,0,5.5
15.8,76.3,505.4,103.7,8,379.0,83.0,17.5,7.0,6,1,1.0
9.6,84.2,307.2,411.5,4,230.4,329.2,13.5,4.9,7,1,10.8
75.3,84.7,172.4,563.7,2,129.3,450.9,72.6,7.2,0,1,8.5
2.3,97.3,1031.7,1147.5,23,773.8,918.0,0.3,3.6,10,1,18.6
11.0,95.6,678.8,389.8,15,509.1,311.9,1.1,3.3,9,0,16.3
0.9,81.0,1036.4,1084.9,16,777.3,867.9,5.1,3.5,4,1,6.3
26.9,86.1,1000.7,290.1,14,750.6,232.0,24.2,5.2,1,5,12.1
50.0,78.3,352.8,245.3,6,264.6,196.3,43.0,3.7,21,0,8.9
6.6,58.4,666.3,632.4,12,499.7,505.9,8.3,2.9,1,5,12.4
39.1,89.6,118.2,813.6,2,88.6,650.9,26.2,8.0,18,0,9.7
6.9,119.1,1100.0,72.3,27,825.0,57.8,2.8,7.4,15,5,25.0
48.3,69.1,497.0,280.9,6,372.8,224.7,50.9,5.8,10,1,9.3
28.0,71.1,484.5,557.7,9,363.4,446.2,23.9,7.3,13,2,8.1
32.7,69.3,377.3,410.6,4,282.9,328.5,27.1,7.6,21,0,5.7
0.4,98.0,563.6,860.9,12,422.7,688.7,0.0,6.1,4,1,13.8
65.8,93.1,317.1,623.2,6,237.8,498.5,53.8,5.1,3,6,17.4
25.9,82.1,462.3,209.2,9,346.7,167.4,27.5,7.3,22,6,13.1
7.3,68.5,963.9,1075.5,11,723.0,860.4,4.7,5.4,18,3,13.6
35.4,86.7,1004.4,365.6,25,753.3,292.5,32.0,2.8,9,3,18.7
6.6,56.8,378.9,882.7,5,284.2,706.2,3.3,4.2,22,4,1.3
41.2,87.6,573.4,940.3,7,430.1,752.2,39.3,4.7,8,6,17.4
2.4,100.7,1051.1,1156.5,14,788.3,925.2,3.7,7.6,17,0,12.8
24.3,62.5,82.2,608.2,1,61.6,486.6,22.1,6.0,4,6,2.1
15.6,57.4,1069.2,746.7,12,801.9,597.3,6.8,7.3,16,0,14.8
2.0,113.4,278.6,415.2,3,209.0,332.1,2.9,6.5,22,5,1.6
5.5,74.0,820.7,820.3,13,615.5,656.2,6.0,3.9,17,3,19.8
0.2,105.4,707.4,566.8,10,530.6,453.4,0.0,6.3,20,0,14.4
12.7,82.2,672.5,536.4,8,504.4,429.1,16.0,3.2,0,6,9.1
7.2,82.1,1034.0,1029.5,12,775.5,823.6,5.3,4.4,13,0,5.0
18.2,92.9,139.9,79.2,2,104.9,63.4,21.8,6.8,13,3,8.2
7.1,69.1,429.5,1060.7,5,322.1,848.6,12.1,5.7,13,1,8.7
7.1,87.4,655.1,1025.4,12,491.4,820.4,8.0,7.0,0,5,16.9
27.2,78.1,977.3,617.5,17,733.0,494.0,21.4,3.5,3,3,2.7
1.0,61.2,275.4,598.4,6,206.6,478.8,0.0,6.5,22,2,2.5
46.6,91.1,967.5,446.9,19,725.6,357.5,50.8,3.2,6,6,14.7
38.2,80.3,491.6,1193.1,7,368.7,954.5,28.8,5.3,23,6,10.0
22.0,82.2,242.9,151.2,4,182.2,120.9,18.1,4.6,11,3,8.8
18.0,63.2,915.6,716.5,18,686.7,573.2,14.3,5.3,12,5,8.5
44.6,113.6,127.3,824.4,2,95.4,659.5,38.2,2.8,14,3,6.3
4.1,100.8,627.4,1122.5,11,470.6,898.0,6.5,4.2,19,5,12.1
1.6,102.4,95.4,940.6,1,71.5,752.5,1.5,6.0,1,6,1.4
5.5,79.5,440.6,779.7,5,330.4,623.8,0.0,5.4,13,1,4.1
31.7,53.9,729.3,157.8,12,547.0,126.3,32.7,5.3,11,3,18.8
0.7,120.2,676.2,461.0,8,507.2,368.8,0.0,5.1,12,3,4.9
17.5,83.9,497.5,183.8,9,373.1,147.1,11.0,7.7,13,1,6.1
107.8,71.5,526.3,1059.8,7,394.7,847.9,102.2,7.6,2,6,22.6
38.7,92.5,287.6,904.6,3,215.7,723.6,38.9,4.2,12,3,10.6
14.7,106.0,557.9,913.9,9,418.5,731.1,17.4,4.1,7,1,6.9
1.3,84.6,1144.8,789.7,15,858.6,631.7,0.0,5.3,15,2,13.3
35.6,108.0,1023.5,618.3,19,767.7,494.6,36.3,2.6,5,1,4.8
18.3,104.5,191.4,197.0,4,143.5,157.6,24.2,3.8,10,0,9.1
2.4,65.6,55.1,409.0,1,41.4,327.2,0.0,3.4,14,0,0.0
2.0,72.9,1121.6,181.6,13,841.2,145.2,1.7,3.3,18,5,13.8
48.1,102.2,641.6,875.4,10,481.2,700.3,50.2,5.8,23,1,7.6
22.1,36.2,654.6,209.1,8,491.0,167.3,19.6,4.3,1,3,7.5
35.4,82.3,941.2,848.5,11,705.9,678.8,39.5,3.0,10,4,13.8
42.2,59.2,391.3,836.9,7,293.5,669.5,51.2,7.3,19,6,20.0
17.0,76.4,588.7,562.0,10,441.5,449.6,16.7,7.2,19,6,16.7
14.6,79.6,1163.0,179.6,16,872.3,143.7,11.4,7.2,8,4,23.7
11.3,78.6,813.1,391.5,12,609.9,313.2,14.1,4.3,23,2,11.4
7.6,75.1,201.4,397.7,4,151.1,318.2,9.8,2.3,22,2,7.5
11.4,65.3,177.2,846.5,2,132.9,677.2,0.0,2.6,3,4,0.0
29.7,126.3,261.0,154.2,3,195.8,123.4,27.7,3.7,22,4,3.1
18.4,118.6,924.7,998.3,15,693.5,798.6,14.4,3.3,16,1,9.9
44.6,64.1,368.5,918.0,5,276.4,734.4,44.6,7.2,23,4,14.8
11.7,113.5,45.2,239.8,1,33.9,191.9,8.7,7.9,7,0,0.9
18.7,77.8,1134.1,868.6,18,850.6,694.9,16.3,6.9,15,2,24.2
20.0,87.3,220.3,808.8,3,165.2,647.1,13.6,6.4,0,6,6.0
17.9,83.9,31.3,902.8,1,23.5,722.2,19.6,5.5,9,5,4.9
24.3,73.1,299.8,242.9,5,224.9,194.3,30.5,6.6,6,6,4.4
5.4,102.7,297.3,206.0,4,223.0,164.8,0.0,7.7,14,2,7.3
14.4,87.3,518.0,299.1,7,388.5,239.2,5.4,5.6,0,6,4.4
2.2,76.4,1106.1,451.7,19,829.5,361.4,0.3,2.9,21,0,6.4
9.7,61.5,1057.4,956.5,24,793.1,765.2,7.6,3.0,15,2,10.6
13.4,68.9,559.1,890.8,9,419.4,712.6,17.2,5.5,20,4,13.4
21.1,55.5,504.9,1112.0,7,378.6,889.6,13.0,4.0,1,2,12.7
60.1,85.2,674.9,89.2,17,506.2,71.3,55.4,7.5,2,0,23.1
18.4,63.5,307.3,33.6,7,230.5,26.9,5.6,5.7,14,2,5.0
27.2,80.2,81.6,845.0,2,61.2,676.0,32.1,6.1,23,5,3.3
14.1,109.7,1128.3,349.6,20,846.2,279.6,13.4,2.0,17,5,16.6
20.1,106.6,240.3,414.2,4,180.2,331.4,15.8,5.0,14,5,3.1
1.5,84.4,254.1,665.2,5,190.6,532.2,0.0,4.6,3,6,5.4
5.9,83.4,577.5,140.8,11,433.1,112.7,0.0,6.2,2,5,10.0
9.0,118.8,600.1,778.4,7,450.1,622.7,9.1,4.3,6,4,6.5
12.8,94.4,41.8,403.7,1,31.3,322.9,5.3,7.9,23,5,7.6
0.9,79.1,194.6,766.6,3,145.9,613.3,0.0,6.0,19,5,7.8
3.0,59.3,466.2,1004.1,5,349.7,803.3,11.2,6.0,21,1,9.3
6.5,92.1,826.8,221.9,12,620.1,177.5,2.7,7.5,18,5,17.0
71.2,99.9,289.5,1118.4,4,217.2,894.7,64.4,8.0,22,4,9.9
8.0,73.6,519.2,646.2,8,389.4,517.0,8.0,3.2,7,5,6.1
13.2,90.2,677.7,1109.1,17,508.3,887.2,5.0,6.9,6,2,13.5
4.4,78.5,1068.5,265.1,15,801.4,212.1,11.0,3.0,3,5,3.9
18.9,81.7,404.8,733.4,6,303.6,586.7,23.9,4.7,9,3,13.1
6.6,40.2,177.6,496.6,4,133.2,397.3,3.8,2.6,9,2,9.5
4.6,81.0,597.3,933.6,9,448.0,746.9,0.0,5.7,14,6,8.4
14.5,102.4,901.1,735.0,11,675.8,588.0,10.4,4.8,23,5,8.2
0.1,73.6,149.6,603.5,3,112.2,482.8,0.0,5.8,21,5,2.3
0.2,85.9,521.1,1097.3,8,390.8,877.9,0.1,6.1,17,2,6.5
4.9,71.4,41.0,465.0,1,30.7,372.0,8.1,5.7,9,0,-0.0
0.7,91.5,59.6,279.6,1,44.7,223.7,0.0,3.8,22,3,4.1
2.3,81.1,589.9,737.6,7,442.4,590.0,5.3,7.0,8,0,14.5
8.3,68.1,371.9,756.4,5,278.9,605.1,9.4,5.3,8,5,7.9
32.4,109.0,1017.2,538.1,17,762.9,430.5,27.9,4.9,21,0,19.0
17.0,101.7,730.5,594.2,17,547.9,475.4,9.5,7.9,15,4,20.1
14.4,74.1,555.6,1152.3,10,416.7,921.8,13.0,3.7,16,1,7.6
6.9,94.0,501.4,884.6,7,376.0,707.7,0.0,5.2,15,2,12.6
53.7,94.7,606.7,150.5,8,455.1,120.4,56.8,6.1,5,3,8.1
10.1,96.6,67.7,270.3,1,50.8,216.3,2.5,2.8,4,2,1.7
1.8,54.5,1073.5,1171.2,17,805.1,936.9,2.6,4.1,6,0,6.3
19.2,103.1,1198.0,877.2,17,898.5,701.8,16.8,6.8,12,6,15.0
2.4,74.7,234.2,1099.8,3,175.6,879.8,0.0,3.4,7,1,1.7
8.5,78.6,162.1,378.6,3,121.5,302.8,6.0,5.0,0,0,3.0
14.2,130.0,189.4,895.4,3,142.1,716.3,17.6,5.8,9,2,5.1
41.5,90.4,800.0,862.5,12,600.0,690.0,33.5,6.0,19,4,17.6
13.6,78.0,800.5,367.7,9,600.4,294.2,9.5,6.4,19,2,9.9
24.2,45.3,1020.6,670.0,17,765.4,536.0,18.5,7.2,0,0,22.5
98.7,110.0,907.2,760.3,10,680.4,608.3,96.5,4.4,19,3,22.3
2.8,60.8,550.6,587.7,8,413.0,470.2,0.0,6.2,22,6,8.0
6.4,66.9,743.2,996.1,14,557.4,796.9,0.0,6.4,13,3,10.2
10.0,79.0,832.2,1002.8,17,624.1,802.2,2.8,3.8,14,3,9.8
11.0,110.5,625.0,1023.7,13,468.8,819.0,17.1,7.8,5,6,17.8
10.6,98.9,581.3,968.0,9,436.0,774.4,9.8,7.2,19,3,12.1
47.6,82.2,781.2,595.9,19,585.9,476.8,46.7,3.7,1,3,8.2
25.0,90.5,677.8,470.1,11,508.4,376.1,21.6,6.1,6,5,13.5
18.7,74.2,779.9,1001.0,9,584.9,800.8,16.5,6.3,23,1,11.0
7.4,87.5,743.2,598.4,10,557.4,478.8,3.3,4.6,19,1,11.9
34.7,86.3,868.7,310.7,11,651.5,248.6,35.4,7.2,18,4,15.0
62.0,102.4,778.5,618.7,17,583.9,494.9,60.6,6.1,4,3,22.6
34.4,102.4,633.3,187.4,10,475.0,149.9,26.6,5.9,21,0,15.1
0.0,93.9,824.5,836.1,15,618.4,668.9,0.0,3.3,7,0,7.5
20.2,78.5,550.4,416.4,6,412.8,333.1,5.9,4.4,2,2,4.3
1.0,98.4,305.2,327.6,6,228.9,262.1,1.1,4.6,12,3,2.6
6.0,83.3,21.7,1148.7,1,16.3,918.9,0.0,6.4,5,6,0.5
1.2,65.5,680.8,936.7,10,510.6,749.4,0.0,5.7,20,6,9.9
18.5,77.7,717.0,948.7,11,537.7,759.0,10.5,2.5,22,0,4.4
23.2,86.5,1167.0,756.0,14,875.3,604.8,21.2,3.8,13,5,10.4
2.4,101.4,446.5,1010.2,9,334.9,808.2,3.3,4.8,6,4,9.3
9.7,81.7,485.1,915.8,8,363.8,732.6,15.2,6.4,10,0,18.1
12.2,63.2,258.1,726.6,3,193.6,581.2,2.5,6.5,21,5,0.8
9.2,86.0,103.2,1154.1,2,77.4,923.3,12.1,4.9,8,5,4.7
2.6,87.0,931.9,246.1,16,698.9,196.9,1.2,2.7,9,4,12.9
10.9,88.3,314.6,1133.2,8,236.0,906.6,6.6,3.8,19,3,6.0
27.8,101.6,738.5,493.7,10,553.9,395.0,29.6,3.5,16,2,3.9
1.5,103.3,831.6,643.5,9,623.7,514.8,0.0,6.7,7,2,4.6
1.7,74.3,576.1,164.8,8,432.0,131.9,3.3,3.1,21,1,3.4
8.8,73.9,1054.1,657.3,13,790.6,525.9,1.8,4.8,5,3,14.6
56.9,66.3,543.7,741.2,8,407.8,593.0,51.7,6.0,20,0,15.5
22.1,97.6,356.2,1197.3,7,267.1,957.8,24.8,7.8,10,6,14.9
22.7,111.1,1077.3,1170.7,26,808.0,936.6,28.1,8.0,2,2,24.9
9.0,79.3,1036.6,1160.3,14,777.5,928.3,6.8,7.7,5,5,18.1
18.0,80.7,213.6,431.1,3,160.2,344.9,2.1,6.3,16,4,7.6
0.2,111.4,50.6,1189.7,1,38.0,951.8,0.0,6.5,6,5,0.0
20.2,94.1,126.2,557.5,2,94.6,446.0,18.4,6.6,5,4,1.7
48.9,92.9,358.1,1025.2,4,268.6,820.1,45.7,7.2,20,0,16.2
19.0,63.6,1167.3,275.3,18,875.4,220.2,18.6,7.7,12,0,18.3
41.4,97.2,679.0,616.9,11,509.3,493.5,37.0,4.7,13,3,8.5
25.7,68.3,460.4,1159.9,8,345.3,927.9,27.9,4.5,18,0,10.7
2.6,64.6,1068.7,1137.5,17,801.5,910.0,0.0,4.8,7,0,11.3
46.5,78.8,554.7,826.8,7,416.0,661.4,50.7,6.0,12,0,13.8
1.4,74.5,392.0,961.4,9,294.0,769.1,7.1,6.7,19,6,14.4
15.3,81.0,1130.6,228.2,13,848.0,182.5,8.7,7.2,8,2,18.2
3.1,59.1,1022.4,871.6,11,766.8,697.2,0.0,4.7,4,3,6.2
0.2,102.3,1015.5,749.3,15,761.6,599.4,0.3,4.2,10,6,12.6
11.0,105.3,624.5,128.0,11,468.4,102.4,3.0,7.9,6,6,10.7
7.0,49.9,951.5,153.5,19,713.7,122.8,2.5,3.4,5,0,8.0
13.3,102.6,231.6,148.0,4,173.7,118.4,16.8,3.3,11,6,13.3
17.2,70.4,696.4,874.7,16,522.3,699.8,18.9,6.3,11,0,18.9
0.9,100.4,1180.9,187.2,19,885.7,149.8,8.8,3.1,5,5,8.3
2.6,83.8,363.3,571.9,8,272.5,457.5,1.5,4.4,3,5,2.6
16.4,85.5,957.3,441.2,13,718.0,353.0,11.3,3.8,12,6,0.3
8.4,81.7,598.8,669.6,10,449.1,535.7,6.7,3.0,11,4,16.3
26.1,106.8,67.0,853.6,1,50.2,682.9,23.4,5.5,14,2,11.5
21.1,62.7,920.4,828.0,14,690.3,662.4,18.4,4.2,7,0,11.9
37.4,95.9,218.9,628.3,2,164.2,502.7,35.2,4.8,12,2,1.8
23.6,104.8,765.1,567.9,10,573.9,454.3,16.9,3.2,10,3,20.2
11.2,97.9,121.1,489.4,2,90.8,391.5,10.7,6.6,10,3,2.3
22.4,126.8,1137.3,1037.1,14,853.0,829.6,13.3,3.9,10,5,14.6
6.4,75.5,364.2,410.4,5,273.2,328.3,0.9,4.1,18,1,1.6
7.3,102.2,287.2,326.1,3,215.4,260.8,4.7,3.5,20,6,0.0
31.1,83.1,172.4,897.1,3,129.3,717.7,17.8,4.6,16,6,6.1
11.8,107.2,1136.3,444.5,14,852.2,355.6,13.7,4.8,0,4,11.4
32.0,84.9,860.0,1019.5,16,645.0,815.6,19.8,5.2,12,1,14.1
34.6,78.0,895.2,406.9,10,671.4,325.5,35.9,7.8,19,2,22.9
39.0,108.5,609.3,848.3,11,457.0,678.6,30.5,7.4,8,4,18.0
49.7,76.2,580.2,73.2,7,435.1,58.6,45.7,5.7,22,5,13.1
11.3,59.6,149.8,475.0,2,112.4,380.0,11.9,2.2,23,0,0.0
7.7,75.7,680.6,425.0,14,510.5,340.0,16.7,5.7,10,5,21.6
17.5,96.1,311.4,983.7,4,233.5,786.9,16.0,2.5,8,5,12.3
9.3,110.1,1173.0,1161.1,26,879.8,928.9,0.0,6.3,16,4,20.1
18.4,87.0,960.0,563.8,19,720.0,451.1,21.1,4.3,6,4,14.2
24.5,108.7,507.3,993.3,8,380.5,794.6,21.3,7.0,7,3,7.2
23.3,60.6,198.6,845.6,2,148.9,676.5,21.7,7.7,1,1,3.9
9.4,77.0,946.7,1161.5,15,710.0,929.2,10.2,4.5,13,3,12.3
3.7,79.8,164.0,977.1,2,123.0,781.7,0.0,4.8,9,3,7.7
11.3,82.9,243.4,111.4,3,182.6,89.1,9.3,5.5,8,1,1.6
3.1,86.5,269.6,861.7,3,202.2,689.3,0.0,3.2,0,3,0.0
44.2,97.4,677.1,651.9,9,507.8,521.5,48.3,7.6,11,4,16.1
8.5,77.0,948.7,39.4,19,711.5,31.5,10.1,4.6,13,2,13.0
3.4,87.5,390.9,316.5,7,293.2,253.2,0.0,3.0,18,0,4.1
0.5,84.2,119.9,1107.7,3,89.9,886.1,4.8,6.6,10,6,3.0
20.8,68.3,568.2,1112.8,8,426.1,890.2,21.0,3.3,8,0,0.6
20.3,83.0,902.8,962.6,18,677.1,770.1,10.5,2.9,16,6,16.0
8.3,82.4,281.6,1178.5,5,211.2,942.8,6.6,5.4,19,6,9.3
1.5,82.0,279.5,971.7,3,209.6,777.4,4.7,6.0,5,3,0.0
10.5,85.6,1137.7,32.0,20,853.3,25.6,2.5,5.4,5,1,18.2
7.5,86.4,1145.9,359.6,17,859.4,287.7,12.3,5.9,19,4,23.8
22.6,77.2,1188.7,56.1,20,891.6,44.9,13.0,2.7,9,3,14.0
18.6,107.9,973.0,131.0,22,729.8,104.8,12.7,4.9,9,4,21.4
9.1,63.9,242.1,278.2,4,181.5,222.6,2.4,4.1,16,4,8.0
4.9,72.0,270.1,614.2,4,202.6,491.4,9.8,7.8,20,6,12.1
88.5,130.0,421.5,1020.1,5,316.1,816.1,84.1,2.3,13,6,12.9
12.1,66.3,395.4,1037.1,7,296.5,829.7,4.3,3.8,4,5,0.0
23.3,60.6,1148.7,747.1,19,861.5,597.7,23.5,7.7,2,6,10.8
3.0,98.2,951.1,1115.2,12,713.3,892.2,4.3,7.9,10,0,19.5
13.3,47.6,874.3,610.1,11,655.7,488.1,14.6,6.9,18,2,14.9
0.6,80.8,239.4,1069.1,3,179.6,855.3,0.0,2.5,19,2,3.8
14.1,123.6,1093.2,555.8,12,819.9,444.6,13.4,5.4,18,1,17.0
66.5,57.2,996.9,347.1,12,747.7,277.7,61.2,4.4,13,2,10.1
9.7,49.3,213.1,1101.4,4,159.8,881.1,16.1,6.8,14,3,6.3
0.8,58.0,1048.0,477.8,13,786.0,382.2,4.5,2.3,2,0,5.3
0.6,101.2,341.3,614.0,5,255.9,491.2,4.0,3.2,2,0,5.7
9.8,105.2,115.4,408.1,2,86.6,326.4,11.8,4.9,22,4,4.4
3.5,75.8,795.1,802.1,14,596.3,641.7,4.1,2.9,8,3,11.1
0.5,97.3,791.5,1194.1,15,593.6,955.3,0.0,6.2,10,3,14.2
28.2,110.0,132.0,50.1,3,99.0,40.1,29.4,6.9,14,4,4.8
12.3,117.2,396.2,1081.8,8,297.2,865.5,10.8,6.2,16,5,8.9
6.8,80.6,1191.5,24.6,28,893.6,19.7,11.1,4.6,23,5,16.1
46.1,43.6,820.5,449.8,10,615.4,359.8,48.1,7.3,11,4,16.4
2.5,70.2,881.5,219.0,10,661.1,175.2,3.2,2.8,16,0,8.8
62.4,77.3,271.2,913.7,4,203.4,730.9,52.0,3.6,8,6,10.1
7.5,80.3,113.0,79.7,1,84.7,63.8,5.1,4.9,12,3,0.2
43.9,81.6,346.7,673.1,7,260.1,538.5,39.1,2.4,7,2,11.2
18.5,105.1,313.7,368.0,4,235.3,294.4,17.7,2.6,21,2,1.2
35.1,107.9,296.8,177.7,5,222.6,142.2,31.0,4.4,5,6,7.8
82.7,81.9,247.5,930.7,6,185.6,744.6,79.3,7.7,22,6,15.7
6.8,104.8,698.2,276.6,15,523.7,221.2,7.1,7.5,23,0,14.3
65.0,91.4,407.2,283.9,7,305.4,227.1,60.8,4.8,6,2,9.7
9.9,86.2,988.0,344.6,23,741.0,275.7,8.5,2.9,0,2,5.4
9.7,101.3,237.1,712.4,4,177.8,569.9,0.1,3.1,9,6,9.1
8.3,86.3,568.3,798.4,13,426.2,638.7,2.2,4.3,14,3,11.8
15.6,122.0,36.1,40.8,1,27.1,32.6,16.9,3.3,13,3,6.3
3.3,59.1,588.4,305.4,11,441.3,244.3,0.0,2.5,3,1,5.4
16.1,75.7,85.9,528.5,1,64.4,422.8,20.4,6.0,3,3,0.0
15.6,82.7,1173.7,411.7,23,880.3,329.4,18.5,5.5,8,1,24.6
28.7,92.9,952.9,1063.3,18,714.7,850.7,25.4,3.7,14,5,11.1
35.9,107.8,598.3,949.5,8,448.7,759.6,48.9,6.7,11,3,15.7
11.6,84.6,122.2,758.6,1,91.6,606.8,15.8,6.7,8,4,9.8
7.2,59.4,719.1,418.9,12,539.3,335.1,0.5,4.9,2,3,9.1
6.0,100.2,915.3,846.8,11,686.5,677.4,7.7,2.6,14,1,8.5
4.3,98.6,245.0,1015.5,4,183.8,812.4,2.7,7.5,20,2,9.7
1.2,50.0,690.5,721.9,14,517.9,577.5,0.0,6.0,10,3,13.8
8.4,84.9,980.8,945.7,17,735.6,756.5,1.0,3.5,5,2,7.2
6.3,56.4,926.5,903.9,13,694.9,723.2,9.3,5.7,14,2,12.8
67.9,73.0,967.5,694.7,17,725.6,555.7,62.9,4.4,6,3,11.6
16.3,68.7,1057.6,388.4,14,793.2,310.7,13.8,5.8,18,3,14.1
8.5,99.6,1126.5,900.0,22,844.8,720.0,1.9,4.8,13,4,6.5
17.4,87.1,498.5,264.0,7,373.9,211.2,11.6,4.9,3,5,7.8
3.0,61.9,691.1,939.8,12,518.4,751.8,0.4,6.4,20,1,16.3
11.7,100.8,953.0,969.4,15,714.7,775.5,11.7,5.7,0,3,9.2
19.7,59.2,842.6,990.1,12,632.0,792.1,4.7,2.5,23,2,2.2
13.4,90.9,1194.7,578.0,16,896.0,462.4,11.5,2.4,22,2,9.8
10.3,70.3,36.1,247.1,1,27.1,197.7,4.5,3.8,12,3,0.0
101.8,78.4,439.1,137.7,5,329.3,110.1,106.8,4.6,10,1,20.9
42.5,94.1,351.6,897.2,5,263.7,717.7,55.2,3.7,17,5,14.1
19.5,94.4,329.5,1065.8,6,247.1,852.6,15.7,5.9,22,2,4.9
16.9,109.1,282.6,788.0,3,211.9,630.4,6.2,3.2,8,5,9.4
19.4,83.5,856.8,190.1,12,642.6,152.1,18.0,6.2,20,5,15.5
4.5,90.5,120.0,1123.2,2,90.0,898.5,1.5,6.6,10,4,11.8
10.1,77.1,895.1,1187.1,19,671.3,949.7,17.9,2.7,5,2,7.2
0.8,88.3,838.2,531.4,13,628.7,425.1,7.1,5.9,15,1,6.7
12.9,92.9,315.9,721.9,7,237.0,577.5,15.2,7.8,4,0,8.8
15.7,83.2,318.3,937.1,5,238.8,749.7,10.7,3.2,0,4,5.6
5.2,52.5,762.1,888.9,13,571.5,711.2,6.6,7.5,21,4,12.3
66.5,91.0,919.4,1162.0,12,689.5,929.6,65.8,5.6,13,0,21.6
48.0,91.6,1054.3,155.6,21,790.7,124.4,47.2,5.5,22,4,23.5
25.6,72.8,1025.5,705.3,13,769.1,564.2,15.8,2.3,20,4,8.8
15.2,61.9,1158.6,836.5,21,868.9,669.2,18.6,6.5,18,4,23.4
40.8,111.6,706.0,1070.3,11,529.5,856.3,39.3,4.9,5,2,4.7
2.8,93.8,1092.2,1051.4,14,819.2,841.2,0.3,6.3,11,2,19.1
31.3,80.9,974.0,1174.0,14,730.5,939.2,26.3,6.9,6,3,12.8
2.7,64.5,1075.7,624.3,19,806.8,499.4,0.0,5.1,9,3,17.2
31.6,70.2,33.7,1000.3,1,25.3,800.2,31.2,3.6,9,2,7.2
6.5,108.4,1159.8,524.2,21,869.8,419.4,0.0,2.8,12,4,3.1
41.9,87.5,578.8,518.3,8,434.1,414.7,43.9,3.0,6,1,10.9
57.7,75.1,961.9,319.0,17,721.4,255.2,50.4,7.2,18,0,21.3
3.2,94.2,170.1,985.5,2,127.6,788.4,0.0,2.7,0,3,0.0
12.4,70.3,487.2,1183.3,7,365.4,946.6,19.5,4.3,14,6,10.1
79.3,112.0,340.3,322.5,7,255.2,258.0,73.0,4.0,13,6,8.4
13.2,109.4,364.2,86.2,7,273.1,69.0,7.6,7.2,12,4,13.1
39.8,76.6,165.4,982.3,3,124.1,785.9,43.5,4.9,6,6,3.7
17.8,73.7,970.8,751.9,16,728.1,601.5,25.0,8.0,11,3,19.3
9.4,37.9,30.9,1152.4,1,23.2,922.0,0.0,6.4,7,5,4.2
6.7,58.3,388.8,317.6,6,291.6,254.1,0.0,7.1,14,1,12.0
4.5,60.9,225.8,103.8,3,169.4,83.1,0.0,2.6,16,5,1.9
28.7,87.4,715.1,601.1,14,536.3,480.9,31.4,3.5,20,4,17.4
9.8,79.1,320.0,120.8,4,240.0,96.7,16.0,2.8,11,6,3.7
14.3,60.8,325.6,328.9,6,244.2,263.1,6.9,4.8,12,2,4.1
13.6,79.9,596.2,168.7,11,447.2,134.9,18.6,6.3,7,1,10.4
17.2,94.1,790.2,284.5,11,592.6,227.6,11.7,3.0,9,3,5.8
40.1,94.5,163.1,145.3,2,122.4,116.2,39.8,2.8,6,6,0.0
79.0,50.8,227.1,1145.6,4,170.3,916.5,70.6,5.7,1,4,10.3
10.5,82.7,311.7,348.7,4,233.7,279.0,7.9,3.4,15,5,8.7
35.1,60.1,1169.0,543.8,14,876.8,435.0,32.6,4.9,3,4,13.0
28.9,101.2,488.6,1080.4,6,366.5,864.3,25.3,2.3,5,0,2.7
17.0,99.1,726.8,819.2,17,545.1,655.4,17.0,6.1,6,6,7.5
62.5,68.8,305.0,749.3,4,228.8,599.4,55.5,5.2,22,0,8.0
4.5,71.2,598.7,852.6,8,449.1,682.1,0.0,5.9,18,5,9.1
2.3,76.7,107.5,998.0,1,80.6,798.4,2.5,3.7,23,0,2.6
38.5,44.4,61.0,1055.6,1,45.7,844.5,43.2,3.7,22,2,5.9
11.6,91.0,573.1,778.3,6,429.8,622.7,9.5,6.8,3,4,8.8
37.5,80.1,490.4,1070.2,8,367.8,856.2,38.1,6.3,9,4,17.1
44.7,102.5,181.5,651.8,4,136.1,521.4,46.5,5.5,3,3,7.8
1.3,65.2,831.4,347.2,13,623.5,277.8,3.4,5.8,19,6,14.0
43.0,73.9,1191.6,1058.5,28,893.7,846.8,36.2,2.6,4,6,13.5
11.9,57.9,486.9,658.9,9,365.1,527.2,6.0,7.1,13,6,3.3
14.3,66.9,757.0,1089.2,11,567.7,871.4,8.8,6.6,10,2,17.2
19.7,63.7,1156.3,67.4,21,867.2,53.9,27.3,5.5,1,6,24.3
52.2,102.9,1001.2,489.1,13,750.9,391.3,52.7,7.5,8,6,21.8
0.4,72.4,567.0,1138.4,7,425.2,910.7,0.7,3.0,21,6,0.4
13.0,87.2,890.2,314.6,15,667.7,251.7,12.8,6.1,11,0,16.8
23.3,78.1,171.2,1131.0,2,128.4,904.8,14.7,7.8,23,4,3.2
25.7,62.1,624.3,1145.6,14,468.2,916.5,33.3,3.9,0,0,11.6
23.6,82.0,349.3,1060.9,4,262.0,848.7,24.0,2.1,21,1,2.9
2.9,95.8,210.2,685.1,3,157.6,548.1,4.5,6.4,14,2,0.0
7.1,63.3,523.0,783.4,9,392.3,626.7,0.0,2.0,5,0,3.8
8.9,99.6,174.6,1046.1,3,130.9,836.9,10.8,7.2,23,2,12.3
32.6,69.7,844.8,935.6,15,633.6,748.4,28.9,2.3,16,5,3.3
6.5,76.3,558.4,763.5,7,418.8,610.8,0.0,5.9,20,6,14.0
4.7,94.6,646.8,1179.1,8,485.1,943.3,0.0,4.3,14,4,6.5
63.1,73.1,192.7,829.1,3,144.5,663.3,54.8,3.2,13,1,4.8
0.2,85.7,184.9,1171.1,3,138.7,936.9,0.0,7.4,18,3,2.5
122.6,79.3,708.4,87.7,15,531.3,70.2,120.9,6.5,21,6,25.3
22.6,87.3,1182.3,184.0,19,886.7,147.2,18.7,4.0,8,1,17.2
35.3,42.1,133.6,552.7,1,100.2,442.2,34.9,3.7,2,2,0.4
7.0,52.1,357.2,474.2,7,267.9,379.3,13.4,6.4,14,1,11.4
0.3,96.1,1046.0,943.6,12,784.5,754.9,0.0,7.0,16,4,8.9
26.8,103.7,105.3,209.5,1,79.0,167.6,13.6,6.3,1,2,5.7
35.9,68.6,1053.5,1171.8,12,790.2,937.4,32.7,5.8,3,6,15.0
27.0,80.6,638.7,391.8,13,479.0,313.4,30.9,3.4,13,2,12.6
3.1,90.3,501.8,526.1,10,376.3,420.9,0.7,7.1,10,4,9.9
28.0,97.5,385.4,344.2,9,289.1,275.4,33.6,6.5,11,5,22.8
29.3,48.5,370.6,703.6,5,277.9,562.9,29.6,5.1,22,0,3.6
21.5,69.1,380.8,89.2,5,285.6,71.3,10.3,5.1,15,3,8.8
29.1,79.0,1064.1,196.6,22,798.1,157.3,27.6,5.4,11,5,20.0
37.4,97.7,874.1,900.0,11,655.6,720.0,36.9,7.0,1,6,13.6
19.0,130.0,810.3,240.1,15,607.7,192.1,22.4,6.5,6,5,14.4
1.9,80.9,962.5,297.9,21,721.9,238.3,9.0,7.1,20,1,26.1
13.4,59.7,323.4,955.7,5,242.5,764.6,15.9,5.0,22,6,9.2
1.6,92.2,749.3,130.1,17,562.0,104.1,1.8,5.7,2,6,10.3
10.5,108.8,562.9,536.2,11,422.2,429.0,11.9,7.1,2,5,8.2
10.5,86.9,943.3,47.2,16,707.5,37.8,7.6,3.4,12,3,0.8
1.4,68.7,384.9,429.2,5,288.7,343.4,0.0,4.7,6,6,4.1
8.6,102.2,779.0,844.8,10,584.2,675.8,6.8,5.7,4,6,7.6
2.4,96.9,1061.0,126.3,17,795.8,101.1,2.2,7.5,20,3,20.4
33.0,66.5,494.5,1068.2,6,370.9,854.6,25.0,2.1,4,5,5.0
59.0,91.9,98.6,1093.2,1,74.0,874.6,63.6,3.3,19,4,14.6
1.5,103.0,628.9,143.9,11,471.7,115.1,4.5,3.4,21,0,4.1
62.1,106.3,428.2,1189.1,6,321.2,951.3,53.2,4.0,5,3,10.8
14.8,83.8,813.2,371.1,11,609.9,296.9,19.6,3.7,12,2,7.9
7.1,78.6,1142.2,119.2,16,856.7,95.4,3.6,5.5,6,5,8.5
1.6,107.1,593.0,26.0,8,444.8,20.8,0.0,7.3,1,6,5.3
13.9,63.2,570.1,502.1,8,427.6,401.6,17.3,5.8,21,0,11.5
31.6,92.9,792.4,763.2,13,594.3,610.5,29.4,3.4,8,4,15.9
24.6,60.3,142.1,412.0,2,106.6,329.6,32.1,7.2,18,5,13.1
1.0,104.2,319.1,1007.3,7,239.4,805.9,0.0,5.8,1,3,4.9
1.5,80.4,1104.4,865.6,13,828.3,692.5,0.0,3.3,12,5,0.0
10.3,107.8,810.5,433.2,14,607.9,346.6,6.9,4.2,7,4,2.7
7.0,93.8,35.9,886.5,1,26.9,709.2,8.9,6.7,15,1,1.6
5.3,63.0,261.5,1129.8,4,196.1,903.8,0.0,6.4,0,4,0.0
6.6,110.6,825.7,129.9,14,619.3,103.9,0.0,5.5,10,2,18.3
32.5,112.9,922.0,381.2,11,691.5,305.0,31.7,2.9,7,4,4.7
53.0,100.9,1011.0,566.7,16,758.3,453.4,43.6,6.8,20,0,21.9
10.4,71.3,364.8,607.6,5,273.6,486.1,9.9,3.8,19,1,13.9
47.3,79.5,1118.6,659.8,20,839.0,527.8,43.6,6.6,0,5,24.7
7.8,87.6,672.5,374.7,13,504.4,299.8,8.2,5.9,20,5,15.8
12.9,72.3,841.9,807.4,14,631.4,645.9,4.0,3.6,6,2,8.6
5.1,115.5,724.2,781.2,10,543.1,625.0,9.6,3.3,8,1,7.4
20.5,87.6,164.8,701.8,2,123.6,561.5,17.5,2.8,21,2,5.9
77.2,36.3,1156.5,154.2,17,867.4,123.4,79.1,3.5,1,5,18.5
18.5,91.1,165.0,582.8,2,123.7,466.3,21.3,2.9,20,1,7.3
8.9,78.7,320.8,440.3,4,240.6,352.3,1.1,5.7,18,3,10.4
20.9,83.7,980.1,599.4,11,735.1,479.5,23.3,5.6,5,4,12.9
2.6,78.4,749.9,1107.8,16,562.5,886.2,0.0,5.5,4,0,8.0
43.9,99.5,1009.0,587.0,23,756.8,469.6,35.1,5.9,12,0,24.2
14.0,105.2,628.6,36.5,11,471.4,29.2,21.8,6.9,9,3,16.6
11.9,90.1,464.9,537.8,10,348.6,430.3,15.5,7.5,0,6,11.9
17.6,78.9,1107.8,988.4,17,830.8,790.7,26.0,3.4,17,1,10.7
19.6,84.3,62.8,940.5,1,47.1,752.4,15.8,5.5,20,4,2.6
1.5,85.4,1030.2,625.8,15,772.7,500.6,0.0,2.5,13,3,0.0
23.0,70.6,292.4,314.7,4,219.3,251.8,23.6,2.7,11,1,16.6
5.5,95.4,1021.5,568.8,12,766.1,455.0,3.5,5.9,5,4,17.5
25.0,93.3,184.3,685.2,2,138.2,548.1,19.3,4.9,13,1,0.0
34.6,112.7,704.7,1199.8,15,528.5,959.9,28.1,6.5,16,0,10.4
32.6,107.6,1068.0,780.1,19,801.0,624.1,31.7,4.6,6,4,12.3
16.1,72.7,578.8,839.2,11,434.1,671.4,8.7,2.8,2,0,9.6
14.7,99.8,900.9,599.9,18,675.7,479.9,7.2,7.2,16,0,19.8
3.1,67.9,969.5,438.3,14,727.1,350.6,3.1,2.5,22,4,12.6
29.9,97.5,889.1,979.3,13,666.8,783.4,27.4,3.1,22,3,7.3
6.3,75.7,1111.9,604.0,22,833.9,483.2,9.0,3.7,9,1,13.0
13.7,66.6,547.3,1193.7,7,410.4,955.0,9.6,8.0,2,4,8.8
6.7,90.0,224.3,559.4,3,168.2,447.5,1.8,4.5,15,5,2.2
2.9,36.9,76.4,100.2,2,57.3,80.2,3.0,5.0,5,0,3.9
19.9,53.5,310.8,825.4,5,233.1,660.4,13.8,6.6,3,1,6.8
1.1,81.8,189.0,75.0,2,141.7,60.0,0.0,5.8,19,4,13.4
27.6,86.5,678.4,315.6,10,508.8,252.5,22.5,7.0,8,3,16.1
7.6,78.4,238.2,437.4,4,178.7,349.9,4.6,4.9,6,4,0.0
0.0,56.6,65.9,892.6,1,49.5,714.1,6.9,7.8,15,4,2.1
14.3,70.3,62.5,603.2,1,46.9,482.6,5.4,6.8,5,2,5.3
1.0,92.0,1001.3,53.8,22,750.9,43.0,5.4,4.4,11,5,19.5
6.5,95.5,717.9,747.9,9,538.4,598.3,8.2,4.3,2,1,8.1
24.6,84.7,442.5,505.5,10,331.9,404.4,30.4,7.6,11,4,11.6
1.3,105.8,1075.2,1107.8,20,806.4,886.2,15.0,6.1,19,0,17.2
36.6,92.2,102.8,609.5,2,77.1,487.6,41.7,5.7,13,0,6.4
0.1,71.5,1176.8,856.6,15,882.6,685.3,2.7,6.5,13,2,14.5
5.7,80.0,747.2,278.3,18,560.4,222.6,0.0,5.4,8,0,13.7
27.0,59.7,236.5,917.9,4,177.4,734.4,19.1,3.0,3,4,9.8
7.6,83.1,821.3,870.7,12,616.0,696.6,7.4,3.9,22,1,8.8
2.1,105.0,920.8,1086.8,15,690.6,869.5,0.0,5.3,19,2,12.5
8.9,97.3,526.6,59.9,10,395.0,47.9,10.0,2.1,14,5,13.9
6.3,110.2,1036.7,548.1,19,777.5,438.4,0.0,4.6,6,6,10.0
37.0,79.5,197.9,821.4,2,148.4,657.1,40.8,6.5,19,2,9.4
7.5,109.2,349.0,132.3,4,261.8,105.8,3.9,3.0,18,3,5.2
31.1,81.5,130.3,504.5,2,97.7,403.6,29.7,2.4,5,3,4.3
44.5,111.5,268.8,1131.7,6,201.6,905.4,38.7,7.0,18,1,10.2
11.4,84.6,301.7,534.4,7,226.3,427.5,0.0,5.7,6,1,9.0
48.1,97.7,1102.8,1182.8,14,827.1,946.2,52.3,3.1,0,6,14.6
9.5,111.6,112.2,87.1,2,84.1,69.7,14.2,6.8,6,2,6.6
66.5,81.5,524.3,867.0,7,393.3,693.6,62.8,5.9,2,4,10.6
1.9,88.9,648.2,705.6,9,486.2,564.5,3.2,4.0,5,4,3.8
23.2,108.2,1080.5,610.6,13,810.3,488.5,19.3,4.3,22,3,11.6
13.6,82.6,1197.3,1165.6,14,898.0,932.5,13.1,2.9,5,1,7.5
9.8,61.2,909.0,173.0,11,681.7,138.4,11.6,7.0,10,6,12.4
20.0,123.6,1165.5,1077.3,18,874.2,861.8,20.8,5.1,1,1,6.5
24.3,76.5,948.8,835.7,17,711.6,668.5,29.0,5.3,5,4,13.6
0.1,87.9,1156.6,325.6,18,867.4,260.5,0.7,7.3,21,3,18.3
3.7,105.8,854.6,1084.0,13,640.9,867.2,1.8,2.1,17,4,9.9
25.0,74.0,114.1,526.6,2,85.6,421.3,19.2,2.4,22,4,0.0
22.0,66.9,494.3,980.8,10,370.7,784.6,17.6,3.0,13,2,9.2
67.7,89.6,783.0,478.8,11,587.2,383.1,69.7,2.2,11,1,21.1
28.6,52.7,433.8,1024.1,7,325.4,819.3,19.1,5.9,8,2,11.1
60.2,79.8,342.6,771.2,5,256.9,617.0,63.8,5.8,12,2,10.2
24.2,89.4,701.3,186.4,13,526.0,149.1,20.8,3.3,19,4,10.2
7.1,80.1,1121.5,786.6,18,841.1,629.3,1.0,2.9,20,3,10.2
2.2,57.2,61.3,245.8,1,46.0,196.6,0.0,2.9,21,4,5.3
30.4,113.7,927.7,506.1,11,695.8,404.9,31.8,7.7,0,5,11.3
20.7,86.9,872.8,220.9,14,654.6,176.8,18.6,6.2,7,3,13.8
1.0,110.8,1157.5,46.0,23,868.1,36.8,6.9,5.5,8,6,20.3
8.9,80.3,1118.2,270.0,27,838.7,216.0,0.6,3.9,16,1,14.8
62.8,69.2,919.4,652.9,12,689.6,522.3,57.9,4.6,12,5,12.4
13.9,89.8,634.1,588.2,12,475.6,470.6,11.4,2.5,3,5,8.4
11.3,81.1,261.0,611.8,3,195.8,489.4,5.6,8.0,5,5,8.2
12.2,63.8,663.4,312.3,10,497.5,249.8,10.3,6.5,12,0,10.9
4.7,111.5,923.1,828.5,17,692.3,662.8,4.3,5.7,16,1,11.9
9.2,73.8,1076.9,851.0,15,807.7,680.8,9.6,5.5,18,4,18.2
9.2,51.9,951.9,442.4,18,713.9,353.9,14.8,5.0,22,3,11.0
1.1,108.9,250.4,1059.8,3,187.8,847.8,0.0,3.5,23,5,3.4
29.2,75.9,727.6,779.9,13,545.7,624.0,28.9,3.4,7,0,6.9
10.8,74.1,412.0,861.4,5,309.0,689.1,5.5,5.3,20,5,9.5
34.5,53.2,30.9,347.3,1,23.1,277.8,34.7,2.4,16,3,0.9
38.0,116.3,256.3,20.7,3,192.2,16.6,38.1,2.4,16,6,9.4
4.8,61.8,153.6,1041.1,4,115.2,832.9,0.0,5.4,23,3,0.0
21.4,86.1,1014.4,990.5,18,760.8,792.4,14.9,7.5,20,6,22.4
12.8,101.4,325.0,165.4,4,243.8,132.3,13.3,7.5,14,0,0.3
42.4,92.6,355.9,461.4,5,267.0,369.2,40.5,2.1,0,0,10.1
4.9,83.9,1152.7,800.4,23,864.5,640.3,1.8,2.6,1,1,13.7
22.7,54.4,467.3,789.5,8,350.5,631.6,23.9,5.5,19,2,8.2
18.7,70.4,31.3,1035.2,1,23.5,828.2,20.4,7.1,9,5,8.8
7.0,88.4,354.9,185.5,5,266.2,148.4,2.4,7.7,15,0,4.8
2.9,70.8,160.8,527.3,3,120.6,421.9,0.0,7.2,22,5,5.2
21.1,88.7,141.3,134.7,3,106.0,107.8,12.8,6.1,3,2,10.3
26.8,97.3,111.4,479.7,2,83.6,383.8,25.0,3.2,7,2,5.3
7.6,102.3,720.0,37.8,12,540.0,30.3,0.0,2.4,15,2,2.1
20.7,62.9,243.4,1080.0,5,182.6,864.0,19.2,2.3,6,6,1.5
10.1,124.5,446.3,641.9,5,334.7,513.5,14.1,5.7,4,2,4.7
25.0,98.8,1037.2,1022.8,22,777.9,818.2,21.2,2.2,22,0,6.3
4.4,85.0,520.7,90.7,6,390.5,72.6,0.0,6.4,7,5,8.2
44.2,104.6,1100.5,288.4,18,825.4,230.7,52.2,6.3,2,3,23.4
6.8,127.6,607.6,326.1,10,455.7,260.9,12.3,2.5,2,5,9.9
9.2,59.1,490.6,476.3,10,368.0,381.0,3.3,7.4,17,5,12.9
1.2,80.9,905.5,967.4,13,679.1,773.9,0.0,5.1,3,0,12.7
2.4,42.2,106.3,476.1,1,79.8,380.9,2.0,7.4,3,0,8.7
14.5,88.5,125.6,261.5,2,94.2,209.2,13.5,7.4,14,4,0.0
6.2,91.6,789.3,96.7,18,592.0,77.4,13.3,3.2,14,4,8.1
36.1,84.3,594.6,113.8,7,445.9,91.0,34.5,4.3,3,1,7.3
0.3,73.2,952.7,916.9,11,714.5,733.5,0.0,2.8,1,2,7.1
9.5,48.1,1101.2,544.9,18,825.9,435.9,11.0,6.6,22,2,21.2
8.2,91.7,478.3,876.9,7,358.7,701.5,12.2,5.0,2,4,0.5
0.4,111.2,723.8,825.1,12,542.8,660.1,3.1,7.6,9,3,13.8
2.7,74.4,610.8,179.7,11,458.1,143.8,3.3,3.2,0,1,9.2
10.7,92.9,1178.3,188.6,27,883.7,150.9,0.9,6.1,17,5,22.4
13.6,56.8,1000.7,911.3,16,750.5,729.0,9.1,7.9,4,3,19.9
10.4,93.2,1095.9,871.1,14,821.9,696.9,12.5,6.0,8,4,18.1
15.1,77.9,320.1,466.1,8,240.1,372.9,14.4,2.4,19,5,11.1
18.1,71.3,931.6,111.4,13,698.7,89.1,20.2,5.5,5,3,14.2
0.2,71.3,333.3,34.3,4,249.9,27.4,7.6,3.1,18,2,6.4
12.5,77.9,266.3,360.0,5,199.7,288.0,4.6,2.2,8,4,6.1
66.2,91.9,1134.2,30.9,23,850.7,24.7,69.9,4.0,17,5,21.9
14.6,61.4,42.8,291.5,1,32.1,233.2,11.0,3.6,23,3,3.2
22.6,77.9,1159.2,515.0,22,869.4,412.0,25.3,6.7,14,1,13.7
7.5,84.3,196.1,163.3,4,147.1,130.6,5.3,4.2,14,1,5.0
29.7,65.2,986.9,143.0,17,740.2,114.4,38.4,6.4,13,0,24.7
29.6,117.3,345.6,1077.8,6,259.2,862.2,28.3,2.1,2,6,5.7
14.7,69.6,433.8,710.9,5,325.4,568.7,9.5,2.1,7,5,2.8
74.6,73.0,275.8,1122.7,4,206.8,898.1,74.7,2.2,18,4,13.3
2.7,67.4,710.9,428.1,12,533.2,342.5,2.3,3.3,10,4,11.4
0.3,117.4,430.8,819.0,6,323.1,655.2,4.0,4.2,3,5,8.5
29.4,95.0,795.7,261.5,9,596.8,209.2,29.6,5.6,14,4,9.4
32.9,68.1,38.5,749.6,1,28.8,599.7,43.3,7.9,23,2,6.8
2.6,104.9,96.0,172.9,2,72.0,138.3,0.0,4.1,9,2,0.9
6.2,88.6,137.6,22.5,2,103.2,18.0,3.7,2.3,19,4,5.8
0.4,89.6,514.4,1119.2,6,385.8,895.4,0.0,3.2,10,5,2.6
6.9,78.8,981.5,674.8,20,736.1,539.8,5.4,7.4,8,3,21.0
29.7,71.5,1068.0,1113.8,23,801.0,891.0,28.8,6.2,21,2,23.6
14.6,91.1,308.9,413.9,5,231.7,331.1,14.0,6.7,16,5,9.6
8.6,75.2,697.8,406.8,16,523.3,325.4,6.9,2.7,8,4,12.2
9.3,117.7,926.7,492.8,13,695.0,394.2,4.2,2.8,22,2,10.1
0.0,62.2,360.8,853.1,8,270.6,682.5,0.0,2.7,8,5,1.3
7.1,112.7,502.6,687.7,12,377.0,550.1,3.3,7.1,23,0,17.2
20.8,83.0,638.3,1111.9,10,478.7,889.5,24.5,3.3,8,1,8.4
73.1,90.4,179.2,50.0,2,134.4,40.0,77.9,5.9,22,6,11.5
37.6,100.0,50.7,855.7,1,38.0,684.5,35.2,5.1,21,0,2.5
0.5,73.7,200.3,409.8,3,150.2,327.8,0.0,5.3,1,4,3.5
45.8,100.6,759.7,232.7,8,569.8,186.1,43.4,3.2,12,5,8.2
30.6,36.3,106.9,622.3,2,80.2,497.8,39.0,5.8,22,1,13.1
30.3,72.0,243.8,616.0,4,182.9,492.8,33.3,2.3,0,3,14.0
12.2,68.4,418.7,181.7,7,314.0,145.3,13.0,8.0,5,4,11.7
10.2,62.4,111.9,258.2,2,83.9,206.6,13.0,2.2,5,3,2.3
7.2,81.1,246.2,501.6,4,184.7,401.3,12.9,2.3,15,3,9.1
1.4,91.9,1095.3,502.4,18,821.5,401.9,0.0,3.9,11,2,7.2
5.2,97.6,42.8,394.7,1,32.1,315.8,1.2,7.0,14,2,0.0
5.7,89.3,791.0,195.3,16,593.3,156.2,1.0,3.5,6,1,7.1
13.2,73.0,473.6,25.2,9,355.2,20.1,14.2,4.8,1,1,6.3
27.5,91.6,813.7,1164.9,12,610.3,931.9,26.3,2.1,11,5,7.7
12.8,87.2,714.7,1133.3,17,536.0,906.7,14.6,2.5,19,2,13.7
1.2,101.8,283.7,590.7,6,212.8,472.6,0.0,5.6,1,6,4.7
63.3,99.0,1019.7,1194.2,12,764.8,955.3,68.2,3.2,3,1,12.1
57.2,85.5,600.5,814.9,9,450.4,651.9,54.9,6.2,2,5,17.8
30.8,68.8,990.6,101.3,23,742.9,81.0,32.2,6.7,1,0,20.9
95.0,73.2,499.1,158.9,7,374.3,127.1,98.9,7.1,17,4,24.6
15.7,75.1,1181.9,1101.0,27,886.4,880.8,19.3,2.8,2,0,11.1
65.8,79.3,929.2,763.5,12,696.9,610.8,65.6,4.7,9,4,17.0
1.6,89.8,1159.8,1015.0,15,869.9,812.0,3.7,7.7,11,5,16.3
9.1,97.9,626.9,1080.0,9,470.2,864.0,15.8,6.6,3,2,5.2
5.1,84.1,579.0,548.6,8,434.2,438.9,5.7,2.7,22,6,1.4
4.4,85.3,911.4,77.3,21,683.6,61.8,0.0,5.0,19,0,11.4
3.0,87.6,1058.7,242.2,14,794.1,193.7,4.0,7.5,6,6,14.6
19.5,75.7,1157.7,98.6,25,868.3,78.8,17.3,4.6,19,3,19.3
30.4,68.3,403.0,242.7,7,302.2,194.2,16.7,7.0,18,0,17.2
17.3,53.4,962.5,504.4,11,721.9,403.5,17.6,5.0,7,1,6.3
3.2,72.5,268.6,159.5,4,201.4,127.6,1.8,2.6,2,0,1.2
33.3,93.5,663.8,216.7,8,497.8,173.4,37.1,2.9,14,2,11.8
20.2,72.3,232.2,546.1,5,174.2,436.9,14.5,2.3,7,2,7.0
9.8,80.7,429.9,421.4,7,322.4,337.1,0.3,3.2,17,6,8.6
22.4,93.4,1119.0,571.8,26,839.3,457.5,21.3,7.4,13,1,22.1
6.0,94.4,192.4,526.4,3,144.3,421.1,5.9,5.9,18,4,9.3
8.5,65.6,766.2,780.5,17,574.7,624.4,6.9,6.4,3,1,13.5
49.9,102.9,719.7,1125.9,15,539.8,900.7,48.0,5.7,2,5,14.0
6.9,105.3,162.5,147.3,3,121.9,117.8,0.0,4.3,21,4,7.4
12.7,64.7,404.7,137.1,5,303.5,109.7,10.0,3.3,8,2,12.9
44.2,70.2,684.3,1026.3,14,513.2,821.0,40.4,7.6,9,6,18.5
24.6,106.4,240.9,617.5,3,180.7,494.0,28.0,5.1,7,6,11.6
1.3,82.4,964.7,924.4,21,723.6,739.5,1.2,4.9,19,2,16.6
3.2,45.0,1167.1,274.2,28,875.4,219.4,0.0,8.0,1,5,31.1
0.2,59.8,273.4,998.1,5,205.1,798.4,6.8,4.3,0,4,11.2
19.9,80.5,240.6,1110.1,3,180.4,888.1,16.6,7.1,3,0,4.5
11.9,64.1,556.8,769.9,12,417.6,615.9,12.7,7.2,15,0,13.1
2.9,77.6,902.4,144.9,20,676.8,115.9,0.0,3.4,4,1,11.5
63.4,85.6,352.3,1076.4,5,264.2,861.2,69.5,2.6,17,6,19.4
15.1,111.3,43.5,955.1,1,32.6,764.1,13.5,7.9,13,2,3.0
5.5,79.8,658.6,906.0,9,494.0,724.8,4.1,4.6,12,0,8.8
13.9,104.3,1148.8,63.3,23,861.6,50.7,11.2,2.0,15,2,4.7
22.8,110.7,481.7,962.8,8,361.3,770.2,21.7,5.0,14,1,2.4
1.6,110.8,515.8,182.8,10,386.8,146.2,5.6,5.7,18,3,10.1
6.4,90.1,1163.3,282.4,19,872.5,225.9,8.7,6.7,3,2,14.5
32.9,49.7,839.6,701.0,11,629.7,560.8,31.0,7.7,18,3,21.4
12.3,93.3,868.6,332.7,11,651.5,266.1,18.8,7.5,23,6,13.0
15.8,103.9,684.0,800.4,10,513.0,640.3,18.2,7.6,12,2,9.7
11.3,83.5,1170.0,737.5,14,877.5,590.0,7.2,2.2,10,4,6.2
0.9,116.4,832.9,147.6,16,624.6,118.1,0.0,6.3,17,5,15.2
3.6,100.5,1076.1,794.1,21,807.1,635.3,0.0,3.4,10,3,16.5
11.8,95.2,845.3,1110.3,12,634.0,888.2,11.9,3.1,21,4,3.1
4.7,104.6,887.4,210.1,12,665.6,168.1,5.7,6.8,0,5,10.6
1.0,91.0,362.7,724.5,9,272.0,579.6,5.8,4.5,14,4,5.3
37.1,40.1,378.1,423.4,5,283.6,338.7,29.6,7.5,23,1,11.4
79.5,76.0,943.9,562.3,16,707.9,449.9,75.3,2.3,9,1,23.2
31.5,106.5,370.1,358.7,5,277.6,286.9,23.6,6.8,21,0,5.5
38.5,70.5,684.1,437.9,9,513.1,350.3,29.8,2.8,3,3,8.5
5.5,81.0,314.2,54.1,5,235.7,43.3,0.4,3.1,5,0,2.8
64.7,66.2,984.0,1178.2,25,738.0,942.6,64.5,4.9,1,6,19.9
4.4,117.1,150.4,757.3,2,112.8,605.8,6.2,4.4,16,3,2.6
60.5,115.3,998.7,610.8,13,749.1,488.7,53.8,4.9,11,1,24.6
105.3,69.1,731.2,472.8,14,548.4,378.2,99.2,7.6,21,1,23.6
24.9,87.7,240.6,656.5,4,180.4,525.2,14.0,5.9,23,5,5.6
79.4,72.8,659.6,468.5,7,494.7,374.8,78.5,3.7,4,5,10.3
16.9,96.1,353.3,444.7,6,265.0,355.8,11.2,3.0,23,1,5.8
6.0,94.2,401.7,567.5,8,301.3,454.0,12.3,4.5,18,6,7.5
11.5,99.6,434.8,345.7,9,326.1,276.5,11.5,4.7,5,3,7.2
18.0,91.0,94.7,232.5,1,71.0,186.0,15.1,5.6,16,6,4.5
1.5,130.0,1183.4,676.8,14,887.6,541.4,0.0,3.6,18,6,7.7
19.5,66.5,57.2,1014.5,1,42.9,811.6,10.0,6.6,19,1,12.8
79.5,54.2,801.7,200.3,15,601.3,160.3,70.6,2.6,20,0,22.6
4.2,77.9,458.0,58.6,6,343.5,46.9,0.0,5.4,2,4,12.6
31.5,56.8,782.3,311.2,11,586.7,249.0,26.0,5.7,7,5,13.2
47.7,58.1,440.4,1176.1,6,330.3,940.9,40.7,3.2,4,6,9.1
57.5,67.0,815.0,997.9,17,611.3,798.3,57.4,7.0,22,3,20.2
64.4,68.4,880.5,723.1,12,660.4,578.5,65.0,5.7,4,4,15.5
14.7,67.8,834.9,1116.5,14,626.1,893.2,10.4,5.9,23,0,15.1
75.7,94.3,154.5,545.4,4,115.9,436.3,83.4,5.0,16,2,12.4
28.3,75.9,795.1,1180.3,12,596.4,944.2,17.6,7.5,18,5,17.5
3.5,81.8,350.4,369.6,4,262.8,295.7,1.8,6.2,18,1,9.8
13.0,101.1,54.0,303.6,1,40.5,242.8,9.9,4.3,9,5,4.1
25.3,71.2,509.5,772.9,6,382.1,618.3,20.6,3.4,2,5,11.0
5.7,80.2,531.6,466.2,12,398.7,373.0,0.2,2.4,21,5,4.6
20.5,91.6,571.3,759.1,7,428.4,607.3,18.4,3.0,12,0,7.7
22.0,50.1,851.7,379.9,19,638.8,303.9,18.8,8.0,15,2,18.0
3.6,42.1,384.4,749.1,7,288.3,599.3,0.0,4.4,11,3,9.6
16.7,91.2,392.0,345.4,6,294.0,276.3,8.2,7.4,21,0,6.1
29.5,93.9,91.5,80.1,1,68.6,64.1,19.4,3.0,20,3,6.6
13.8,122.2,830.4,1096.3,11,622.8,877.1,10.4,4.6,16,4,3.9
0.2,87.8,690.0,1062.2,10,517.5,849.7,0.0,7.8,1,4,13.5
0.2,99.8,432.3,1165.5,6,324.2,932.4,0.0,2.5,15,3,4.0
8.8,81.5,852.1,865.5,10,639.1,692.4,6.3,5.6,10,6,7.1
52.1,90.4,654.1,825.6,10,490.6,660.5,47.5,7.5,0,4,14.0
5.2,115.0,573.7,679.6,11,430.3,543.7,2.1,7.7,11,4,14.4
20.1,46.8,623.4,168.6,13,467.5,134.9,13.9,7.1,5,1,15.4
5.0,92.4,770.9,243.3,13,578.2,194.6,10.6,7.1,18,3,17.0
7.8,123.4,798.8,361.6,11,599.1,289.3,1.8,5.9,4,3,12.9
37.7,90.1,361.0,1070.4,9,270.7,856.3,33.8,3.3,21,2,11.2
26.1,114.7,186.1,224.1,4,139.6,179.3,20.5,6.4,20,5,17.9
2.0,73.7,204.8,1109.0,5,153.6,887.2,0.0,7.9,2,1,0.0
11.2,84.4,774.5,636.9,11,580.9,509.5,9.3,5.2,17,0,17.2
0.6,85.6,1050.0,864.4,20,787.5,691.5,0.0,3.6,17,1,15.9
13.1,45.1,503.2,150.1,10,377.4,120.1,8.8,5.4,11,0,12.5
21.7,64.0,220.0,337.5,3,165.0,270.0,18.3,6.1,17,3,8.0
2.5,65.3,912.8,1151.1,12,684.6,920.8,0.0,3.2,9,1,9.1
6.8,99.8,1002.3,334.1,18,751.8,267.2,6.8,6.3,3,6,15.7
10.1,100.7,1059.1,369.9,15,794.3,295.9,18.4,5.5,19,2,15.6
50.4,90.8,736.1,253.2,16,552.0,202.5,44.0,5.7,18,5,14.8
100.0,99.8,1035.7,172.3,12,776.7,137.8,99.9,3.8,23,4,14.2
0.9,82.0,38.2,295.2,1,28.6,236.2,0.0,2.9,3,0,0.0
28.6,106.6,146.5,777.9,2,109.9,622.4,30.0,5.7,23,4,7.1
9.3,85.2,129.2,557.3,1,96.9,445.9,10.8,5.5,10,5,2.3
10.0,86.0,860.9,673.4,11,645.7,538.7,9.0,4.0,2,3,9.1
28.1,80.2,102.1,164.4,2,76.6,131.5,25.9,3.8,14,3,-0.0
50.1,97.3,605.7,966.5,9,454.3,773.2,46.0,4.1,15,3,11.3
60.3,77.4,577.8,945.2,13,433.3,756.2,54.5,4.9,11,4,20.2
17.2,102.6,386.6,45.5,5,290.0,36.4,14.7,7.8,17,5,10.5
8.8,64.6,1047.1,472.5,13,785.3,378.0,0.4,6.6,23,6,11.8
31.0,65.2,221.1,101.1,2,165.8,80.9,26.0,7.1,5,3,7.7
5.8,97.4,435.9,954.7,6,326.9,763.7,9.3,5.0,14,3,3.5
16.6,83.4,933.5,890.0,14,700.1,712.0,15.1,5.2,1,4,11.9
8.9,76.8,55.9,1084.3,1,41.9,867.5,11.3,3.2,22,3,1.2
21.4,101.0,814.1,299.0,14,610.6,239.2,26.7,6.3,11,5,24.0
5.5,74.1,983.3,558.4,16,737.5,446.7,2.6,4.5,9,0,15.6
4.3,81.4,1120.1,237.7,16,840.1,190.2,3.3,6.5,22,1,9.7
50.1,110.2,1054.0,458.1,12,790.5,366.4,46.6,4.5,3,0,18.3
2.1,112.7,396.9,636.2,6,297.7,509.0,0.0,2.7,7,6,6.1
14.1,113.3,711.9,82.9,9,533.9,66.3,7.3,3.0,14,3,1.0
5.0,79.9,111.2,863.5,1,83.4,690.8,7.2,6.9,18,5,1.0
0.8,107.2,324.3,661.1,5,243.2,528.9,0.0,3.6,15,5,0.0
0.7,67.9,131.2,998.2,2,98.4,798.5,8.0,3.6,12,3,0.0
3.9,68.7,391.9,340.7,5,293.9,272.6,6.7,7.6,14,6,6.7
40.3,42.7,1052.7,1085.9,17,789.5,868.7,34.7,5.9,13,6,18.0
6.6,115.1,429.7,1198.5,10,322.2,958.8,8.8,2.7,14,3,7.5
60.1,69.4,683.0,1104.8,12,512.3,883.8,56.6,2.9,11,3,13.5
17.4,82.7,531.4,937.9,6,398.5,750.3,21.5,3.6,10,4,9.0
11.5,68.6,561.5,978.6,13,421.1,782.9,7.0,5.6,20,5,14.7
17.4,97.5,1164.1,697.0,16,873.1,557.6,10.1,6.5,2,1,18.7
14.5,78.2,369.5,244.4,5,277.1,195.5,8.6,3.6,13,4,0.0
28.4,61.5,760.2,818.9,10,570.2,655.1,22.7,7.2,1,4,11.1
6.6,92.9,515.7,861.0,8,386.8,688.8,0.4,2.7,17,5,12.3
8.7,59.2,92.2,1182.8,1,69.1,946.2,3.8,3.2,2,6,2.0
44.9,69.9,597.4,658.7,10,448.1,527.0,47.2,7.8,8,3,17.9
58.5,47.1,979.7,340.2,22,734.8,272.2,65.5,2.8,10,0,17.1
44.6,59.4,136.5,826.7,2,102.4,661.4,36.0,7.3,2,5,9.9
10.9,88.2,102.1,1175.7,2,76.6,940.5,15.2,6.2,4,0,2.5
30.3,49.6,201.3,229.1,3,151.0,183.3,25.9,2.4,8,2,6.8
12.9,58.3,922.0,404.7,14,691.5,323.7,12.7,4.9,9,5,18.8
13.8,85.0,874.3,659.4,20,655.7,527.5,3.5,5.1,5,1,10.5
4.6,75.2,686.7,220.9,8,515.0,176.7,5.2,7.6,5,5,14.1
17.9,120.9,572.5,46.2,7,429.4,37.0,5.9,4.5,10,2,10.7
4.1,118.0,1068.2,417.6,23,801.2,334.1,3.7,4.7,16,4,13.9
8.1,69.4,924.7,1041.1,10,693.5,832.9,7.3,2.7,1,2,5.5
38.6,95.0,978.1,71.3,13,733.6,57.0,37.6,5.8,8,6,17.5
4.6,98.5,979.6,526.1,15,734.7,420.9,0.0,3.3,23,2,5.0
1.5,74.2,778.4,919.4,11,583.8,735.5,2.2,2.5,17,5,9.3
1.4,58.1,560.5,1144.8,12,420.3,915.8,1.4,8.0,4,2,10.4
56.5,84.8,1040.3,1182.9,15,780.2,946.3,53.5,3.6,20,1,18.2
14.1,81.9,1112.7,517.9,25,834.5,414.3,15.5,2.8,5,5,18.9
10.5,77.2,48.1,1141.5,1,36.1,913.2,8.1,6.2,3,0,4.6
33.3,93.0,80.8,61.8,1,60.6,49.4,34.0,6.9,8,0,8.2
36.1,71.5,1151.3,900.2,14,863.5,720.1,33.5,2.4,4,2,9.0
8.1,64.3,347.0,778.4,5,260.3,622.8,7.2,2.6,3,5,1.8
23.7,87.0,1050.6,314.4,20,787.9,251.5,24.5,2.5,8,1,12.5
29.5,91.9,478.8,618.6,6,359.1,494.9,25.5,2.3,17,0,8.7
21.3,63.8,160.5,172.9,2,120.4,138.3,13.1,6.0,10,3,9.7
3.3,101.7,114.9,1048.5,2,86.2,838.8,2.7,5.5,15,5,5.3
41.7,53.1,204.7,442.3,4,153.5,353.9,45.7,6.0,1,6,15.9
15.5,74.6,314.9,758.7,4,236.2,607.0,15.0,5.0,15,5,6.7
6.6,80.4,596.5,207.4,7,447.3,165.9,6.2,6.9,18,6,7.1
11.1,73.5,847.8,263.3,11,635.8,210.6,8.9,5.3,9,0,8.1
0.8,74.8,1184.0,1190.5,14,888.0,952.4,2.5,7.5,3,0,13.4
2.7,118.7,541.0,908.6,10,405.7,726.9,0.0,4.9,11,1,14.2
29.0,69.7,631.5,1155.1,8,473.6,924.1,24.7,6.7,8,1,13.1
0.0,128.9,635.7,369.1,10,476.8,295.3,3.5,4.4,12,0,6.0
10.8,92.9,656.5,214.2,14,492.4,171.3,6.1,4.6,4,3,12.5
14.8,86.7,630.9,613.6,9,473.2,490.9,17.2,7.1,1,3,10.2
1.1,93.6,30.4,603.7,1,22.8,483.0,4.7,2.6,2,6,5.4
72.3,130.0,22.0,226.4,1,16.5,181.1,73.1,5.4,7,2,3.3
5.1,67.1,135.2,885.2,3,101.4,708.2,0.0,6.4,5,2,5.0
7.3,64.8,139.8,446.9,3,104.9,357.5,5.4,6.5,4,0,0.0
7.2,71.4,851.8,239.9,14,638.8,191.9,4.2,5.5,3,0,11.5
5.2,85.6,261.8,411.7,5,196.4,329.4,0.8,4.7,19,0,11.0
0.0,53.9,1075.8,685.1,22,806.8,548.1,0.0,3.6,15,5,4.2
26.1,85.4,1115.8,877.2,19,836.8,701.8,28.0,7.5,7,3,12.5
68.1,115.5,1171.6,588.6,13,878.7,470.9,63.8,4.2,11,4,20.9
5.1,87.7,1128.1,640.2,14,846.1,512.2,2.2,6.8,21,2,14.0
21.8,79.7,340.8,184.0,6,255.6,147.2,18.6,2.2,4,2,0.4
27.1,73.9,621.5,1099.3,7,466.2,879.5,30.9,3.4,4,4,7.9
37.7,101.2,227.0,1115.9,3,170.3,892.7,34.4,4.1,21,0,3.8
11.0,70.1,971.3,826.4,15,728.5,661.2,2.8,6.0,12,2,11.8
7.2,118.2,1068.3,40.8,17,801.3,32.6,0.0,3.9,10,3,12.3
7.9,119.8,1024.5,653.7,17,768.4,523.0,7.7,2.2,10,4,5.2
24.9,89.6,531.4,762.5,10,398.5,610.0,19.1,3.0,18,3,13.8
33.9,84.8,915.2,1193.7,15,686.4,955.0,35.3,3.6,6,5,6.9
4.0,103.6,135.1,1195.4,2,101.4,956.3,0.0,3.1,16,0,2.0
9.3,104.7,67.5,1032.0,1,50.6,825.6,4.6,3.2,4,2,4.1
46.4,70.5,908.8,95.3,12,681.6,76.3,37.8,6.6,5,6,11.8
32.9,75.5,521.9,1144.9,9,391.4,915.9,33.0,4.5,17,3,11.7
83.8,61.2,1194.7,742.9,16,896.1,594.4,85.1,4.4,17,4,19.9
28.1,92.4,134.8,965.0,2,101.1,772.0,27.8,7.8,8,6,15.2
10.0,97.0,1029.6,500.5,12,772.2,400.4,2.6,4.7,17,0,15.4
17.9,60.7,586.4,397.2,10,439.8,317.8,12.1,7.6,18,2,18.0
21.6,76.8,996.0,566.6,12,747.0,453.3,20.8,3.8,16,2,15.9
1.6,60.7,984.2,193.3,12,738.2,154.6,0.0,4.4,8,6,12.2
15.7,68.8,1100.9,441.3,15,825.7,353.1,12.5,4.4,0,0,8.8
24.7,94.9,371.5,1032.0,5,278.6,825.6,30.3,5.3,19,0,6.5
3.7,71.8,1140.8,64.8,26,855.6,51.8,0.8,5.5,22,0,15.6
30.3,79.6,199.0,198.0,2,149.2,158.4,20.9,3.5,17,5,8.9
17.5,55.7,116.7,167.6,3,87.5,134.1,12.5,6.8,23,3,7.9
60.8,88.4,529.3,495.6,8,397.0,396.5,55.7,5.0,12,1,9.1
0.9,84.2,997.4,1196.4,18,748.1,957.2,9.6,2.0,7,5,12.7
6.2,71.9,578.6,224.6,9,434.0,179.6,12.5,5.5,13,2,3.3
18.4,81.6,998.6,191.7,14,748.9,153.3,20.1,6.8,2,6,12.8
7.0,88.2,881.0,1099.8,10,660.8,879.8,3.3,3.5,3,3,6.8
25.1,70.3,267.1,1060.8,4,200.3,848.7,29.1,2.2,10,4,9.5
28.5,58.4,1139.7,58.0,13,854.8,46.4,20.8,6.8,6,2,15.7
2.2,117.5,91.7,907.0,1,68.8,725.6,5.5,7.9,20,5,7.0
14.4,73.6,1080.0,793.4,22,810.0,634.8,17.1,2.5,4,1,11.4
14.2,83.3,379.2,925.9,8,284.4,740.7,11.5,7.6,1,4,8.4
9.2,103.2,610.2,603.5,8,457.6,482.8,12.9,4.2,5,2,5.3
54.0,130.0,518.4,1189.8,12,388.8,951.9,49.8,7.6,19,6,18.0
35.1,62.6,222.8,71.7,3,167.1,57.4,26.8,5.9,4,1,13.7
23.9,93.1,442.6,296.6,9,332.0,237.2,26.8,7.3,14,0,11.3
25.1,72.3,247.7,487.9,4,185.7,390.3,22.6,6.7,10,1,11.8
12.4,75.3,260.6,550.7,3,195.4,440.6,13.4,2.2,4,2,2.0
50.8,72.0,240.7,1107.2,4,180.5,885.8,57.9,2.4,17,1,18.1
23.7,64.7,597.0,680.8,12,447.8,544.6,18.1,5.2,7,5,10.3
26.1,84.3,961.6,73.2,18,721.2,58.6,23.4,2.8,10,2,14.3
39.6,58.5,691.4,501.3,12,518.5,401.0,45.4,4.8,16,2,9.7
6.4,102.0,1074.0,511.5,25,805.5,409.2,7.7,7.7,13,6,30.8
32.9,86.0,771.1,1159.3,11,578.3,927.4,27.4,3.8,1,1,9.5
4.3,92.6,833.4,727.1,12,625.1,581.6,0.0,4.9,6,1,14.3
8.5,76.6,807.8,770.1,19,605.8,616.1,3.8,4.3,22,5,9.1
8.2,78.4,550.4,861.6,9,412.8,689.3,2.5,5.8,17,4,10.0
76.8,90.2,833.4,928.6,14,625.1,742.9,76.0,3.2,0,4,11.7
38.8,64.0,102.3,769.4,2,76.7,615.5,37.2,3.6,14,3,4.2
24.2,78.6,1034.6,299.9,15,776.0,239.9,23.6,7.2,0,2,18.1
26.0,69.5,937.8,1051.4,16,703.4,841.1,19.8,6.9,16,4,9.1
16.5,69.0,309.4,883.9,5,232.0,707.1,14.2,6.7,21,6,6.0
58.8,47.0,926.3,895.4,12,694.7,716.3,46.5,6.6,6,3,13.6
13.7,109.1,34.9,1195.9,1,26.2,956.7,12.4,4.8,15,5,0.0
9.6,72.6,276.4,967.0,4,207.3,773.6,13.5,6.4,1,2,7.1
3.6,105.9,96.9,998.4,1,72.6,798.7,0.0,4.3,14,5,2.4
30.9,104.2,940.7,1142.7,17,705.5,914.1,31.3,2.6,21,6,12.0
26.5,61.9,911.9,198.3,12,683.9,158.7,21.5,4.4,19,3,14.8
9.7,65.4,980.1,607.3,15,735.1,485.9,11.7,3.0,10,4,11.9
0.5,130.0,25.3,705.1,1,19.0,564.1,0.0,4.3,23,3,0.0
36.5,116.5,611.5,408.5,8,458.6,326.8,36.6,3.8,23,1,4.5
0.2,84.4,851.7,1010.5,11,638.8,808.4,0.0,5.6,1,5,10.0
24.3,89.6,203.4,919.7,2,152.5,735.7,29.0,4.2,10,3,8.2
70.3,73.6,786.8,870.6,11,590.1,696.5,70.0,6.2,20,5,21.2
11.5,92.8,119.2,1196.6,1,89.4,957.3,6.0,5.1,15,0,2.2
5.4,72.1,234.0,326.1,6,175.5,260.9,3.9,7.5,1,0,0.0
24.4,48.4,581.4,887.8,9,436.1,710.3,20.6,2.5,18,3,11.6
34.0,61.2,791.2,670.7,16,593.4,536.5,32.8,6.1,15,0,13.5
15.8,85.4,192.1,389.3,4,144.1,311.5,11.7,6.0,7,3,8.0
68.2,64.6,238.6,209.5,4,178.9,167.6,62.9,7.7,20,5,8.5
1.1,83.8,261.2,1077.1,3,195.9,861.7,0.1,4.2,19,6,12.8
14.1,65.7,301.7,722.6,5,226.3,578.1,12.3,3.8,4,6,2.1
25.3,70.9,287.3,993.4,4,215.5,794.7,28.7,3.0,7,3,7.0
39.7,100.4,486.3,663.5,8,364.7,530.8,35.6,3.6,13,3,5.4
4.0,89.5,791.5,279.6,13,593.6,223.7,0.0,5.0,13,0,6.7
32.2,84.8,536.9,418.3,10,402.7,334.6,28.4,7.0,22,2,14.5
16.1,100.8,935.6,470.2,16,701.7,376.2,6.0,3.7,21,3,8.5
10.1,93.7,868.7,1168.1,15,651.6,934.5,10.2,2.9,17,3,10.4
2.8,111.0,169.3,26.6,2,127.0,21.3,0.0,3.6,4,1,4.6
40.1,76.7,77.6,1183.1,2,58.2,946.5,33.2,2.6,9,1,9.8
3.4,77.3,1056.0,1176.9,24,792.0,941.6,0.0,7.6,14,4,24.2
7.4,61.6,114.2,1195.5,2,85.7,956.4,13.1,7.2,12,0,2.2
6.9,77.3,195.0,582.4,3,146.3,465.9,0.0,3.9,8,2,8.9
41.0,102.4,46.1,1157.3,1,34.6,925.8,39.1,3.5,8,6,9.4
22.3,108.4,761.4,486.8,16,571.1,389.4,23.2,7.4,18,3,22.7
31.9,102.3,707.2,51.0,12,530.4,40.8,37.3,2.0,8,6,13.2
5.8,52.7,1184.5,284.7,15,888.4,227.8,7.7,5.6,4,3,15.6
19.6,104.5,1066.6,1135.4,13,799.9,908.4,23.1,7.5,5,0,16.8
17.0,51.9,504.8,36.2,7,378.6,29.0,19.3,5.1,22,4,3.0
35.8,101.2,458.5,664.3,11,343.9,531.4,27.7,2.0,9,4,8.7
47.3,78.4,370.3,109.2,5,277.7,87.4,47.1,3.3,9,1,12.0
0.2,97.6,199.8,357.9,4,149.9,286.4,2.5,7.5,5,6,6.1
22.4,61.0,182.9,123.9,3,137.2,99.2,15.6,2.1,20,0,2.9
1.1,106.1,176.1,1034.2,4,132.1,827.4,0.0,4.4,0,4,0.0
15.9,58.6,154.7,717.5,2,116.0,574.0,9.9,6.7,19,4,11.5
6.8,73.0,303.8,1084.5,4,227.9,867.6,8.6,7.0,12,6,11.9
7.3,67.0,381.9,832.3,5,286.4,665.8,5.0,4.9,7,2,0.0
8.7,53.4,1154.7,1165.8,16,866.0,932.7,5.1,3.4,23,1,8.8
19.4,86.7,702.6,621.7,14,526.9,497.3,11.0,5.6,12,1,12.0
8.1,117.5,1185.4,773.7,19,889.0,618.9,5.8,3.6,5,1,13.0
26.4,130.0,459.5,700.0,6,344.6,560.0,21.5,3.5,18,5,11.4
10.4,86.7,560.0,591.4,8,420.0,473.1,9.6,6.8,11,4,15.0
1.4,105.1,403.0,1018.2,5,302.3,814.6,0.0,2.9,14,3,0.0
30.6,89.2,235.8,780.5,4,176.9,624.4,29.5,2.0,7,5,4.5
6.7,94.0,188.9,965.5,2,141.7,772.4,2.5,4.0,22,4,0.0
11.3,78.8,1135.2,947.9,18,851.4,758.3,3.1,4.9,10,4,13.2
23.1,88.5,1184.4,245.4,16,888.3,196.3,14.5,6.2,8,6,14.5
8.1,94.7,73.0,787.2,1,54.7,629.8,0.2,6.7,18,0,6.9
1.2,74.6,197.4,255.6,2,148.1,204.5,0.0,6.0,10,6,7.2
9.4,83.6,519.8,708.3,11,389.8,566.7,8.0,5.8,5,1,11.2
57.8,83.9,239.9,819.4,3,179.9,655.5,57.2,6.0,14,1,7.0
20.5,99.9,449.4,1196.7,7,337.0,957.4,20.1,3.6,16,6,10.4
22.3,65.8,172.3,56.0,4,129.3,44.8,16.5,4.3,11,2,5.5
20.0,84.1,558.7,127.7,13,419.0,102.1,23.3,5.7,23,1,7.2
4.4,119.4,340.6,110.9,4,255.4,88.7,0.2,2.4,1,4,2.9
10.8,106.0,435.2,490.1,9,326.4,392.1,11.1,3.8,20,0,7.3
27.8,109.3,131.3,989.5,3,98.5,791.6,25.0,4.4,21,2,6.7
2.1,85.4,525.2,1016.0,6,393.9,812.8,2.0,5.2,3,4,2.2
6.5,90.8,1180.2,889.6,16,885.2,711.7,3.4,4.9,2,4,8.6
6.5,103.0,408.0,1078.3,8,306.0,862.7,6.4,6.3,1,5,4.9
11.3,113.1,1054.2,401.0,15,790.6,320.8,9.3,4.8,18,2,11.8
78.6,49.9,1015.0,124.0,15,761.2,99.2,80.7,7.4,4,5,22.3
1.4,61.3,1143.4,88.6,14,857.6,70.9,0.0,4.3,16,4,8.7
14.6,108.6,952.3,1025.5,12,714.2,820.4,3.8,5.2,15,4,6.8
4.0,80.0,798.3,881.9,10,598.7,705.5,0.0,2.0,15,5,0.0
70.6,72.9,1030.8,844.4,20,773.1,675.5,73.9,3.9,11,0,23.4
2.4,62.4,109.3,420.8,2,81.9,336.7,0.0,7.2,3,0,3.8
10.3,75.0,566.1,468.3,13,424.6,374.6,8.8,4.0,16,5,10.3
26.8,59.8,1187.3,1150.6,27,890.5,920.5,19.5,3.5,18,0,14.9
24.4,122.6,928.1,95.3,12,696.1,76.2,22.7,5.3,1,1,7.6
11.0,84.6,1155.2,933.0,28,866.4,746.4,3.9,2.5,4,2,12.8
8.5,84.0,940.0,385.4,14,705.0,308.3,2.1,5.2,0,0,13.2
10.1,95.6,1052.4,66.1,13,789.3,52.9,6.1,3.8,13,4,6.0
6.1,102.3,853.7,896.2,14,640.3,717.0,6.4,4.3,22,1,5.1
4.6,102.0,917.4,410.5,22,688.0,328.4,5.4,6.7,8,2,20.5
13.2,104.3,637.4,872.1,8,478.0,697.7,14.1,6.0,16,0,4.4
6.3,73.6,1110.6,855.0,13,833.0,684.0,0.0,4.7,11,0,15.2
6.8,79.6,993.5,651.0,13,745.2,520.8,4.7,5.5,23,2,12.2
21.4,98.8,1015.8,937.3,15,761.8,749.8,18.4,6.6,23,0,14.8
69.2,75.5,814.2,705.6,16,610.6,564.5,59.5,6.5,22,5,17.5
18.5,84.9,379.4,358.2,9,284.6,286.6,16.6,3.1,19,2,6.6
1.6,92.2,62.0,886.3,1,46.5,709.0,0.0,3.8,11,2,3.0
1.6,99.1,1124.1,715.2,22,843.1,572.1,2.1,4.1,14,4,8.5
60.5,53.0,711.6,35.0,9,533.7,28.0,58.9,3.1,15,6,10.7
7.1,97.9,371.8,1083.9,6,278.9,867.2,2.3,2.1,22,2,5.4
1.9,80.8,196.0,663.9,3,147.0,531.1,4.6,3.0,17,6,9.2
18.3,97.7,998.8,1045.0,13,749.1,836.0,5.2,6.8,21,3,9.9
19.5,99.0,1007.1,1061.6,13,755.3,849.3,17.2,5.3,13,0,8.6
20.9,113.9,981.1,545.1,14,735.8,436.0,10.1,4.0,11,6,11.5
6.2,109.4,781.2,619.0,9,585.9,495.2,0.0,5.7,10,4,14.8
0.3,109.2,451.9,510.6,5,338.9,408.5,0.9,6.4,14,6,0.0
67.1,111.0,378.8,550.3,4,284.1,440.3,58.7,4.1,20,1,13.2
5.8,90.2,30.1,1076.3,1,22.6,861.0,0.0,4.8,20,6,2.6
22.5,85.6,1003.7,950.0,13,752.7,760.0,32.5,2.4,7,6,8.3
24.5,100.7,123.2,169.3,2,92.4,135.4,15.7,5.6,16,3,6.7
18.8,98.2,764.3,740.2,17,573.2,592.1,25.1,4.1,7,2,11.3
7.5,79.4,614.8,1195.2,11,461.1,956.1,4.6,4.6,3,1,4.7
6.3,92.3,641.5,722.7,16,481.1,578.2,1.7,4.5,9,6,16.5
18.2,84.4,1113.5,947.3,24,835.1,757.9,19.0,5.8,5,1,19.7
40.2,69.6,57.3,927.5,1,43.0,742.0,44.9,5.4,5,1,8.0
58.6,108.2,932.6,433.4,20,699.5,346.7,50.9,4.5,16,1,18.2
2.2,86.0,81.4,458.8,1,61.1,367.0,0.0,2.1,7,4,0.0
3.4,121.9,65.0,874.4,1,48.8,699.5,5.6,5.7,12,4,6.7
57.9,55.7,527.2,610.0,12,395.4,488.0,57.4,7.3,14,1,16.1
26.7,75.0,94.4,693.3,2,70.8,554.6,30.2,6.6,3,3,8.6
42.9,85.6,951.2,861.2,12,713.4,689.0,43.5,7.9,14,0,15.1
4.5,105.5,644.9,937.5,8,483.7,750.0,11.6,2.8,22,5,7.4
17.7,92.2,54.3,340.4,1,40.7,272.3,16.6,3.3,13,0,6.2
24.2,90.6,67.8,193.2,1,50.8,154.6,23.3,5.2,10,4,10.6
22.8,64.7,742.9,364.3,8,557.2,291.5,22.4,3.4,19,3,10.4
10.5,64.2,971.2,618.9,16,728.4,495.1,7.8,2.2,16,3,4.6
0.3,90.8,536.6,423.7,10,402.5,339.0,2.6,4.4,9,2,5.5
17.5,60.4,674.4,690.7,9,505.8,552.5,16.7,3.7,5,4,1.9
5.8,75.4,963.8,83.1,18,722.8,66.5,7.8,3.6,5,3,13.2
12.0,94.0,740.4,621.5,9,555.3,497.2,14.7,7.7,0,3,7.8
63.2,67.3,285.2,454.2,4,213.9,363.4,63.3,3.4,4,0,11.3
10.2,113.9,743.4,650.9,9,557.6,520.7,10.7,2.8,3,3,7.8
36.6,107.0,761.4,518.6,14,571.0,414.9,29.6,2.8,10,3,14.4
4.2,56.7,886.2,355.4,14,664.7,284.3,0.0,6.8,16,6,13.8
22.3,68.2,752.6,1086.8,11,564.5,869.5,24.5,6.3,6,1,7.5
75.5,43.9,1163.7,238.0,13,872.8,190.4,80.6,2.8,19,6,13.9
2.1,70.9,252.8,824.0,5,189.6,659.2,0.0,3.3,2,0,0.4
0.2,98.8,1142.3,1111.1,13,856.7,888.9,0.0,6.5,1,0,16.4
11.4,77.5,655.2,655.6,8,491.4,524.5,9.5,3.6,7,1,10.0
1.9,93.3,812.9,1054.2,11,609.7,843.3,0.0,7.9,4,0,11.2
27.6,57.6,137.4,167.3,2,103.0,133.9,21.5,5.2,4,2,9.0
49.2,99.4,469.1,602.7,7,351.8,482.1,49.6,3.2,9,5,8.9
11.4,75.0,927.9,559.3,18,695.9,447.4,17.3,7.2,11,2,21.3
6.0,85.2,854.2,29.6,17,640.6,23.7,0.0,3.9,16,4,14.6
11.4,83.3,67.4,543.0,1,50.5,434.4,8.5,3.7,13,5,9.4
25.7,62.1,665.0,455.5,9,498.7,364.4,26.0,4.0,4,0,10.1
0.2,64.2,124.2,810.4,2,93.1,648.3,2.1,6.6,4,0,0.0
17.8,102.4,1195.1,1127.2,17,896.3,901.8,17.4,3.0,23,2,13.2
19.0,92.2,1078.8,121.2,17,809.1,97.0,25.8,4.3,5,4,11.9
20.3,103.9,44.9,406.4,1,33.7,325.1,18.4,2.2,14,6,5.3
5.5,90.8,1033.2,544.0,16,774.9,435.2,10.1,7.0,4,4,15.9
25.0,87.6,1104.9,557.1,20,828.7,445.7,19.8,4.0,7,2,16.2
1.9,53.9,437.2,934.3,10,327.9,747.4,0.2,3.5,0,2,5.0
4.4,80.1,869.0,543.2,14,651.8,434.6,0.0,5.5,20,5,23.7
42.0,84.5,541.7,52.1,8,406.3,41.6,44.5,6.2,2,1,14.7
26.8,120.2,793.2,857.9,19,594.9,686.3,24.2,6.9,20,4,18.5
0.3,97.4,421.6,1064.1,7,316.2,851.3,0.1,4.1,18,4,2.1
5.7,112.6,400.6,626.4,8,300.5,501.1,2.1,6.9,14,1,1.8
4.8,95.8,520.8,705.7,13,390.6,564.6,5.8,4.8,3,2,10.8
6.3,72.2,191.8,212.3,4,143.8,169.8,6.3,2.6,1,6,5.8
5.7,87.1,1000.7,280.4,21,750.6,224.3,0.0,7.1,16,1,9.8
1.3,89.3,431.5,297.5,9,323.6,238.0,0.0,5.3,11,1,14.6
12.3,68.1,492.2,528.3,6,369.1,422.6,10.1,5.6,19,3,11.0
26.4,78.1,1075.0,1115.2,17,806.2,892.2,27.7,7.6,7,4,24.7
18.7,81.3,606.0,635.7,13,454.5,508.6,26.0,5.4,4,2,9.2
22.3,113.9,662.2,246.7,15,496.7,197.3,21.9,2.0,9,3,11.4
1.7,47.5,1148.7,334.0,21,861.5,267.2,4.7,7.2,18,5,25.0
60.5,106.7,1066.3,473.1,13,799.8,378.5,50.5,3.7,8,3,13.6
36.5,68.1,220.0,755.4,4,165.0,604.4,44.5,5.0,15,6,4.1
32.7,60.3,578.4,539.2,12,433.8,431.4,33.7,3.2,0,3,11.9
34.6,106.2,1166.1,483.1,19,874.6,386.5,32.4,3.8,14,2,13.4
54.0,98.2,459.4,686.4,7,344.5,549.1,51.2,6.1,1,1,12.4
15.7,107.6,458.5,305.4,11,343.8,244.3,8.2,4.6,13,2,12.9
4.5,99.4,250.1,113.1,4,187.6,90.5,0.0,5.8,20,4,7.6
19.2,122.1,154.9,48.8,3,116.2,39.0,26.7,6.9,15,5,7.9
27.2,95.1,893.6,316.5,22,670.2,253.2,20.2,4.0,9,6,19.1
26.8,82.2,928.6,128.1,13,696.5,102.5,19.7,5.4,11,5,16.9
14.7,91.2,1163.4,416.9,15,872.6,333.5,9.2,6.7,12,5,9.0
1.4,107.4,932.6,932.1,13,699.5,745.6,0.0,6.3,19,6,14.4
9.3,71.0,307.2,865.2,5,230.4,692.2,7.4,5.2,8,4,12.6
50.7,73.3,67.3,740.9,1,50.5,592.7,54.2,4.3,1,1,6.5
17.6,79.4,1182.8,1026.0,20,887.1,820.8,12.5,4.4,18,2,15.3
15.5,47.1,421.7,352.8,6,316.3,282.3,6.6,4.6,14,1,9.2
6.3,87.5,388.1,1064.4,6,291.1,851.5,5.7,4.1,14,1,4.1
9.2,51.0,1089.0,491.1,25,816.8,392.9,6.9,6.2,23,2,17.8
45.1,86.0,710.4,493.1,10,532.8,394.4,48.2,2.8,0,4,6.1
22.0,100.6,273.5,498.3,4,205.2,398.7,17.7,7.8,17,2,10.3
31.0,76.4,1069.1,135.8,18,801.9,108.6,27.7,6.7,20,5,19.7
12.1,115.2,1192.2,1171.1,14,894.1,936.9,9.4,3.8,6,4,11.2
19.9,58.7,122.3,183.4,1,91.7,146.8,18.3,2.3,9,0,4.1
5.7,106.4,1037.5,422.2,21,778.1,337.8,1.7,6.3,8,0,21.8
24.4,97.2,480.8,396.8,6,360.6,317.4,19.7,6.4,18,0,13.0
11.2,54.1,638.4,108.1,10,478.8,86.5,0.0,7.8,10,5,17.2
11.7,130.0,1099.5,199.7,14,824.6,159.7,6.9,3.5,3,6,13.1
21.0,83.9,1168.6,72.9,14,876.4,58.3,22.5,2.5,0,6,2.4
55.1,69.2,329.4,365.0,5,247.0,292.0,57.3,7.5,11,3,17.2
1.3,59.7,271.2,1042.7,5,203.4,834.1,0.0,3.6,0,4,4.9
34.8,81.0,115.0,420.5,1,86.3,336.4,39.3,6.3,16,4,2.1
6.9,82.7,682.9,166.0,13,512.2,132.8,4.8,2.4,19,2,9.8
11.7,86.8,36.1,781.9,1,27.0,625.5,3.0,6.6,8,4,5.0
0.4,79.6,506.0,1196.0,9,379.5,956.8,0.0,2.8,7,2,8.4
7.2,96.4,106.6,294.1,1,79.9,235.3,11.3,6.2,3,3,1.0
14.0,78.0,498.2,349.9,6,373.6,279.9,10.1,5.2,7,2,4.9
1.2,50.2,67.1,1166.8,1,50.3,933.4,0.0,7.7,22,0,0.2
13.5,82.3,1005.6,231.0,12,754.2,184.8,0.2,2.2,21,2,2.1
52.4,42.4,267.5,623.2,5,200.6,498.6,48.4,3.8,9,2,7.7
2.2,91.4,407.4,302.8,5,305.6,242.2,2.3,2.4,17,2,3.3
28.9,67.4,1046.7,1120.2,15,785.0,896.1,23.4,7.3,14,4,17.0
10.5,87.9,900.6,1178.2,22,675.4,942.6,3.3,5.6,18,1,21.2
21.3,108.7,278.5,981.3,7,208.8,785.1,16.5,5.2,19,1,13.8
6.0,67.9,104.8,391.4,2,78.6,313.2,10.2,2.8,22,5,6.5
3.5,104.1,864.5,496.1,18,648.4,396.9,0.0,4.9,23,1,12.9
3.5,77.2,481.0,305.9,6,360.8,244.7,0.0,4.4,10,5,10.8
1.5,116.6,924.0,1071.1,18,693.0,856.9,5.5,3.9,23,4,11.9
4.1,78.4,545.4,1099.2,6,409.1,879.3,4.6,6.6,3,0,1.9
21.8,69.9,428.3,514.3,6,321.2,411.4,20.7,2.4,8,1,9.7
42.7,97.4,552.4,794.7,7,414.3,635.8,37.4,5.9,7,1,9.7
33.7,77.2,903.3,215.4,18,677.5,172.3,31.8,6.9,15,6,16.9
23.1,69.9,1084.6,533.2,13,813.5,426.6,18.4,7.4,12,6,14.5
2.3,76.4,78.7,765.2,1,59.0,612.1,0.0,6.5,4,3,2.8
6.8,84.2,638.5,474.8,8,478.8,379.8,0.0,3.7,12,6,4.0
7.4,109.2,58.7,442.0,1,44.1,353.6,9.3,5.6,18,5,9.9
5.8,50.2,572.7,21.2,12,429.5,16.9,3.5,2.8,1,5,6.4
14.5,85.4,1064.6,969.1,24,798.5,775.3,14.0,2.7,11,3,16.8
15.3,96.2,446.7,1069.4,6,335.0,855.5,14.1,5.8,8,0,14.6
8.8,88.5,1120.3,1164.0,13,840.2,931.2,9.0,7.1,0,2,11.1
8.7,108.6,764.1,868.7,11,573.1,695.0,5.5,2.4,22,2,3.0
35.3,83.7,1122.3,667.6,19,841.7,534.1,30.9,2.6,13,3,14.1
31.1,81.7,913.5,337.8,13,685.1,270.2,25.1,5.4,6,3,9.3
7.4,95.7,142.1,1199.2,3,106.5,959.3,0.0,3.3,16,0,2.1
49.0,86.8,292.8,715.9,6,219.6,572.7,41.4,5.7,22,0,7.8
61.1,78.0,485.1,823.8,8,363.8,659.0,57.2,3.3,13,4,6.3
7.9,94.3,220.7,825.2,4,165.5,660.2,0.0,2.7,16,2,4.3
8.8,73.3,604.0,1017.4,9,453.0,813.9,0.0,5.3,1,4,6.1
14.1,74.0,576.2,31.4,7,432.2,25.1,17.3,7.2,8,1,9.5
56.6,75.5,1148.4,279.9,14,861.3,223.9,55.8,6.1,14,5,19.7
41.8,109.4,531.8,805.3,6,398.8,644.3,37.5,6.9,23,5,5.0
2.2,27.0,947.0,1076.3,12,710.3,861.0,11.5,3.6,15,0,11.2
10.0,92.1,1131.5,828.7,20,848.6,663.0,0.0,7.3,8,2,26.2
16.1,85.6,1054.8,507.9,13,791.1,406.3,19.0,4.3,3,2,12.7
14.0,54.7,266.2,446.6,3,199.7,357.3,11.4,7.1,14,4,6.0
4.3,90.6,605.3,890.8,7,454.0,712.6,6.2,4.8,20,3,6.4
39.2,93.6,430.3,894.7,6,322.7,715.7,37.7,3.6,9,3,11.6
22.6,95.6,491.8,736.3,10,368.9,589.1,11.2,3.6,6,0,8.3
36.4,37.3,445.8,363.9,11,334.3,291.1,34.9,5.4,5,6,11.6
39.1,109.6,995.1,1111.7,21,746.3,889.3,38.8,2.5,14,5,12.0
27.6,71.7,553.5,671.2,6,415.1,537.0,14.6,7.6,1,3,3.5
11.6,97.4,638.0,952.8,10,478.5,762.2,19.3,3.6,23,1,1.8
18.9,98.3,1179.3,272.9,14,884.5,218.3,18.4,4.0,14,2,6.9
3.5,69.2,90.8,426.0,1,68.1,340.8,4.9,3.4,17,3,8.0
22.4,96.9,595.8,1052.0,8,446.8,841.6,14.6,2.0,13,0,7.7
4.0,78.1,933.4,79.1,23,700.0,63.3,5.4,6.2,17,1,17.8
23.7,47.7,198.4,624.5,4,148.8,499.6,27.1,5.5,2,5,11.9
5.2,106.0,741.6,588.4,12,556.2,470.7,4.5,6.9,19,5,15.2
2.5,71.0,302.6,906.5,4,226.9,725.2,0.5,2.2,21,4,0.0
3.6,69.6,1043.5,352.6,21,782.7,282.1,0.0,7.6,13,4,21.0
0.0,77.7,406.0,278.5,5,304.5,222.8,0.0,4.0,5,1,7.3
25.4,89.9,408.3,1112.8,7,306.2,890.3,20.8,7.5,13,0,7.6
26.4,84.0,725.9,694.6,9,544.4,555.7,27.2,2.6,1,6,9.6
14.5,94.9,236.6,143.5,5,177.5,114.8,8.2,6.5,21,4,10.9
3.5,60.9,356.2,247.8,5,267.1,198.2,4.3,5.5,15,2,4.5
1.7,71.6,511.6,1198.6,9,383.7,958.9,0.0,4.1,23,5,2.5
0.4,82.9,437.3,250.8,5,328.0,200.7,0.0,2.5,15,5,6.1
3.6,119.2,639.4,740.4,11,479.5,592.3,4.7,5.6,20,2,16.6
44.3,83.0,727.6,515.8,10,545.7,412.6,38.8,2.2,16,5,3.1
5.5,104.5,688.7,1065.0,8,516.5,852.0,6.8,5.0,15,5,5.8
8.7,85.7,791.9,911.1,19,593.9,728.9,9.5,5.6,15,5,16.9
2.2,76.3,383.1,724.4,9,287.4,579.5,0.0,6.4,7,0,10.3
5.0,80.6,169.2,32.7,2,126.9,26.1,8.8,7.9,5,0,2.9
14.6,82.0,917.8,1058.2,13,688.3,846.5,13.0,3.6,17,6,8.2
18.7,95.9,1023.9,544.7,19,767.9,435.8,22.2,3.9,22,2,17.7
5.6,109.7,323.3,1119.3,5,242.5,895.4,12.6,4.0,13,0,5.5
1.2,91.5,500.4,604.7,12,375.3,483.8,0.0,6.4,15,1,9.2
9.9,106.4,608.3,839.2,12,456.2,671.3,11.1,7.6,7,0,10.7
5.3,67.6,649.3,101.8,11,487.0,81.4,0.1,7.8,17,5,14.7
5.0,77.5,798.2,899.3,10,598.6,719.4,0.0,7.7,13,2,4.7
64.3,72.0,69.1,418.8,1,51.8,335.1,61.3,7.3,16,6,11.3
19.2,90.7,871.3,434.6,13,653.5,347.7,10.3,7.9,21,3,13.9
16.3,78.5,93.1,160.0,1,69.8,128.0,9.6,4.3,21,6,0.0
10.7,98.1,572.6,193.3,10,429.4,154.6,11.7,7.7,7,0,7.6
11.2,68.2,996.7,239.2,13,747.5,191.4,6.6,6.6,15,4,15.2
15.6,85.8,552.4,407.3,7,414.3,325.8,17.1,3.0,22,1,4.5
23.8,97.4,195.9,1072.5,4,146.9,858.0,23.3,2.3,23,6,1.2
24.2,47.8,1182.3,454.5,20,886.8,363.6,31.5,3.3,9,1,17.4
3.8,123.2,1069.4,874.7,12,802.0,699.8,4.4,6.7,9,1,13.6
13.9,79.9,930.2,117.6,10,697.6,94.1,17.4,5.8,20,4,14.1
10.6,48.5,505.6,717.5,10,379.2,574.0,10.6,3.3,17,4,10.9
40.9,87.8,236.9,588.6,5,177.7,470.9,40.4,6.5,20,1,9.6
20.0,85.6,1130.9,1174.0,21,848.1,939.2,23.8,2.8,17,1,12.6
15.2,83.5,648.2,1018.5,11,486.1,814.8,16.6,6.9,8,1,12.9
2.5,102.8,1025.8,556.7,17,769.3,445.4,1.5,6.8,20,0,16.1
18.6,98.5,423.7,934.7,6,317.8,747.7,17.6,7.8,0,5,5.8
2.5,90.4,415.6,247.8,5,311.7,198.2,3.2,2.9,15,4,1.6
8.2,93.1,1182.9,683.6,21,887.2,546.8,2.9,7.4,9,2,21.9
3.1,83.1,635.8,108.1,8,476.8,86.4,0.0,4.0,14,6,5.3
23.6,117.0,186.0,430.7,4,139.5,344.6,28.7,4.5,4,5,5.2
4.6,58.4,279.2,286.5,7,209.4,229.2,11.9,4.8,16,0,4.4
9.9,87.5,588.7,868.3,9,441.5,694.7,3.3,5.8,8,2,5.0
45.2,86.2,70.1,598.3,2,52.6,478.6,39.9,8.0,5,0,3.8
4.6,99.6,565.8,906.3,9,424.3,725.0,8.3,5.6,1,0,6.7
14.2,69.8,514.4,628.0,6,385.8,502.4,14.8,7.6,12,2,10.9
10.9,53.6,939.6,122.1,18,704.7,97.6,12.3,3.5,22,1,9.3
0.4,87.8,438.8,887.7,6,329.1,710.2,2.8,4.4,17,5,3.0
31.5,90.1,1179.4,1003.2,21,884.6,802.6,28.3,5.0,19,2,20.7
1.4,111.8,233.3,1086.2,6,175.0,868.9,1.1,3.9,3,3,1.9
12.9,62.1,717.4,695.0,11,538.0,556.0,12.1,7.9,9,4,18.2
16.5,105.8,125.8,909.2,2,94.4,727.4,10.2,6.4,22,3,0.0
19.8,127.6,886.0,907.4,15,664.5,725.9,19.4,4.9,21,5,15.5
23.3,78.2,1193.8,203.8,17,895.4,163.0,27.5,6.5,10,0,22.7
5.8,61.8,986.6,213.8,12,739.9,171.0,2.2,4.8,12,2,7.3
0.2,77.7,675.7,103.6,9,506.8,82.9,0.0,2.1,22,1,0.0
25.7,85.3,592.0,397.5,12,444.0,318.0,24.7,5.3,21,5,5.5
15.3,95.1,1005.3,578.7,13,754.0,463.0,11.9,5.8,16,1,13.4
36.2,74.4,1124.4,1197.5,17,843.3,958.0,37.6,7.9,10,6,27.4
34.5,113.0,1187.3,528.6,15,890.4,422.9,29.1,2.2,3,6,11.6
37.1,64.9,487.9,877.0,8,365.9,701.6,41.7,5.1,13,3,16.1
13.3,53.7,1189.3,838.2,26,892.0,670.6,14.4,2.6,2,6,12.8
8.1,104.9,204.0,261.3,3,153.0,209.0,1.4,2.9,22,3,3.8
31.4,44.1,319.2,89.0,5,239.4,71.2,37.9,5.7,22,0,17.9
12.0,81.3,125.0,664.3,2,93.8,531.4,10.8,3.4,11,4,4.6
4.1,130.0,340.7,846.4,4,255.5,677.1,0.0,6.5,3,0,3.7
38.6,84.8,926.2,1197.9,11,694.6,958.3,42.1,5.1,15,5,6.6
42.8,64.8,1026.5,443.2,16,769.8,354.5,43.3,3.3,6,1,13.4
12.6,84.0,939.1,1077.7,15,704.3,862.2,1.7,5.0,19,5,14.0
1.6,84.1,764.7,470.7,12,573.5,376.5,0.0,2.0,18,6,5.4
9.8,87.9,626.5,833.5,9,469.9,666.8,9.2,7.2,17,2,11.1
32.5,96.9,856.3,725.9,10,642.2,580.8,19.7,2.1,20,3,7.5
46.4,66.3,481.2,82.5,7,360.9,66.0,44.8,2.0,8,1,10.3
4.5,115.4,1012.7,112.5,19,759.6,90.0,3.3,5.7,10,6,12.8
1.4,89.4,819.1,44.5,12,614.3,35.6,0.0,7.8,18,0,11.2
42.0,98.1,843.4,457.6,12,632.6,366.1,41.3,7.1,16,4,11.1
9.9,73.7,652.4,900.0,9,489.3,720.0,7.9,3.5,20,2,7.1
15.6,108.2,1064.6,223.9,15,798.4,179.1,7.7,3.2,17,4,10.2
68.9,80.4,317.4,734.9,6,238.0,587.9,71.5,5.8,5,0,5.0
1.4,90.0,469.8,360.8,11,352.3,288.7,3.6,6.9,2,0,8.5
20.9,68.2,937.6,960.5,16,703.2,768.4,17.5,4.2,13,1,7.7
1.5,67.1,601.4,962.1,10,451.1,769.7,0.0,4.6,8,6,12.9
9.4,97.4,1069.3,935.0,25,802.0,748.0,11.0,2.7,2,2,6.8
32.6,77.0,428.8,639.3,5,321.6,511.4,29.6,2.9,1,5,9.0
11.4,69.6,455.8,355.8,8,341.9,284.6,0.0,5.4,18,0,16.9
117.4,73.4,1068.7,975.1,12,801.5,780.1,117.9,2.6,5,1,20.2
16.4,97.6,568.0,239.6,12,426.0,191.7,10.3,3.2,2,0,3.3
7.7,73.7,629.0,361.9,15,471.8,289.5,3.8,3.4,8,1,13.2
5.0,82.9,412.7,237.1,6,309.5,189.6,10.3,4.7,17,4,6.3
8.6,85.3,346.5,815.6,7,259.9,652.5,6.0,2.3,6,1,0.4
9.3,50.5,794.0,829.8,9,595.5,663.8,7.3,5.0,1,5,4.2
1.4,58.5,161.4,790.0,4,121.1,632.0,2.0,7.6,0,4,4.9
9.2,91.1,1057.5,510.4,17,793.2,408.3,9.8,2.1,4,3,2.9
12.5,71.7,939.5,138.2,11,704.6,110.6,5.9,5.8,23,0,9.5
25.7,104.0,245.1,1095.2,4,183.8,876.1,23.4,7.0,2,3,10.9
21.4,102.4,838.9,619.1,19,629.2,495.3,19.6,3.9,6,2,7.6
24.7,97.9,731.1,500.2,13,548.3,400.2,24.0,2.8,5,3,1.7
0.2,117.8,237.8,714.8,4,178.3,571.9,0.0,2.3,0,6,0.0
4.9,83.5,342.4,247.5,7,256.8,198.0,15.8,5.9,22,1,13.6
21.7,96.7,502.6,176.4,8,377.0,141.1,13.8,5.3,18,1,14.2
13.2,74.5,845.1,498.5,10,633.8,398.8,16.1,3.4,19,2,7.6
0.1,129.1,773.7,288.1,9,580.3,230.5,4.0,7.0,13,2,5.4
32.6,120.7,648.0,308.3,15,486.0,246.6,33.1,6.4,9,0,20.6
29.6,85.2,926.7,1073.2,19,695.0,858.5,24.4,3.7,1,6,12.1
15.9,92.0,914.4,646.3,17,685.8,517.0,22.2,6.5,10,1,23.2
1.4,109.5,749.1,590.5,11,561.8,472.4,0.0,3.5,15,6,1.2
29.1,82.4,948.6,833.6,16,711.5,666.9,23.7,6.1,16,6,14.7
17.5,73.2,414.4,1142.8,5,310.8,914.3,21.4,2.7,4,2,8.0
30.5,100.7,1059.9,152.4,14,794.9,121.9,26.6,6.2,21,6,17.8
27.9,86.4,745.6,1003.6,17,559.2,802.9,33.8,3.4,17,5,11.4
32.5,88.3,990.4,709.1,14,742.8,567.3,22.9,5.4,15,6,12.6
14.6,70.0,664.6,192.5,15,498.5,154.0,7.0,3.0,9,3,10.4
3.0,54.1,277.8,370.6,5,208.3,296.5,0.0,6.4,5,6,1.7
22.2,89.3,660.0,589.2,13,495.0,471.3,22.3,2.4,21,1,3.9
19.4,101.3,457.9,835.6,9,343.4,668.5,16.3,3.0,23,6,7.7
27.1,80.9,843.0,306.3,12,632.3,245.0,22.7,3.1,7,5,5.0
3.7,110.9,581.4,651.2,9,436.1,520.9,8.8,2.2,5,6,4.1
4.3,72.3,1006.6,827.9,21,755.0,662.3,9.9,6.5,22,2,20.3
44.2,66.0,820.1,549.5,9,615.1,439.6,40.1,7.9,3,6,19.6
27.7,83.8,827.8,1038.4,14,620.8,830.7,17.2,6.7,4,0,15.5
47.8,83.5,276.2,1046.0,6,207.2,836.8,35.0,7.2,5,6,13.0
28.4,98.9,1181.4,575.4,26,886.1,460.3,27.6,2.0,14,5,10.6
18.2,71.1,1013.2,1168.1,15,759.9,934.4,19.5,2.7,5,4,6.8
21.2,109.6,951.0,109.2,11,713.3,87.4,19.5,5.4,18,6,12.9
44.0,120.4,409.7,24.0,6,307.2,19.2,41.6,7.9,19,1,14.2
17.3,84.3,652.0,469.2,7,489.0,375.4,11.3,6.0,7,6,0.0
20.0,107.5,181.8,729.3,3,136.3,583.4,21.3,4.2,12,1,3.2
3.4,66.0,655.4,762.5,11,491.6,610.0,9.8,2.9,3,6,7.8
12.8,104.4,192.1,582.2,3,144.1,465.8,0.0,2.9,21,1,0.3
25.2,103.9,672.6,167.4,9,504.4,133.9,22.8,4.2,16,1,12.6
6.3,100.5,785.5,221.2,13,589.1,176.9,0.0,6.3,13,4,11.4
4.5,84.7,480.4,1025.5,6,360.3,820.4,0.0,2.2,17,4,6.1
7.5,31.8,608.3,1044.1,15,456.2,835.3,0.0,7.1,14,5,19.7
5.5,73.4,1053.3,815.2,17,790.0,652.2,5.4,7.6,21,5,18.6
4.8,73.7,148.1,803.8,2,111.1,643.0,4.9,7.3,18,0,10.7
11.1,67.4,954.2,725.3,14,715.7,580.2,16.4,7.5,10,1,24.1
47.7,87.2,221.5,259.5,4,166.1,207.6,45.7,2.1,6,2,11.4
14.1,77.5,63.3,525.3,1,47.5,420.3,3.4,7.9,0,6,4.5
4.2,70.2,239.0,841.2,4,179.2,672.9,1.0,4.2,2,3,0.0
1.6,65.9,922.8,654.0,12,692.1,523.2,0.0,7.2,18,1,14.2
23.8,72.1,498.0,41.9,6,373.5,33.5,15.8,3.1,0,5,10.9
9.7,105.2,1049.6,1145.2,14,787.2,916.2,10.6,4.7,3,4,10.5
34.5,73.1,639.2,1016.9,11,479.4,813.5,33.5,2.3,23,0,5.4
21.5,75.7,46.3,327.4,1,34.7,262.0,22.5,2.2,10,1,5.3
31.8,76.8,865.7,747.4,11,649.3,597.9,28.0,7.7,6,6,10.0
6.3,91.1,150.1,1109.4,3,112.6,887.5,8.3,6.9,6,0,7.3
23.6,93.2,951.5,133.3,19,713.6,106.6,19.5,5.2,13,2,13.1
6.1,30.2,218.4,613.6,4,163.8,490.9,9.7,5.2,14,2,4.0
56.0,103.4,427.6,558.4,7,320.7,446.7,55.7,6.5,4,2,8.5
20.2,110.9,918.3,504.0,11,688.7,403.2,17.2,4.1,13,2,0.0
7.8,66.1,1146.0,1006.0,15,859.5,804.8,6.9,6.6,12,3,15.6
6.3,67.5,458.3,469.2,6,343.7,375.3,4.2,4.9,19,0,7.8
4.2,76.9,998.7,95.1,19,749.0,76.1,10.2,5.8,21,1,11.4
23.7,71.4,245.1,97.7,4,183.9,78.2,23.0,7.8,17,3,15.5
4.9,89.0,972.5,70.4,18,729.4,56.4,2.9,4.8,0,1,11.6
18.1,50.0,795.8,502.8,18,596.9,402.2,14.9,4.5,12,4,4.2
6.1,64.9,247.4,867.7,3,185.6,694.2,8.4,7.4,22,6,6.9
21.7,112.7,377.0,260.4,8,282.7,208.3,23.2,7.4,19,5,10.6
33.7,68.3,175.5,782.8,2,131.6,626.3,30.4,8.0,6,3,7.9
30.1,107.4,471.9,830.8,7,353.9,664.6,22.3,5.3,5,5,9.7
28.6,91.4,260.3,321.1,3,195.2,256.9,22.1,4.1,8,3,9.3
4.2,52.4,779.9,728.7,17,584.9,582.9,1.2,3.4,9,5,7.6
1.9,96.4,1193.5,828.1,15,895.1,662.5,6.6,2.2,21,6,1.5
24.0,82.9,34.2,570.6,1,25.6,456.5,20.8,6.4,2,5,3.5
9.2,76.8,658.3,417.3,8,493.7,333.9,4.2,3.4,6,4,1.4
11.3,89.4,696.9,750.6,9,522.7,600.5,0.5,5.6,10,5,16.0
0.6,93.5,1098.8,1173.9,15,824.1,939.1,6.2,7.5,11,3,19.1
6.0,97.7,617.1,523.7,10,462.8,418.9,6.9,7.7,11,5,11.0
0.7,106.2,661.6,482.2,9,496.2,385.8,2.7,2.0,12,0,6.7
42.3,92.3,576.6,567.8,8,432.4,454.3,45.1,3.9,21,6,2.5
5.6,60.2,337.3,109.9,5,253.0,88.0,2.8,7.0,22,5,4.8
16.3,76.5,86.1,672.7,1,64.6,538.2,14.7,5.2,7,2,4.7
0.8,130.0,502.2,407.9,8,376.7,326.3,6.2,6.8,3,6,4.9
22.0,98.0,82.1,163.3,2,61.5,130.6,20.9,7.1,20,6,6.9
7.8,127.6,669.6,570.2,10,502.2,456.1,8.7,4.7,19,5,8.7
45.6,110.1,382.6,24.0,7,287.0,19.2,48.0,4.2,0,1,5.2
43.8,89.4,649.7,494.1,11,487.2,395.3,45.0,4.7,5,4,11.7
7.9,90.4,178.5,144.8,4,133.9,115.8,5.2,5.9,22,2,7.1
46.2,84.3,1120.5,48.7,19,840.4,38.9,44.1,4.2,1,3,21.7
111.2,53.7,1075.5,992.9,13,806.7,794.3,113.1,6.6,21,0,25.1
34.9,85.3,244.2,1101.2,4,183.1,880.9,36.8,7.4,13,5,7.1
37.3,106.8,425.3,265.1,11,318.9,212.0,41.1,3.7,17,5,18.0
5.7,74.2,743.9,656.4,12,557.9,525.1,6.5,7.8,9,3,12.5
17.2,92.4,132.9,348.0,2,99.7,278.4,18.2,5.7,20,4,6.0
1.4,100.3,438.4,602.4,7,328.8,481.9,0.0,7.3,0,3,10.1
2.0,68.6,316.3,535.2,5,237.2,428.2,0.0,2.6,2,0,-0.0
136.1,76.9,1100.3,337.5,13,825.2,270.0,138.0,3.5,19,6,24.3
7.9,66.7,1026.0,846.5,24,769.5,677.2,3.0,3.9,3,5,10.1
27.6,70.2,704.2,169.3,9,528.2,135.4,25.5,3.8,17,6,10.6
32.9,61.8,634.0,82.6,8,475.5,66.1,37.8,3.0,7,3,7.7
39.0,68.8,1118.3,925.9,13,838.7,740.7,43.1,7.2,21,6,18.3
120.9,110.6,1120.3,805.8,23,840.2,644.6,120.4,4.5,8,3,29.6
5.5,68.5,1163.8,608.3,17,872.9,486.6,2.0,7.8,21,5,19.4
0.8,87.3,167.9,572.0,4,126.0,457.6,0.0,5.5,18,3,8.6
10.6,75.9,209.5,606.9,3,157.1,485.6,12.9,2.8,1,5,2.5
2.8,106.2,818.5,535.7,18,613.9,428.6,0.6,5.3,8,3,14.0
0.5,108.6,658.9,483.6,8,494.2,386.9,0.0,8.0,2,6,5.0
8.9,100.6,41.8,609.6,1,31.3,487.7,13.0,5.4,21,0,0.0
30.6,90.5,93.1,643.6,1,69.8,514.9,29.5,2.0,1,1,3.4
16.7,80.8,1067.9,836.4,16,801.0,669.2,11.8,7.6,6,2,12.8
7.5,63.5,1045.3,859.2,12,784.0,687.4,7.9,3.4,16,4,3.2
21.2,120.0,441.6,465.6,6,331.2,372.5,24.1,6.1,16,6,6.7
5.3,71.3,1071.4,508.0,20,803.6,406.4,0.0,5.1,8,1,15.4
0.3,96.9,720.5,461.0,14,540.4,368.8,0.0,4.0,0,0,9.1
28.9,104.1,971.0,653.1,21,728.2,522.5,25.7,3.7,0,4,12.1
19.5,75.0,524.4,555.0,7,393.3,444.0,19.8,7.6,7,4,14.6
28.7,103.7,153.8,1069.7,2,115.4,855.8,29.9,7.5,16,5,13.1
0.8,98.8,531.8,841.7,8,398.8,673.4,0.0,5.1,7,5,4.4
36.3,116.1,559.6,1080.4,13,419.7,864.3,26.8,3.6,18,6,10.7
19.3,76.6,670.1,856.8,9,502.6,685.4,22.5,2.6,3,3,0.0
16.6,61.9,144.6,1165.8,2,108.4,932.6,9.0,2.9,17,2,13.3
19.6,75.9,1189.9,770.2,13,892.4,616.1,19.0,5.1,12,5,7.9
40.0,88.8,308.1,1157.0,4,231.1,925.6,37.3,3.8,21,2,4.5
17.7,86.0,254.3,206.6,5,190.7,165.3,16.5,2.3,6,0,1.2
17.4,77.9,641.6,81.9,11,481.2,65.5,23.7,4.7,2,5,8.9
93.5,50.6,653.9,703.4,13,490.4,562.7,106.7,6.5,13,1,21.6
28.3,93.5,539.0,1180.5,7,404.2,944.4,18.1,7.4,8,3,16.4
11.7,120.5,930.8,512.8,12,698.1,410.2,14.6,5.5,2,2,0.7
24.6,93.4,629.7,270.2,13,472.2,216.2,21.8,6.3,6,3,12.2
9.9,96.0,739.4,635.4,15,554.6,508.3,13.1,4.2,14,1,12.3
5.2,95.3,874.0,785.6,20,655.5,628.5,8.0,5.0,3,4,11.2
18.2,92.1,49.5,391.9,1,37.1,313.5,23.2,6.4,4,1,6.4
52.7,101.8,693.4,863.4,13,520.0,690.7,52.1,6.4,8,4,20.0
52.9,92.1,1063.3,1170.6,19,797.5,936.5,46.5,4.5,2,1,13.6
8.4,79.4,40.5,1078.4,1,30.4,862.7,11.0,5.3,15,3,0.0
15.0,70.7,498.1,364.1,8,373.6,291.3,13.6,7.5,15,1,10.7
4.8,80.5,1112.9,405.5,15,834.7,324.4,1.6,5.8,18,5,16.5
108.7,90.7,436.7,458.4,5,327.5,366.7,104.3,5.9,8,2,16.3
79.4,79.3,561.3,485.6,11,421.0,388.5,82.4,6.7,19,2,24.7
21.0,90.7,1178.2,138.4,16,883.7,110.7,27.0,2.7,0,0,7.6
32.6,92.9,255.2,919.1,4,191.4,735.3,24.7,5.1,16,6,9.8
25.1,100.0,97.0,451.1,1,72.8,360.9,26.2,7.8,11,5,9.3
18.0,108.1,1034.1,1058.2,19,775.6,846.6,14.1,4.2,8,2,21.0
1.1,86.4,1044.8,1113.8,26,783.6,891.0,0.0,3.8,21,2,13.6
12.1,61.5,577.1,48.8,9,432.8,39.1,10.9,5.6,4,4,7.9
22.5,78.8,626.8,1186.4,13,470.1,949.1,16.3,3.3,14,5,1.3
22.6,85.8,1006.3,857.8,24,754.7,686.3,12.7,5.3,12,3,18.3
9.3,52.0,891.5,634.1,12,668.6,507.3,3.4,2.9,18,3,8.8
56.8,110.0,332.9,479.6,4,249.7,383.7,49.7,5.5,2,4,14.5
3.7,87.6,39.9,631.9,1,30.0,505.5,0.0,5.6,1,2,2.3
13.9,91.9,586.0,403.1,8,439.5,322.4,5.2,4.5,12,1,9.0
23.5,109.6,1033.5,754.8,15,775.1,603.8,19.5,4.3,6,4,15.5
23.9,73.7,1077.1,129.7,15,807.8,103.8,18.3,3.5,8,3,17.8
20.9,95.3,1148.3,752.9,16,861.3,602.3,20.8,4.0,21,0,9.9
6.4,83.0,1057.9,344.9,14,793.4,275.9,7.4,5.0,9,3,21.2
3.4,81.7,704.5,40.8,14,528.3,32.6,2.7,3.5,0,1,4.9
20.2,71.1,544.6,672.2,10,408.5,537.8,17.0,6.7,21,3,15.2
18.3,115.0,934.3,702.6,15,700.7,562.1,15.0,6.3,15,4,11.0
4.0,78.2,893.0,523.4,14,669.7,418.7,0.0,3.6,10,0,14.0
24.4,97.6,655.0,105.3,8,491.3,84.2,18.4,2.6,23,3,2.1
12.1,51.2,123.0,1074.1,2,92.3,859.3,13.7,2.0,7,4,4.7
22.0,106.2,1112.8,741.5,23,834.6,593.2,11.2,5.6,12,6,15.1
36.3,103.9,557.6,156.5,11,418.2,125.2,33.9,3.3,15,4,4.8
3.7,86.8,448.7,622.9,9,336.6,498.3,0.1,2.1,2,6,0.0
0.4,80.9,762.9,606.8,10,572.2,485.4,1.4,4.2,12,4,7.5
30.2,92.2,815.1,91.3,13,611.3,73.0,21.1,7.8,16,0,17.4
18.8,126.2,268.6,736.1,4,201.5,588.9,16.9,6.1,20,4,11.0
24.1,53.3,1007.6,973.8,17,755.7,779.1,23.8,7.1,5,0,18.3
36.4,99.1,362.1,903.8,4,271.6,723.1,24.9,2.9,9,5,7.8
32.5,68.6,240.3,259.5,3,180.2,207.6,25.1,2.4,8,6,6.1
64.8,84.6,499.6,1037.5,7,374.7,830.0,62.4,2.1,17,1,9.1
15.4,80.5,882.1,424.2,11,661.5,339.4,15.9,7.7,16,1,8.6
13.4,77.3,1159.2,1136.9,18,869.4,909.5,12.3,3.8,6,1,14.3
10.3,84.8,975.0,104.7,11,731.2,83.7,11.1,4.8,1,5,4.3
3.3,64.6,1129.6,593.7,14,847.2,475.0,0.0,4.4,10,4,8.9
17.0,103.5,185.9,724.6,2,139.4,579.7,7.1,6.4,17,0,4.2
6.5,52.7,104.0,312.2,1,78.0,249.8,4.9,3.9,2,5,0.0
50.8,94.7,678.1,930.2,9,508.6,744.2,42.7,5.2,13,1,12.3
17.5,79.1,362.6,759.7,5,271.9,607.8,11.2,8.0,19,2,9.2
18.0,63.9,997.1,41.4,19,747.8,33.1,20.6,4.7,12,1,13.0
8.8,88.6,812.9,737.9,14,609.7,590.3,7.7,5.3,22,4,9.9
1.1,57.0,1165.5,599.9,14,874.1,480.0,0.0,5.0,16,6,10.0
0.6,85.7,320.7,251.3,7,240.5,201.1,0.0,6.8,21,5,6.6
11.0,59.4,593.2,1195.0,9,444.9,956.0,12.1,3.6,10,2,13.9
1.8,93.3,611.5,1078.7,10,458.6,862.9,0.8,3.0,6,5,2.0
18.7,68.4,302.2,365.2,5,226.7,292.1,10.6,6.5,2,3,4.2
42.6,76.9,716.3,658.5,9,537.2,526.8,30.8,4.5,2,2,9.3
42.9,90.3,543.1,393.5,7,407.3,314.8,50.3,7.5,1,3,12.7
21.5,71.1,547.1,935.1,8,410.3,748.1,13.4,5.9,20,2,7.1
4.7,84.0,448.0,1117.8,8,336.0,894.2,5.4,5.4,15,0,0.8
39.8,57.8,40.0,443.4,1,30.0,354.7,45.3,2.4,22,2,5.7
43.4,96.4,636.1,970.6,11,477.1,776.5,42.2,6.4,10,1,22.1
4.4,116.8,415.6,608.1,7,311.7,486.5,0.0,6.1,13,6,11.3
26.7,130.0,21.6,488.0,1,16.2,390.4,17.6,5.8,2,3,-0.0
6.8,86.6,383.4,1127.3,6,287.5,901.9,0.0,3.6,6,3,2.3
32.5,99.2,348.8,622.3,6,261.6,497.8,32.3,7.7,7,5,9.8
117.8,52.9,484.3,571.5,7,363.2,457.2,123.1,3.9,12,1,18.0
0.6,112.0,175.6,813.5,3,131.7,650.8,0.0,2.9,18,0,2.2
45.5,99.0,619.1,328.3,10,464.3,262.6,40.8,7.9,10,2,24.5
19.5,76.3,837.1,403.3,20,627.8,322.6,21.0,6.5,0,0,16.4
72.5,107.3,763.6,1119.8,9,572.7,895.9,67.1,4.5,18,1,17.9
12.5,80.4,968.4,820.7,15,726.3,656.5,11.9,7.6,12,6,14.3
37.6,76.8,553.4,995.4,13,415.0,796.3,35.8,2.5,21,2,7.1
1.3,93.6,632.5,339.9,9,474.4,271.9,0.0,2.5,16,1,6.0
8.2,65.9,976.3,661.7,12,732.2,529.3,6.1,6.1,8,3,17.5
1.4,103.4,524.7,1166.2,7,393.5,933.0,8.2,3.1,18,3,11.3
74.1,66.0,847.9,396.1,11,635.9,316.9,75.1,7.5,18,3,19.0
34.0,66.1,532.8,209.4,11,399.6,167.5,37.4,7.0,22,4,9.3
38.3,68.6,512.9,622.8,7,384.7,498.3,31.7,3.8,22,4,16.9
55.6,98.7,917.0,477.6,12,687.8,382.1,59.1,7.3,5,3,18.6
1.8,73.9,226.3,208.3,3,169.7,166.6,3.0,2.3,6,6,0.0
9.7,60.7,419.5,1068.5,5,314.6,854.8,0.2,5.3,4,4,7.9
1.5,74.1,284.5,1189.1,5,213.4,951.2,2.2,7.6,7,6,2.2
4.7,84.4,443.7,690.9,9,332.8,552.7,0.2,7.1,13,4,15.6
5.2,63.7,291.8,934.1,3,218.9,747.3,0.0,4.1,17,5,5.1
12.7,64.3,703.7,1033.7,10,527.8,826.9,11.3,3.1,20,1,12.5
6.3,123.0,961.8,847.2,24,721.4,677.7,7.0,3.3,19,5,14.5
2.1,69.5,948.2,72.1,16,711.2,57.7,0.9,5.1,23,6,5.1
3.7,79.2,450.1,206.0,5,337.6,164.8,1.1,5.6,2,2,0.8
3.2,78.4,1186.7,103.8,29,890.1,83.0,0.0,2.2,21,3,5.8
72.3,77.4,720.7,31.7,18,540.6,25.3,82.6,4.5,7,5,17.6
28.5,96.2,491.3,381.1,9,368.5,304.9,20.6,7.0,13,5,11.5
68.7,102.1,1005.9,483.0,12,754.5,386.4,71.1,4.7,13,4,6.2
11.6,79.5,881.3,304.4,10,660.9,243.5,9.7,3.0,6,1,6.0
6.5,62.7,904.1,96.2,14,678.1,77.0,0.3,7.7,5,1,7.2
32.0,107.9,251.4,645.2,4,188.6,516.2,29.8,3.6,5,5,6.7
7.9,83.3,572.6,342.5,10,429.5,274.0,0.0,6.8,11,2,10.6
7.1,116.1,1037.0,959.3,20,777.7,767.5,2.1,3.2,21,6,9.3
5.3,44.6,614.8,29.5,8,461.1,23.6,3.1,4.5,14,1,1.5
2.8,88.5,826.5,1014.2,18,619.9,811.3,0.0,4.9,18,0,13.3
5.9,119.5,713.8,1146.6,11,535.3,917.3,6.5,5.0,3,0,0.7
8.8,78.6,1014.0,865.0,14,760.5,692.0,2.0,5.1,2,3,5.6
22.4,80.9,355.8,885.7,8,266.8,708.6,13.2,3.3,12,5,10.9
1.3,90.3,699.1,1121.6,11,524.3,897.3,0.0,5.1,15,2,12.4
4.7,74.9,165.4,266.7,2,124.1,213.4,13.6,4.9,12,5,0.0
33.1,79.4,834.4,1193.6,11,625.8,954.9,21.2,3.3,20,0,10.9
3.2,78.9,883.7,932.7,17,662.8,746.2,3.4,7.9,9,6,22.6
8.4,73.7,70.5,877.4,1,52.9,701.9,2.6,7.2,12,2,2.5
40.0,107.1,817.4,446.1,12,613.1,356.9,36.2,7.3,7,6,13.0
3.4,93.3,509.3,664.0,6,382.0,531.2,4.4,6.1,11,3,4.0
1.7,89.5,166.4,791.6,3,124.8,633.3,2.5,3.0,7,1,5.0
13.3,99.6,515.5,752.0,6,386.6,601.6,7.9,5.4,8,1,7.9
7.2,80.2,249.2,851.9,3,186.9,681.5,0.0,6.9,9,1,2.0
16.6,71.1,510.4,117.2,6,382.8,93.8,17.7,2.2,6,0,3.9
32.6,74.2,473.5,439.7,11,355.1,351.7,33.3,5.0,2,6,9.3
3.0,85.0,891.3,532.1,16,668.5,425.7,0.0,4.4,4,2,7.4
17.4,65.9,933.6,327.5,22,700.2,262.0,17.6,3.3,2,0,11.4
14.1,76.0,736.3,223.7,13,552.2,179.0,9.9,4.3,17,4,11.8
3.1,75.7,46.8,183.9,1,35.1,147.1,0.0,7.9,18,2,9.7
19.6,123.2,1118.6,452.3,25,839.0,361.9,17.6,6.3,9,3,22.3
6.4,35.1,829.8,602.3,12,622.3,481.8,7.0,3.8,8,6,10.3
13.4,81.8,60.4,94.3,1,45.3,75.4,12.9,5.6,23,0,5.2
1.7,116.1,986.2,1136.8,13,739.7,909.5,2.3,3.5,6,1,15.0
12.3,87.2,256.3,923.0,5,192.2,738.4,6.5,5.7,0,1,13.3
7.3,98.6,703.5,882.4,15,527.6,705.9,13.2,7.4,9,1,22.5
34.6,86.8,570.6,224.0,10,428.0,179.2,30.9,5.3,1,0,9.1
1.2,73.0,515.4,732.5,7,386.6,586.0,0.0,6.4,5,6,4.1
10.8,44.6,1069.9,645.1,24,802.4,516.1,2.3,4.7,20,0,18.6
12.3,88.7,536.1,1179.3,10,402.1,943.5,9.3,5.1,5,1,1.8
25.8,71.0,108.9,902.3,3,81.7,721.8,26.5,6.2,23,1,7.9
17.1,70.6,1137.0,699.4,13,852.8,559.5,18.9,6.9,7,1,18.0
22.0,76.0,1106.2,1024.0,16,829.7,819.2,27.8,6.0,17,4,19.1
30.0,116.4,827.6,203.0,11,620.7,162.4,30.6,7.9,6,0,21.4
39.6,128.3,572.1,38.0,8,429.1,30.4,39.0,6.9,17,1,24.6
7.5,88.9,129.6,834.5,3,97.2,667.6,3.3,6.7,0,3,6.7
15.4,76.6,953.1,136.0,14,714.8,108.8,10.1,7.1,23,1,11.6
36.7,63.8,109.1,156.2,2,81.8,125.0,39.5,3.7,13,6,2.8
91.0,93.4,100.9,898.7,2,75.7,719.0,93.8,4.6,22,0,14.1
44.1,117.1,654.1,339.2,10,490.6,271.4,36.7,5.4,19,3,19.1
9.3,80.5,209.0,761.8,3,156.7,609.4,10.9,4.8,6,6,1.3
4.3,42.2,29.1,1102.5,1,21.8,882.0,5.6,7.1,19,5,3.2
13.4,97.1,519.3,393.4,12,389.5,314.8,5.9,2.2,6,5,0.0
27.1,102.7,181.9,276.2,2,136.4,221.0,27.8,3.3,3,5,0.5
13.6,56.5,209.4,145.7,3,157.1,116.6,6.3,7.3,4,6,3.0
13.2,88.2,110.8,173.9,3,83.1,139.2,0.0,2.4,22,0,6.5
36.4,93.1,262.0,93.4,6,196.5,74.7,33.6,3.4,23,0,4.6
9.0,83.7,864.3,123.4,10,648.2,98.7,8.3,4.1,20,6,0.0
39.3,70.8,974.5,529.8,12,730.9,423.8,36.7,6.5,0,0,11.5
10.4,103.3,554.0,398.6,6,415.5,318.9,22.8,5.4,19,2,11.3
8.0,77.7,617.7,853.7,12,463.3,683.0,7.9,7.7,2,6,11.2
12.1,58.3,58.5,1046.9,1,43.9,837.5,10.8,3.4,12,3,0.0
28.7,48.1,101.8,946.0,2,76.3,756.8,28.9,7.2,6,4,4.2
2.7,107.7,323.9,646.2,5,242.9,516.9,0.0,3.7,5,4,7.6
4.4,96.1,661.8,140.9,14,496.4,112.7,7.0,3.5,5,2,5.8
60.5,86.6,892.7,857.5,19,669.5,686.0,60.3,5.0,1,0,15.6
3.9,77.1,733.9,448.1,17,550.4,358.5,3.4,2.4,15,4,3.1
16.8,75.5,482.7,121.1,6,362.0,96.9,11.7,4.3,5,3,5.8
17.3,65.6,159.6,1014.1,2,119.7,811.3,7.5,4.1,7,6,0.0
13.5,77.2,941.3,419.1,13,706.0,335.3,8.9,3.0,20,1,6.5
20.7,46.8,449.3,277.5,5,337.0,222.0,20.1,7.2,10,6,15.3
5.2,71.8,888.5,1048.3,12,666.4,838.7,1.0,4.3,17,3,13.6
16.1,79.4,625.3,1084.5,10,469.0,867.6,15.5,7.9,22,0,9.7
9.3,96.0,891.6,420.0,10,668.7,336.0,6.1,7.4,5,3,12.0
21.7,84.3,1090.6,438.7,17,818.0,350.9,21.8,3.2,13,5,6.0
3.0,99.3,1106.8,704.0,24,830.1,563.2,0.0,5.0,14,0,12.0
16.9,109.3,651.4,885.5,7,488.6,708.4,15.9,5.6,10,3,7.6
4.1,104.0,623.6,94.5,15,467.7,75.6,0.0,6.9,14,2,7.9
6.5,93.5,333.5,720.1,5,250.1,576.1,0.0,7.3,12,6,5.2
4.9,85.2,1124.2,1144.3,20,843.2,915.5,2.1,5.7,5,3,21.7
4.0,67.3,560.3,329.3,9,420.3,263.4,9.7,2.2,3,6,0.0
34.9,98.3,170.6,1092.4,3,127.9,873.9,25.6,4.9,13,5,11.7
6.7,115.2,530.6,1141.2,10,397.9,913.0,5.3,7.3,12,4,0.4
52.4,91.2,169.9,337.6,3,127.4,270.1,54.4,6.3,9,1,14.2
70.1,119.5,613.0,910.0,8,459.7,728.0,79.6,7.2,21,2,10.3
16.9,57.5,682.3,301.8,13,511.7,241.4,12.5,6.0,11,3,17.4
3.1,64.2,418.6,890.4,7,313.9,712.3,0.0,2.3,23,0,0.0
9.4,100.4,104.5,961.0,2,78.4,768.8,1.6,7.8,7,2,5.8
32.0,89.8,1133.3,311.7,14,850.0,249.4,35.7,7.5,19,4,18.4
9.2,108.6,932.6,864.7,12,699.4,691.8,2.8,2.8,4,1,7.1
1.8,84.7,1009.9,978.3,12,757.4,782.6,0.0,2.7,1,5,3.8
16.3,69.4,452.9,443.1,9,339.7,354.5,5.0,5.2,19,1,16.0
37.3,81.2,917.8,217.9,21,688.3,174.3,39.7,6.5,11,3,24.6
31.8,57.4,592.7,128.5,13,444.6,102.8,35.6,4.3,5,5,12.0
3.9,64.7,257.3,699.0,5,193.0,559.2,6.1,2.8,14,4,3.3
22.3,102.5,166.8,1174.2,3,125.1,939.3,12.3,5.1,17,4,11.6
5.0,100.7,427.2,991.1,5,320.4,792.9,6.0,4.0,17,1,10.9
4.9,91.5,182.3,534.3,3,136.7,427.4,0.0,4.1,9,1,6.6
41.4,54.0,1198.0,653.2,14,898.5,522.6,39.7,5.9,6,4,8.4
5.7,78.5,78.0,349.8,2,58.5,279.9,4.8,7.3,9,6,3.4
6.1,63.0,540.5,212.4,6,405.4,169.9,5.7,5.4,4,1,7.7
0.0,106.2,553.5,588.9,11,415.1,471.1,0.7,6.1,15,0,3.3
40.9,74.5,374.7,566.9,4,281.1,453.5,38.9,6.0,18,1,8.9
31.5,65.5,694.2,635.9,16,520.6,508.7,19.6,5.3,2,0,11.7
19.7,85.5,197.0,1144.3,2,147.7,915.4,20.4,3.9,6,5,2.7
27.7,73.5,945.0,732.6,19,708.8,586.1,26.2,4.3,18,1,15.7
3.3,111.7,412.3,734.8,7,309.2,587.8,0.0,3.9,11,2,8.2
12.3,71.8,717.8,171.1,11,538.3,136.9,2.4,7.5,9,2,11.9
8.7,59.8,864.5,1195.9,15,648.3,956.7,14.4,7.0,4,6,12.3
2.0,46.2,1069.1,932.0,15,801.8,745.6,6.1,5.5,1,6,18.4
13.3,84.4,1006.2,1055.1,11,754.7,844.1,14.8,7.5,2,5,17.0
50.7,74.9,737.8,508.9,10,553.4,407.1,45.3,7.3,13,5,16.1
0.8,59.3,478.3,612.5,6,358.7,490.0,0.0,7.6,14,6,8.2
6.9,106.4,613.8,636.1,14,460.3,508.8,8.7,3.3,19,2,12.1
4.7,97.0,927.1,249.0,13,695.3,199.2,4.5,6.3,12,5,10.6
5.4,84.5,1055.5,833.6,17,791.6,666.9,1.6,5.7,16,0,9.5
47.8,109.6,142.5,1085.5,2,106.8,868.4,51.4,6.4,19,6,16.7
12.6,96.9,474.1,213.2,8,355.6,170.5,14.9,3.6,3,0,12.2
12.6,70.2,935.8,121.9,13,701.9,97.5,11.4,6.2,18,3,13.4
28.6,66.3,529.3,891.1,10,397.0,712.9,26.8,4.5,14,3,12.5
3.4,99.7,412.0,342.4,8,309.0,273.9,1.6,7.0,14,1,6.0
13.4,92.1,505.4,756.2,9,379.0,604.9,14.8,6.8,8,0,10.6
11.2,88.1,731.4,841.0,13,548.5,672.8,5.0,3.3,2,6,5.1
18.2,69.8,1199.8,399.9,23,899.8,319.9,18.3,3.1,1,2,9.5
154.5,95.9,601.7,981.9,14,451.3,785.5,147.9,6.3,6,2,28.5
29.3,71.4,266.0,669.0,3,199.5,535.2,34.0,5.3,8,6,8.8
10.1,83.2,212.2,1045.4,5,159.1,836.3,10.8,5.3,21,2,7.7
35.2,111.0,70.0,920.7,1,52.5,736.5,29.7,6.5,4,1,2.1
3.7,73.1,679.4,1044.9,15,509.6,835.9,2.1,7.1,16,0,13.4
0.6,56.7,662.6,43.8,15,496.9,35.0,0.0,3.4,2,5,2.6
4.6,66.1,262.2,307.3,4,196.6,245.9,10.1,5.3,8,1,4.2
8.3,102.9,840.5,126.2,13,630.4,101.0,14.4,7.0,7,5,14.9
14.3,89.6,894.5,541.7,14,670.9,433.3,15.8,7.2,8,4,18.7
19.1,82.7,325.7,1070.2,5,244.3,856.1,24.9,3.7,23,4,4.3
48.3,75.8,426.0,571.7,8,319.5,457.4,47.1,2.6,16,3,4.5
14.3,93.7,1188.8,1022.7,16,891.6,818.1,16.1,3.4,23,5,4.7
13.9,69.7,461.6,406.1,7,346.2,324.9,18.0,7.7,7,0,10.5
1.0,90.5,917.7,420.7,16,688.3,336.6,0.0,4.8,20,5,11.2
0.7,71.8,554.2,1076.8,7,415.7,861.4,0.0,4.5,13,5,9.9
16.0,68.8,956.1,522.5,13,717.1,418.0,18.7,2.1,21,2,6.5
11.5,73.5,927.4,951.9,16,695.6,761.5,12.8,2.3,15,0,8.1
36.5,78.2,808.0,299.2,10,606.0,239.4,30.8,6.0,17,6,20.2
3.5,84.1,1028.6,1139.6,12,771.5,911.7,0.0,5.5,16,5,5.8
0.5,89.2,1128.3,698.0,17,846.2,558.4,0.0,5.5,23,5,13.1
11.9,20.0,704.4,916.0,14,528.3,732.8,0.0,2.7,6,5,12.3
5.4,70.5,300.2,125.6,3,225.2,100.5,0.0,4.1,19,3,4.6
1.0,78.0,490.4,601.3,10,367.8,481.1,0.0,6.9,14,6,3.4
25.8,112.1,914.8,1083.2,22,686.1,866.6,20.9,3.0,6,2,3.5
2.4,65.6,788.0,1054.9,14,591.0,843.9,4.5,7.3,1,1,10.2
18.7,87.9,229.8,75.2,3,172.4,60.2,21.9,2.7,1,2,8.0
6.6,111.9,80.5,378.4,1,60.3,302.7,7.1,3.0,6,5,0.0
3.8,61.4,825.9,543.1,11,619.4,434.5,5.0,4.9,18,5,14.9
9.6,92.1,316.3,223.3,4,237.2,178.6,10.8,7.7,5,6,2.7
32.3,70.6,609.6,881.4,14,457.2,705.1,17.8,4.0,11,4,14.5
10.0,75.9,901.2,237.7,21,675.9,190.2,8.0,5.9,14,1,18.2
27.8,70.5,683.9,429.0,10,513.0,343.2,16.8,5.5,12,5,13.4
2.7,71.8,118.3,802.7,1,88.7,642.1,3.2,2.9,6,6,0.0
29.6,130.0,239.0,588.9,4,179.2,471.1,17.2,3.5,6,2,2.8
5.4,100.2,278.8,891.5,7,209.1,713.2,2.5,7.6,14,6,0.4
22.6,104.8,324.3,1154.2,6,243.2,923.4,23.4,3.1,3,1,3.6
16.7,93.9,687.2,157.5,13,515.4,126.0,9.1,6.2,2,4,23.3
52.9,56.1,614.7,857.3,11,461.0,685.8,55.8,7.8,0,4,15.9
9.8,92.1,259.7,291.8,6,194.8,233.4,10.3,2.7,6,0,0.0
1.4,104.3,99.7,509.1,1,74.8,407.3,1.3,4.4,8,5,4.5
0.4,69.6,222.3,58.8,3,166.7,47.0,1.9,3.3,0,6,4.6
35.1,102.4,1181.6,180.4,16,886.2,144.3,31.3,3.3,4,4,8.2
14.9,97.7,572.9,397.3,13,429.7,317.9,13.6,2.7,14,4,2.3
29.9,118.3,1043.5,423.5,24,782.6,338.8,27.9,5.9,3,4,29.3
5.3,77.5,1021.5,1081.5,15,766.1,865.2,3.3,6.5,9,5,18.0
8.5,65.2,623.6,895.3,7,467.7,716.3,3.1,6.1,1,6,11.8
0.6,78.5,853.9,1167.2,13,640.4,933.7,0.0,7.5,22,3,10.9
65.1,110.8,247.4,726.9,3,185.6,581.5,61.5,2.9,6,6,14.3
22.0,52.1,832.3,305.2,10,624.2,244.2,18.1,3.9,23,6,10.6
54.1,47.8,341.4,406.6,8,256.1,325.3,48.4,4.1,18,6,15.9
6.2,86.6,1001.8,397.4,20,751.4,317.9,8.4,3.4,5,4,5.5
18.9,77.0,118.8,405.3,2,89.1,324.2,11.0,2.9,14,6,0.5
22.7,85.1,932.3,814.1,15,699.2,651.3,19.8,4.9,19,0,17.2
7.6,102.0,137.9,646.4,3,103.4,517.1,11.5,7.0,11,1,7.5
37.7,75.1,1059.8,474.8,17,794.9,379.8,40.2,7.7,10,3,26.0
58.8,51.3,379.0,195.9,6,284.2,156.7,62.9,2.8,2,1,7.7
43.2,121.8,792.2,46.1,9,594.1,36.9,38.3,6.9,19,1,17.8
26.9,67.0,595.3,278.2,13,446.4,222.6,28.8,6.9,16,6,12.2
6.5,65.9,452.2,146.8,8,339.2,117.5,0.0,4.3,6,6,6.9
6.6,104.9,781.6,946.8,12,586.2,757.5,3.2,2.7,22,0,1.5
66.1,78.1,1138.1,152.7,15,853.6,122.2,63.2,7.9,22,6,20.2
0.2,83.9,68.7,874.6,1,51.5,699.7,0.0,5.9,17,3,4.5
25.2,93.7,1104.2,475.1,13,828.2,380.1,21.4,7.9,16,5,12.2
24.5,104.5,738.7,106.6,9,554.0,85.3,20.0,4.9,15,2,6.0
19.5,79.0,972.6,979.0,14,729.5,783.2,12.6,4.4,1,4,10.8
92.3,112.4,473.0,704.0,9,354.7,563.2,94.6,3.5,4,1,16.5
7.5,46.6,576.8,298.2,9,432.6,238.6,4.6,7.9,20,1,15.2
8.3,98.7,1045.2,1075.7,14,783.9,860.6,7.3,3.5,12,0,9.0
1.6,69.9,509.5,73.4,6,382.1,58.7,0.5,2.1,10,5,6.5
11.7,109.7,650.9,258.1,7,488.2,206.5,10.0,5.1,23,0,3.5
6.1,87.6,43.8,907.4,1,32.9,725.9,4.5,4.3,0,0,0.0
8.4,72.9,207.1,857.1,3,155.4,685.7,4.9,3.6,22,3,0.8
36.0,96.9,777.2,361.3,19,582.9,289.1,41.1,5.8,2,6,18.2
54.8,101.1,866.0,93.2,20,649.5,74.6,56.6,4.2,17,5,18.3
4.1,96.6,707.5,1032.5,15,530.6,826.0,2.2,4.4,20,6,18.3
9.3,66.5,189.1,390.2,4,141.8,312.1,5.1,2.1,3,6,3.4
52.8,76.3,545.6,250.9,9,409.2,200.8,50.2,5.5,8,4,15.4
1.3,84.9,439.0,629.0,8,329.3,503.2,1.4,2.7,10,3,9.2
1.9,84.3,604.9,1094.1,8,453.7,875.3,7.4,3.3,16,0,12.3
3.6,98.5,1047.0,71.4,16,785.2,57.1,0.0,6.3,10,6,16.0
18.1,48.7,935.5,923.6,13,701.6,738.9,19.4,3.9,2,0,5.5
3.3,91.0,119.1,695.5,2,89.3,556.4,6.9,3.0,18,5,7.6
68.9,79.8,1070.6,522.0,20,802.9,417.6,59.5,5.5,19,5,20.5
11.8,69.9,576.7,898.0,7,432.5,718.4,8.9,3.3,22,6,1.1
13.9,71.6,897.8,1159.7,20,673.3,927.7,6.6,3.6,20,1,19.6
5.7,81.1,185.2,290.5,2,138.9,232.4,5.8,5.7,10,3,11.0
12.7,20.2,811.4,189.5,15,608.6,151.6,8.9,6.4,13,6,20.1
21.7,72.4,298.9,1097.2,5,224.1,877.8,19.0,6.4,5,3,7.9
27.8,69.2,537.3,809.4,12,403.0,647.5,23.8,4.9,18,5,10.1
28.0,94.6,39.9,536.8,1,29.9,429.5,29.6,4.7,20,4,5.4
17.2,70.5,198.9,696.4,3,149.2,557.2,16.4,6.7,14,3,9.3
46.9,81.1,128.7,899.8,2,96.5,719.9,46.1,3.2,10,5,8.2
34.0,112.8,302.9,932.2,6,227.2,745.7,32.8,2.9,17,4,7.2
28.3,102.9,138.0,1105.5,2,103.5,884.4,29.2,6.0,3,2,4.3
1.1,101.2,836.5,523.7,16,627.3,418.9,0.0,4.5,18,5,15.2
0.1,76.0,54.3,366.2,1,40.7,293.0,6.6,6.3,2,4,2.2
4.8,94.8,748.9,774.8,9,561.7,619.8,0.0,3.5,11,0,8.2
21.8,80.8,186.0,510.6,2,139.5,408.4,11.2,3.9,3,2,0.0
10.6,81.5,1135.3,721.6,17,851.5,577.3,0.0,7.4,23,6,16.4
10.3,92.4,1121.1,515.6,22,840.8,412.5,0.0,4.5,11,1,21.0
43.2,74.3,286.1,200.5,6,214.6,160.4,44.6,5.5,23,1,8.9
45.2,111.9,745.0,573.9,8,558.8,459.1,45.9,2.6,0,1,15.0
48.0,82.1,53.0,835.3,1,39.8,668.2,52.0,3.1,15,0,4.1
7.5,96.1,1119.5,963.2,14,839.6,770.5,0.3,2.2,20,6,7.3
23.5,111.2,637.1,602.1,11,477.8,481.7,25.2,4.5,1,5,6.9
6.3,103.6,71.0,215.0,1,53.3,172.0,4.6,7.9,21,1,0.0
4.2,59.6,424.1,509.3,7,318.1,407.5,3.1,7.2,2,4,8.9
4.1,93.0,110.7,947.8,2,83.0,758.3,5.2,5.8,15,5,1.6
8.4,100.3,483.7,507.2,7,362.8,405.7,2.6,7.2,9,0,18.2
11.2,101.1,810.5,841.9,9,607.9,673.5,22.2,5.6,8,3,15.2
35.6,65.0,574.5,618.5,6,430.9,494.8,40.2,4.2,13,0,5.2
2.6,73.2,472.8,304.6,6,354.6,243.7,0.0,3.0,7,6,0.0
26.6,102.9,160.6,959.5,2,120.5,767.6,19.1,5.9,1,0,10.4
15.2,71.3,309.0,119.4,5,231.8,95.5,12.7,3.2,10,3,8.7
6.8,79.6,138.2,639.4,2,103.6,511.5,5.7,4.5,1,6,6.8
13.6,113.4,972.8,266.5,12,729.6,213.2,16.9,7.0,14,4,12.9
7.1,84.1,179.6,99.1,3,134.7,79.3,0.0,2.8,17,2,6.3
18.1,71.9,722.5,613.5,10,541.9,490.8,17.6,2.8,4,3,10.3
11.4,69.2,424.4,609.5,6,318.3,487.6,1.7,3.3,6,0,5.4
3.6,91.0,286.7,854.1,4,215.0,683.3,3.8,5.3,22,1,4.7
2.5,61.0,774.6,898.8,9,580.9,719.0,0.0,3.5,18,3,7.1
15.8,80.5,559.3,878.8,10,419.4,703.0,23.5,5.0,18,3,17.1
46.5,91.0,492.2,503.3,10,369.1,402.6,36.8,3.8,15,2,9.5
8.4,108.4,719.6,765.4,11,539.7,612.3,13.3,5.0,18,6,11.3
26.4,97.0,599.7,700.8,12,449.8,560.6,15.9,3.7,16,0,16.0
21.5,72.1,378.1,517.4,6,283.6,414.0,12.9,7.9,12,1,7.3
53.6,106.2,679.7,724.7,8,509.8,579.8,43.2,5.0,7,1,7.9
34.4,79.6,810.0,1137.8,11,607.5,910.2,33.7,6.5,10,2,20.5
16.7,62.8,51.5,247.6,1,38.6,198.1,8.9,6.2,17,5,9.3
21.4,81.9,569.7,1088.8,12,427.3,871.0,12.7,4.9,10,1,11.4
45.7,110.9,88.1,83.1,1,66.0,66.5,44.7,3.4,22,4,5.2
10.2,88.0,240.0,383.9,3,180.0,307.1,10.5,5.1,8,3,9.7
7.9,85.2,681.4,360.0,16,511.1,288.0,6.1,6.1,13,3,13.7
0.2,114.5,1042.1,759.1,15,781.6,607.3,0.0,4.8,1,1,11.8
35.0,59.2,1061.7,174.8,12,796.3,139.9,42.2,2.5,16,1,9.4
32.3,61.9,102.5,1061.2,2,76.9,848.9,31.0,2.1,20,1,11.1
2.2,55.9,514.5,997.7,7,385.9,798.2,4.2,4.0,15,3,3.5
17.2,91.7,707.9,789.4,8,531.0,631.6,15.9,2.9,4,1,2.7
12.5,88.0,193.5,560.9,5,145.2,448.7,5.0,7.4,0,4,9.9
2.5,112.8,923.2,1120.9,13,692.4,896.7,3.3,3.1,8,4,10.7
78.8,89.4,898.2,1000.3,14,673.6,800.2,73.5,4.4,2,3,18.1
4.8,77.7,1085.9,609.2,19,814.5,487.4,2.4,6.3,13,5,19.6
1.4,85.0,30.0,848.2,1,22.5,678.6,0.9,6.9,17,0,3.5
18.1,87.1,275.7,689.0,6,206.8,551.2,6.4,4.9,11,6,11.7
26.9,54.9,996.1,713.8,13,747.1,571.0,16.8,3.1,22,0,16.1
0.7,130.0,811.3,410.6,20,608.5,328.4,3.2,3.6,13,0,9.3
21.5,94.4,1075.4,565.3,19,806.5,452.2,16.2,4.5,15,4,8.7
15.2,88.8,87.5,112.2,1,65.6,89.7,10.1,4.2,4,6,5.4
2.2,96.1,724.4,441.7,12,543.3,353.3,1.0,4.1,19,2,4.8
3.8,97.8,691.5,841.1,12,518.6,672.9,0.0,2.8,19,6,5.1
16.8,82.5,62.1,1144.8,1,46.6,915.8,16.9,7.5,14,0,3.1
7.0,73.6,626.0,1156.4,7,469.5,925.1,4.8,2.2,8,2,6.9
55.7,95.8,739.2,675.8,9,554.4,540.6,54.7,4.6,16,3,11.7
34.2,91.9,245.7,735.8,4,184.3,588.7,28.6,7.9,11,6,19.4
82.2,70.4,342.5,239.2,4,256.9,191.3,81.1,6.0,12,4,11.9
6.0,110.5,775.6,840.5,9,581.7,672.4,9.5,4.1,9,5,8.4
69.9,90.3,572.6,103.4,9,429.4,82.7,65.1,2.9,6,0,8.4
11.3,98.1,1032.5,355.9,19,774.3,284.7,13.9,7.8,23,4,18.4
8.5,110.1,424.0,808.7,9,318.0,646.9,6.3,2.1,20,3,3.4
1.0,85.4,334.7,386.2,5,251.0,308.9,2.7,6.1,6,4,6.6
1.1,90.7,1182.1,78.8,14,886.6,63.1,0.0,7.3,7,1,13.9
23.6,99.6,1095.1,1001.6,16,821.4,801.3,21.4,2.2,23,0,8.6
12.2,72.0,54.2,386.2,1,40.7,309.0,12.0,6.4,14,4,5.3
5.1,86.0,929.5,94.5,20,697.1,75.6,9.2,8.0,20,5,27.4
19.0,87.3,150.2,108.3,3,112.6,86.6,18.2,5.8,17,4,3.7
5.8,67.8,52.4,317.1,1,39.3,253.7,6.2,4.5,21,4,0.7
17.2,126.7,343.0,230.1,4,257.2,184.0,13.4,7.2,0,3,4.9
8.9,59.7,337.8,933.7,6,253.4,746.9,14.8,5.3,9,0,15.5
34.7,61.6,986.8,399.6,12,740.1,319.7,35.9,6.5,21,5,18.8
34.4,108.7,858.6,969.5,19,643.9,775.6,32.8,5.5,18,0,19.0
13.0,97.8,1178.3,225.1,17,883.7,180.1,10.4,2.2,2,1,2.9
8.6,66.5,859.6,601.6,12,644.7,481.3,11.5,3.3,6,1,7.4
9.0,95.9,513.5,831.9,6,385.2,665.5,4.0,2.5,3,6,2.1
32.8,111.4,844.7,789.3,21,633.6,631.5,21.9,2.6,4,4,10.1
8.0,84.5,1199.4,729.3,24,899.5,583.5,6.3,2.1,5,0,11.6
4.7,130.0,858.0,1111.3,17,643.5,889.0,8.6,4.5,9,6,16.1
1.8,54.0,918.8,289.7,11,689.1,231.7,7.7,3.1,11,6,8.5
12.6,97.5,1127.3,602.6,24,845.5,482.1,10.0,7.1,13,0,20.0
13.2,106.0,154.1,1063.1,4,115.6,850.5,11.4,6.5,21,4,0.0
36.8,101.0,851.6,111.9,13,638.7,89.5,37.4,5.4,1,2,14.8
5.0,81.3,1024.0,85.9,15,768.0,68.8,1.7,4.9,2,0,10.9
9.6,79.8,1146.2,295.3,14,859.6,236.2,10.2,3.5,0,4,9.5
33.0,93.0,268.9,767.0,3,201.7,613.6,30.6,4.8,2,4,5.5
34.7,99.7,614.6,326.7,9,461.0,261.3,37.8,5.8,23,6,7.4
9.7,95.8,823.1,244.5,10,617.3,195.6,11.3,6.7,14,2,10.1
12.3,103.7,312.0,561.4,4,234.0,449.1,14.3,2.5,15,1,7.4
7.2,66.7,728.6,744.0,14,546.4,595.2,4.2,6.3,19,5,15.9
53.9,80.9,323.9,313.3,4,243.0,250.6,61.6,6.5,1,4,16.6
2.5,68.1,413.5,374.8,6,310.1,299.9,2.9,5.4,19,0,9.6
54.3,78.0,541.0,744.0,9,405.7,595.2,53.5,3.3,15,1,16.4
23.0,103.3,644.4,1136.0,9,483.3,908.8,17.2,5.2,14,1,15.6
15.2,86.9,550.3,816.2,9,412.7,653.0,12.7,5.0,6,1,4.3
0.7,130.0,602.0,943.8,13,451.5,755.1,0.0,4.9,4,4,5.9
12.9,88.5,372.3,452.8,5,279.3,362.3,7.0,4.8,4,0,3.0
10.5,86.1,207.6,341.3,3,155.7,273.0,7.0,2.7,20,5,0.5
3.5,86.9,75.9,556.0,1,56.9,444.8,0.7,3.1,8,2,6.8
21.4,73.5,251.3,972.4,5,188.4,777.9,19.6,2.6,22,3,5.7
70.9,84.0,706.7,558.4,8,530.0,446.7,60.1,3.5,13,3,11.6
16.5,105.3,947.6,1019.1,23,710.7,815.3,13.8,3.6,18,1,11.8
25.1,87.1,219.7,1186.8,4,164.8,949.4,21.2,3.5,17,6,14.2
1.4,70.7,148.1,105.0,3,111.1,84.0,0.0,3.3,8,3,0.0
10.8,68.3,904.2,73.6,21,678.1,58.9,14.0,6.4,2,6,13.9
2.5,76.9,380.1,196.5,6,285.1,157.2,10.7,6.9,10,3,14.9
19.0,86.3,1142.8,473.6,16,857.1,378.8,20.4,4.0,23,4,11.5
55.8,106.5,862.9,174.6,10,647.2,139.7,47.6,3.8,14,2,8.5
21.7,60.9,405.6,1047.4,5,304.2,837.9,18.0,7.1,3,3,7.1
1.6,79.2,361.7,47.3,4,271.2,37.9,2.6,5.7,20,6,8.1
8.8,87.6,638.0,392.6,10,478.5,314.1,9.2,3.8,23,5,10.1
16.0,52.0,113.4,237.9,1,85.0,190.4,18.9,6.3,4,5,0.0
10.3,70.0,158.9,1119.2,2,119.1,895.4,7.8,4.1,17,2,7.5
35.9,72.8,227.5,810.0,4,170.6,648.0,32.1,5.5,21,3,10.5
33.7,70.7,934.2,1096.2,12,700.6,877.0,40.5,8.0,22,5,13.5
18.9,88.5,626.4,1167.3,10,469.8,933.9,17.2,3.8,11,1,10.8
9.4,82.1,32.5,606.6,1,24.4,485.3,2.3,7.6,0,1,2.1
5.9,75.0,814.7,296.5,12,611.1,237.2,11.3,3.9,21,5,2.4
2.2,92.7,520.0,248.6,7,390.0,198.9,0.0,5.2,19,2,10.1
8.8,116.0,622.8,283.0,8,467.1,226.4,0.0,4.8,1,6,7.2
10.7,114.5,272.7,856.1,5,204.5,684.9,12.5,6.7,8,2,15.3
22.5,50.4,671.1,67.7,10,503.3,54.2,25.1,2.4,21,2,6.2
21.5,95.4,1175.4,80.6,14,881.6,64.5,21.5,5.8,17,2,17.9
1.5,81.8,106.7,737.6,1,80.0,590.1,0.0,6.6,4,0,6.6
10.1,87.8,355.0,777.6,7,266.3,622.1,7.8,4.8,21,1,3.3
4.0,77.8,306.7,805.0,6,230.1,644.0,0.6,2.6,13,3,0.0
3.4,87.1,313.3,458.8,4,235.0,367.1,0.0,3.5,10,0,6.9
35.1,87.7,466.9,971.0,8,350.2,776.8,40.2,6.1,20,2,14.4
0.9,74.6,985.4,649.7,24,739.0,519.7,0.0,7.4,21,3,21.5
10.9,68.9,1097.2,144.4,19,822.9,115.6,10.4,4.5,2,1,10.4
3.7,76.9,258.6,960.6,3,194.0,768.5,7.7,5.4,8,2,4.9
42.3,89.2,660.7,1144.6,8,495.5,915.7,42.2,3.4,1,4,11.2
16.3,95.8,771.5,90.8,12,578.7,72.7,20.5,4.5,13,2,9.6
5.3,100.4,635.8,481.8,10,476.8,385.4,6.1,4.0,1,3,13.9
14.0,76.1,532.2,595.3,8,399.2,476.2,14.1,5.9,20,1,8.0
26.3,90.1,246.5,192.8,5,184.9,154.3,26.1,7.9,9,6,18.9
63.5,102.3,596.1,1043.9,9,447.1,835.1,64.5,6.9,18,2,19.6
5.0,106.0,493.4,355.3,12,370.1,284.2,1.1,3.2,1,1,5.6
43.5,83.9,958.8,944.0,15,719.1,755.2,35.0,5.5,15,0,10.8
54.5,81.0,921.1,811.8,16,690.8,649.4,57.2,2.4,5,4,8.9
49.6,88.4,178.1,725.7,2,133.6,580.6,53.4,3.5,11,5,15.7
20.2,64.3,124.5,246.7,2,93.3,197.4,19.4,3.0,21,5,0.0
19.9,81.5,1091.6,280.4,18,818.7,224.3,15.1,4.0,6,0,4.9
10.3,98.4,651.9,75.9,16,488.9,60.7,0.5,6.1,3,5,7.6
27.9,96.6,1032.2,304.0,20,774.2,243.2,26.3,5.0,7,4,19.4
15.2,80.1,88.6,427.6,1,66.5,342.1,6.4,7.6,18,6,9.3
22.6,88.9,641.3,1003.1,15,481.0,802.5,13.2,3.3,9,0,9.1
11.2,70.2,656.5,452.3,14,492.4,361.9,9.1,4.2,0,1,7.0
26.3,97.7,1035.6,910.5,14,776.7,728.4,20.5,4.0,4,6,10.3
34.8,83.6,135.2,538.5,2,101.4,430.8,34.5,3.4,5,1,8.4
3.2,80.0,303.7,946.1,5,227.8,756.9,0.4,8.0,18,0,6.0
35.8,78.5,499.7,1172.0,8,374.8,937.6,30.8,4.3,17,6,12.7
15.5,83.9,1041.7,303.0,12,781.3,242.4,5.0,7.6,18,3,15.9
37.2,76.9,1127.9,1037.6,13,845.9,830.1,31.0,4.3,18,0,14.6
11.3,96.8,1191.4,753.8,22,893.6,603.0,5.2,3.2,22,2,7.0
9.5,77.9,1151.8,984.4,14,863.9,787.5,1.4,2.7,0,3,6.7
49.3,113.7,27.0,788.9,1,20.3,631.1,45.7,7.1,19,1,7.5
5.8,111.4,76.3,520.3,1,57.2,416.2,0.0,2.2,10,0,5.7
37.2,69.0,194.2,289.1,3,145.6,231.3,34.4,7.8,2,6,12.5
13.2,86.3,431.7,102.6,5,323.7,82.1,12.4,4.5,9,3,12.2
14.4,73.3,999.3,651.9,13,749.5,521.5,8.3,3.5,6,6,12.2
7.4,79.1,1073.3,1188.6,17,805.0,950.9,7.5,5.7,16,2,14.0
17.0,121.0,240.5,890.9,3,180.3,712.7,8.2,2.8,23,4,7.2
7.9,79.5,751.2,406.3,14,563.4,325.0,0.3,2.4,15,1,0.0
0.8,91.5,1102.5,996.1,24,826.9,796.9,0.0,7.0,6,3,14.7
6.3,94.7,567.2,927.4,9,425.4,741.9,7.8,4.5,12,5,2.9
0.1,67.0,142.2,352.3,2,106.6,281.9,2.5,5.1,11,3,3.0
76.7,69.6,560.2,36.9,9,420.2,29.5,82.7,3.1,11,6,20.7
67.5,63.3,463.4,159.4,6,347.6,127.5,63.6,2.4,7,5,3.7
10.1,69.1,701.6,1055.2,10,526.2,844.2,7.4,4.2,7,3,1.8
26.1,33.7,537.6,1007.1,12,403.2,805.7,18.9,5.0,12,0,12.4
8.5,94.8,40.5,368.3,1,30.4,294.7,0.2,6.6,10,1,6.6
22.2,122.0,1192.9,356.5,16,894.7,285.2,21.4,5.0,0,1,15.4
32.7,87.7,661.4,955.6,7,496.0,764.5,26.9,6.7,16,0,8.5
58.7,59.5,578.9,1126.5,12,434.2,901.2,62.8,2.7,18,0,14.6
10.2,73.4,1146.4,939.4,19,859.8,751.5,0.9,2.4,12,5,10.1
30.6,76.7,203.9,734.6,5,152.9,587.7,31.0,3.0,22,5,2.3
6.2,66.7,243.3,306.4,5,182.5,245.1,0.0,6.6,14,5,5.5
92.8,100.5,973.5,640.4,17,730.1,512.3,86.7,6.6,23,6,25.1
0.5,99.6,327.8,295.5,5,245.8,236.4,1.2,2.8,11,0,5.1
18.5,64.2,963.1,973.5,19,722.3,778.8,13.1,2.2,20,6,14.3
21.5,98.1,340.4,476.6,7,255.3,381.3,17.0,6.1,16,6,4.8
23.3,112.5,59.2,1003.8,1,44.4,803.0,17.2,7.1,2,2,9.2
2.6,119.2,630.1,470.3,7,472.6,376.2,9.5,6.5,6,3,6.9
55.8,130.0,252.1,992.5,4,189.1,794.0,50.7,3.2,1,2,6.1
4.0,68.8,914.3,413.3,12,685.7,330.7,2.3,5.5,1,1,3.7
19.5,130.0,776.6,539.4,15,582.5,431.5,16.5,6.5,5,0,10.3
5.0,78.6,1109.9,746.3,13,832.4,597.0,4.1,3.5,3,3,3.7
7.3,74.3,943.9,102.9,13,707.9,82.4,2.3,5.2,15,5,5.3
15.8,90.9,233.3,1138.9,3,175.0,911.1,12.8,3.9,14,4,0.0
10.8,74.5,964.2,696.9,23,723.1,557.5,10.8,3.4,9,6,15.0
3.5,92.2,777.2,619.2,11,582.9,495.4,0.0,7.8,13,3,13.3
3.7,61.2,809.4,1010.5,12,607.0,808.4,7.2,7.5,8,4,17.5
10.8,80.7,1002.1,1041.6,18,751.6,833.3,14.8,4.7,14,3,1.5
28.3,108.1,697.1,636.3,13,522.8,509.0,29.3,2.8,6,0,4.3
45.6,84.0,569.9,1114.2,8,427.4,891.3,44.0,6.4,6,4,15.2
1.8,87.5,771.2,96.4,10,578.4,77.1,0.0,3.5,7,4,0.2
10.0,93.6,371.6,153.6,9,278.7,122.9,10.1,3.0,18,1,8.4
2.1,106.1,235.5,724.2,3,176.6,579.4,0.0,4.3,17,3,2.4
0.3,55.2,747.6,437.8,15,560.7,350.2,0.0,5.2,16,2,14.4
21.7,95.5,295.9,567.8,6,222.0,454.2,10.2,2.6,17,5,5.7
18.4,80.2,114.3,407.1,2,85.7,325.7,18.9,5.4,18,2,10.2
3.6,88.0,20.7,497.6,1,15.5,398.1,0.0,2.1,20,1,2.6
5.3,104.1,737.8,990.7,12,553.4,792.6,3.9,7.4,7,1,3.1
0.5,63.5,447.3,720.3,8,335.5,576.2,3.0,7.5,12,1,10.1
36.0,66.8,907.7,1196.9,13,680.8,957.5,31.7,6.4,10,0,11.4
73.5,50.2,462.7,948.5,7,347.0,758.8,77.6,4.8,18,0,13.7
2.9,75.1,593.5,342.9,7,445.1,274.3,0.0,3.5,6,0,10.3
5.3,108.9,500.4,331.9,9,375.3,265.5,6.3,6.5,4,0,19.2
40.6,82.8,787.7,416.4,10,590.8,333.1,32.0,7.6,4,1,13.7
52.2,60.9,440.2,1015.0,8,330.2,812.0,55.4,3.0,7,1,6.2
10.9,76.3,1157.2,52.2,18,867.9,41.8,13.3,4.8,9,6,16.6
1.0,58.2,1124.7,291.6,17,843.5,233.3,1.4,3.9,4,0,4.0
0.8,64.7,1020.7,1087.8,18,765.5,870.2,0.0,4.1,14,0,8.0
17.1,92.0,1106.0,775.1,17,829.5,620.1,8.1,4.4,22,4,16.9
10.0,63.9,550.0,287.7,10,412.5,230.1,6.0,7.7,15,3,11.5
0.6,105.0,653.0,278.6,16,489.7,222.9,4.1,3.6,9,4,7.3
17.5,83.7,895.7,1037.9,18,671.8,830.3,16.2,5.0,23,3,14.4
0.2,86.5,841.5,1074.6,11,631.1,859.7,0.0,7.7,7,0,4.7
31.0,80.0,1071.0,322.2,14,803.3,257.8,23.3,4.9,18,0,9.2
7.3,98.9,865.3,516.2,16,649.0,413.0,11.6,7.2,3,5,18.8
0.8,99.1,1197.5,1004.8,20,898.1,803.9,1.3,2.4,13,0,3.7
17.8,91.0,431.2,929.8,10,323.4,743.8,9.6,7.7,7,4,17.0
10.1,95.2,1002.9,980.4,19,752.2,784.3,0.0,3.1,20,1,8.9
72.8,81.2,843.2,631.7,11,632.4,505.4,67.7,7.9,13,3,22.5
15.7,94.8,835.8,1095.6,12,626.9,876.5,4.5,3.1,11,6,16.2
6.4,78.9,404.5,404.6,8,303.4,323.7,3.7,4.7,0,5,6.2
24.7,85.0,947.0,204.9,18,710.3,163.9,35.0,3.9,22,4,12.8
6.3,80.1,1082.4,856.3,13,811.8,685.0,0.0,4.6,18,5,10.2
46.9,76.8,277.9,656.4,6,208.4,525.2,44.0,3.5,17,0,9.8
9.4,72.6,758.1,1028.4,13,568.6,822.7,14.0,7.8,11,1,13.1
16.0,93.4,482.7,115.8,7,362.0,92.6,17.7,3.8,9,6,12.0
1.0,108.6,1187.7,1015.6,17,890.8,812.4,0.0,5.9,20,4,18.8
11.1,106.1,585.0,366.1,9,438.8,292.9,8.4,2.8,0,3,3.9
35.7,62.4,289.4,792.7,3,217.1,634.2,27.9,6.9,13,5,6.7
32.8,108.2,470.6,67.4,9,352.9,53.9,29.4,5.3,8,5,11.9
5.1,79.3,791.5,739.3,10,593.6,591.4,4.3,7.9,14,5,6.2
5.1,95.8,109.8,866.4,2,82.3,693.1,8.7,4.5,20,0,2.4
34.0,68.7,732.3,455.1,10,549.2,364.1,28.9,3.2,21,3,5.7
53.3,87.6,1118.8,274.2,13,839.1,219.3,50.4,4.1,22,5,10.8
2.0,90.6,1023.4,654.4,16,767.6,523.5,0.0,6.4,13,0,17.1
12.0,58.3,99.9,1003.2,1,74.9,802.5,11.1,6.0,8,0,8.8
8.2,95.9,1192.2,401.8,15,894.2,321.4,10.2,6.7,10,2,23.2
40.9,109.2,844.5,317.9,18,633.4,254.3,42.1,2.4,4,3,12.6
1.7,81.9,211.5,349.1,3,158.6,279.3,0.0,5.5,11,6,1.1
4.7,109.5,34.7,1140.0,1,26.0,912.0,3.5,7.6,15,1,0.0
27.9,81.6,222.1,443.9,3,166.6,355.2,22.5,2.6,19,0,4.5
1.1,100.3,1009.0,24.3,20,756.8,19.4,4.1,2.6,2,1,6.3
13.6,45.1,45.5,942.4,1,34.2,753.9,10.8,6.3,4,4,0.6
11.7,128.5,295.1,845.1,6,221.3,676.1,2.1,3.9,18,0,10.9
8.1,111.9,913.6,171.7,20,685.2,137.4,5.0,6.0,4,5,19.7
10.0,79.9,711.6,1182.2,11,533.7,945.7,10.3,5.3,23,0,4.3
15.1,49.5,943.6,737.5,22,707.7,590.0,14.3,7.9,17,5,21.2
3.5,90.2,900.5,610.9,18,675.3,488.7,0.0,7.3,3,0,22.4
17.0,59.0,79.7,471.0,1,59.8,376.8,12.0,6.1,23,5,3.7
32.7,93.0,1073.2,1080.4,17,804.9,864.3,25.8,3.6,14,1,9.2
28.6,92.4,287.9,307.9,4,215.9,246.3,24.6,3.6,4,2,10.6
3.3,68.1,673.0,357.2,9,504.8,285.8,0.0,7.3,7,6,13.1
3.2,105.2,780.3,164.4,18,585.2,131.6,6.1,5.5,15,3,11.4
6.2,99.5,219.0,915.8,5,164.2,732.6,0.0,6.7,21,0,8.2
9.0,102.6,1172.0,722.7,27,879.0,578.2,7.6,4.7,0,3,20.7
10.5,85.2,596.0,738.7,10,447.0,591.0,8.8,2.6,4,5,7.6
22.8,59.5,88.0,277.8,2,66.0,222.2,25.5,4.0,17,3,12.9
1.2,102.6,1126.0,788.4,15,844.5,630.7,4.6,3.0,15,5,3.5
0.7,80.1,711.8,923.2,14,533.8,738.6,2.2,6.7,22,3,12.3
9.9,60.0,845.0,442.3,10,633.8,353.8,9.7,6.2,9,5,18.7
23.9,109.3,639.7,965.6,10,479.8,772.5,16.6,2.5,3,1,4.6
4.3,122.8,1005.0,431.6,16,753.7,345.3,0.0,5.7,17,5,13.7
20.5,84.3,59.1,914.6,1,44.3,731.7,14.3,7.2,16,3,3.8
6.0,123.9,336.7,59.8,4,252.5,47.8,7.8,6.2,20,4,3.0
43.4,86.6,574.2,670.4,8,430.6,536.3,41.8,5.1,12,6,10.9
45.2,78.2,110.4,1164.0,1,82.8,931.2,47.6,3.9,7,5,0.2
7.1,73.7,853.0,1177.9,14,639.7,942.3,10.1,7.3,7,1,18.7
5.2,114.5,484.5,352.5,6,363.4,282.0,0.0,4.5,11,1,2.6
10.6,71.0,341.7,540.9,6,256.3,432.7,8.8,7.1,17,4,13.7
5.5,98.2,24.0,94.3,1,18.0,75.5,3.4,6.7,5,2,0.0
22.3,74.9,869.4,1050.5,16,652.0,840.4,18.7,6.9,6,2,12.3
35.0,76.7,1003.9,690.9,18,752.9,552.7,30.3,7.9,16,5,21.2
22.4,103.5,486.1,474.4,7,364.6,379.5,26.3,6.5,4,0,10.2
34.8,78.2,685.8,153.1,14,514.3,122.5,33.0,2.2,21,2,8.0
10.1,77.7,288.7,1137.2,6,216.5,909.7,8.2,3.2,22,6,5.0
3.4,105.4,754.2,645.7,14,565.6,516.5,0.0,2.2,18,0,11.0
26.8,113.8,34.3,353.9,1,25.7,283.1,28.2,3.1,7,6,0.0
8.9,96.6,596.6,433.3,7,447.4,346.6,1.9,2.4,18,3,7.9
22.3,73.2,780.2,339.4,11,585.1,271.5,22.5,5.0,7,0,4.6
6.3,75.8,1103.5,730.1,14,827.6,584.1,6.7,2.2,20,2,4.4
1.7,86.4,470.0,1117.4,7,352.5,893.9,0.0,4.8,18,0,4.9
98.1,90.8,922.9,1030.9,21,692.2,824.7,97.7,7.4,6,1,22.0
3.4,67.2,725.3,563.2,16,544.0,450.6,2.3,6.5,2,6,13.3
89.2,98.0,1113.9,995.3,16,835.4,796.2,87.0,7.7,5,2,17.9
75.7,86.5,490.1,519.3,9,367.6,415.4,73.8,3.4,7,6,13.1
31.6,54.1,396.5,317.7,8,297.4,254.2,29.9,5.2,17,0,18.0
21.5,68.3,1066.8,1180.4,17,800.1,944.3,20.2,3.9,14,2,16.1
17.2,75.9,78.1,378.6,1,58.6,302.9,15.5,5.0,23,6,0.0
40.2,83.7,180.9,402.0,3,135.7,321.6,32.7,5.3,16,4,2.3
6.8,119.0,117.2,1187.8,1,87.9,950.3,4.1,2.2,3,2,4.2
12.6,89.3,1014.9,178.0,13,761.2,142.4,11.9,3.4,6,6,7.3
19.3,69.9,32.5,917.4,1,24.4,733.9,17.8,6.2,16,4,2.9
10.6,89.0,1036.8,1124.3,12,777.6,899.4,13.4,6.6,21,0,7.2
11.2,78.7,552.5,623.9,10,414.4,499.1,12.3,5.4,5,4,8.8
8.0,90.8,24.7,23.0,1,18.6,18.4,1.7,3.6,12,2,4.8
16.6,95.5,493.9,462.6,6,370.5,370.1,13.8,4.4,6,1,2.6
38.0,106.8,240.4,151.7,3,180.3,121.3,34.5,2.6,8,4,10.9
4.5,84.6,756.8,511.1,10,567.6,408.9,2.5,7.7,22,2,10.8
54.5,114.5,821.6,952.2,14,616.2,761.8,52.5,7.2,18,1,19.8
23.4,101.3,595.3,537.7,9,446.5,430.1,24.4,2.4,19,3,9.5
34.7,72.3,67.8,529.7,2,50.9,423.7,33.5,3.0,12,5,1.0
16.2,124.8,794.2,677.0,9,595.7,541.6,20.4,5.5,14,4,12.1
30.2,90.9,1013.6,706.4,13,760.2,565.1,29.4,3.4,16,4,5.2
0.3,70.0,870.0,1030.4,10,652.5,824.3,0.0,7.6,4,0,7.6
34.1,114.8,999.4,383.9,13,749.5,307.1,29.8,6.5,22,3,17.3
0.8,122.4,256.6,989.6,5,192.5,791.7,1.8,3.6,18,0,5.2
44.1,84.4,1068.9,687.8,26,801.7,550.2,34.1,2.0,5,0,8.0
96.5,75.9,400.2,374.6,5,300.1,299.7,87.7,6.8,11,2,18.9
7.0,81.9,35.8,368.2,1,26.9,294.6,5.0,4.5,14,6,8.0
4.7,97.9,1015.2,446.1,19,761.4,356.9,7.5,5.9,14,0,19.1
29.0,108.0,1131.3,754.8,17,848.5,603.8,33.5,3.7,2,6,14.3
5.8,95.3,793.6,292.4,13,595.2,233.9,2.7,2.9,3,4,9.0
40.1,86.8,293.1,1106.0,4,219.8,884.8,43.4,6.1,4,0,10.1
2.2,112.0,317.1,698.4,5,237.8,558.7,0.5,4.7,5,1,4.3
2.7,79.4,570.6,1105.6,8,427.9,884.5,0.0,3.4,5,4,7.2
77.4,103.6,1079.4,74.8,13,809.6,59.8,75.4,2.8,16,5,13.9
22.4,79.8,196.5,424.3,4,147.4,339.4,17.3,5.5,7,2,5.2
37.5,92.8,994.6,46.9,18,746.0,37.5,40.1,6.4,18,0,23.3
7.8,83.0,363.7,341.3,6,272.8,273.0,5.7,3.7,19,1,9.1
22.6,84.0,974.1,1037.2,11,730.6,829.7,14.2,6.4,23,5,12.3
18.0,78.2,1105.9,63.2,19,829.4,50.6,8.5,3.1,20,6,14.6
18.5,109.2,524.4,534.7,9,393.3,427.7,16.4,4.0,21,1,3.2
22.9,71.8,450.8,158.7,6,338.1,127.0,8.8,6.5,12,4,6.7
17.1,71.7,966.6,511.9,16,725.0,409.5,12.5,6.0,14,0,9.2
11.2,123.2,644.8,1009.8,7,483.6,807.9,10.4,3.6,16,1,5.6
6.5,102.6,827.6,755.2,10,620.7,604.2,0.0,2.7,23,0,5.6
29.3,42.1,754.9,889.4,11,566.2,711.5,32.2,2.3,20,4,16.9
5.1,74.8,200.4,431.9,3,150.3,345.6,9.1,7.0,16,3,5.6
23.6,52.4,1016.9,1134.4,24,762.6,907.5,16.5,2.5,22,1,8.6
5.3,67.9,251.0,856.9,3,188.3,685.5,1.8,2.7,1,2,0.5
19.6,28.5,1120.1,517.7,15,840.1,414.2,22.6,3.4,21,6,14.9
27.5,82.5,315.7,523.2,5,236.8,418.6,25.5,4.7,2,0,3.7
4.9,64.4,886.0,1104.0,17,664.5,883.2,0.0,6.7,21,5,15.3
1.2,86.1,355.9,700.2,4,266.9,560.1,0.0,3.5,8,4,9.6
2.8,55.7,395.0,853.5,6,296.2,682.8,0.0,5.3,5,4,11.7
18.6,86.5,385.8,512.1,5,289.4,409.7,22.2,2.5,0,5,8.8
37.9,77.5,902.5,284.0,22,676.9,227.2,38.9,4.8,21,2,15.3
0.9,112.0,677.0,873.8,11,507.8,699.0,0.0,3.1,18,3,6.0
26.5,110.4,1061.9,737.2,13,796.4,589.8,25.2,3.3,3,0,10.5
8.4,99.1,382.7,611.6,6,287.0,489.3,0.0,4.2,12,3,3.6
13.0,79.1,836.6,756.3,12,627.4,605.1,7.3,6.6,19,6,10.1
52.9,120.7,908.5,265.8,18,681.4,212.6,58.6,6.5,7,4,30.3
8.1,57.0,198.7,956.8,3,149.1,765.5,6.3,4.5,22,1,3.5
12.5,59.7,492.7,1138.8,6,369.5,911.1,15.2,2.7,4,3,8.7
0.3,83.5,589.7,1071.5,9,442.3,857.2,0.0,3.7,9,1,7.3
1.7,125.6,439.7,399.3,5,329.8,319.4,6.3,5.0,19,2,8.7
6.0,81.4,400.1,499.1,5,300.1,399.3,0.0,7.2,18,4,10.0
0.6,81.7,830.0,973.9,10,622.5,779.1,0.0,7.8,11,1,13.0
20.0,59.0,274.7,722.2,3,206.0,577.8,26.2,5.8,0,0,3.5
11.1,102.0,857.1,666.5,21,642.8,533.2,13.9,4.1,8,4,24.3
15.9,102.2,1123.4,1113.4,13,842.5,890.8,20.5,6.2,23,2,14.1
3.8,99.2,686.9,652.5,15,515.2,522.0,1.8,4.0,15,0,2.6
7.0,73.7,741.5,627.6,18,556.1,502.1,2.3,5.8,16,4,14.0
21.8,72.3,101.3,69.6,2,76.0,55.7,14.7,3.5,17,3,2.5
67.2,61.7,1040.1,101.9,18,780.1,81.5,59.7,3.6,13,6,12.0
1.0,86.5,356.8,28.8,5,267.6,23.0,3.1,2.5,16,5,3.0
44.2,65.6,745.8,1097.6,12,559.3,878.1,44.8,4.5,0,4,13.5
17.2,63.8,1175.4,501.9,28,881.5,401.5,14.9,5.7,20,0,16.6
16.6,77.4,722.7,572.9,11,542.0,458.3,17.1,6.7,14,1,17.2
13.9,76.2,875.2,1017.6,14,656.4,814.0,12.6,6.9,18,6,15.1
1.4,75.3,545.5,738.9,7,409.1,591.1,4.2,8.0,1,1,7.2
1.9,93.4,91.2,739.2,2,68.4,591.4,4.6,2.5,23,4,7.4
18.4,86.4,961.2,369.9,19,720.9,295.9,11.0,5.0,23,4,19.6
8.3,79.8,61.3,1004.0,1,46.0,803.2,7.7,5.1,13,2,0.0
49.8,88.3,846.8,215.7,15,635.1,172.5,39.5,6.8,21,3,21.5
10.4,67.2,47.0,82.7,1,35.3,66.2,9.1,3.6,1,2,2.5
3.1,86.9,1037.5,246.1,16,778.1,196.9,4.1,2.4,14,5,15.0
25.1,87.7,206.0,335.9,4,154.5,268.7,16.5,3.9,0,2,2.5
6.9,57.9,626.8,353.1,11,470.1,282.5,2.9,7.9,21,1,17.4
14.9,102.9,724.6,811.2,12,543.5,649.0,13.0,7.4,0,1,10.6
23.9,69.1,559.9,277.0,6,419.9,221.6,23.1,4.4,11,0,6.3
46.1,86.6,422.1,818.5,8,316.6,654.8,42.7,7.3,21,5,11.0
31.4,106.0,572.0,127.5,7,429.0,102.0,23.6,2.2,14,5,0.0
22.6,101.7,387.5,193.7,5,290.6,155.0,20.3,3.9,17,2,5.8
22.8,85.6,537.0,620.4,13,402.7,496.3,12.5,6.4,14,6,11.6
58.3,78.5,443.5,1107.8,5,332.6,886.3,55.2,3.3,6,0,7.4
7.0,102.1,688.1,1034.3,9,516.1,827.4,2.8,3.2,11,4,11.9
0.0,97.1,300.8,1163.1,4,225.6,930.5,0.0,7.2,9,0,10.8
6.3,73.9,1186.6,787.6,20,890.0,630.1,1.6,5.7,1,1,14.7
4.9,70.7,611.0,817.5,9,458.3,654.0,0.0,7.9,1,2,3.5
21.7,47.7,249.1,757.5,5,186.8,606.0,17.9,2.8,5,1,0.0
20.1,87.8,582.9,754.9,14,437.2,603.9,22.7,4.1,19,4,12.3
18.0,83.5,1042.4,193.6,13,781.8,154.9,22.3,3.9,5,3,6.5
0.3,105.5,45.7,661.6,1,34.3,529.3,10.5,7.3,23,6,1.9
26.1,91.5,821.9,475.6,17,616.4,380.4,32.6,3.5,9,5,21.6
7.8,109.0,666.6,542.2,8,500.0,433.8,0.0,4.1,2,2,3.1
21.9,72.4,220.1,637.8,3,165.1,510.3,17.8,2.9,15,1,0.7
16.3,105.5,984.6,171.5,20,738.5,137.2,14.2,6.7,4,3,18.1
8.4,75.5,455.3,444.2,7,341.5,355.4,6.0,3.4,4,4,2.4
2.9,99.0,366.7,94.9,6,275.0,75.9,1.2,2.4,9,3,8.6
2.0,58.7,997.2,1176.0,13,747.9,940.8,12.0,4.6,22,1,11.3
35.6,89.2,773.5,159.9,9,580.1,127.9,28.2,4.3,12,1,15.2
50.1,49.3,1079.9,325.1,24,810.0,260.0,44.6,3.1,23,4,13.4
21.0,80.2,763.3,1071.7,11,572.4,857.4,27.2,2.8,2,4,14.6
2.2,92.9,894.2,589.6,11,670.6,471.7,0.0,7.4,17,3,16.9
10.3,75.6,1007.0,180.1,13,755.3,144.0,10.3,2.4,18,3,11.1
26.1,66.1,84.6,473.4,2,63.4,378.7,29.3,2.6,5,5,0.0
30.3,100.2,935.7,156.7,14,701.8,125.4,30.7,3.5,19,5,6.0
2.5,83.1,744.2,256.3,9,558.1,205.0,1.5,7.7,0,1,3.5
0.0,76.2,102.0,81.4,2,76.5,65.1,2.7,2.5,9,4,6.5
24.9,85.8,620.1,537.1,10,465.1,429.7,18.4,6.9,9,0,17.9
8.8,130.0,117.3,971.8,1,88.0,777.5,4.3,7.4,21,4,4.1
5.9,105.8,888.4,711.4,20,666.3,569.2,6.6,4.3,0,2,11.6
0.3,105.9,664.9,735.5,8,498.7,588.4,0.0,3.8,18,2,11.3
15.5,92.8,1145.2,256.7,21,858.9,205.4,20.6,6.1,10,4,26.8
38.1,88.0,236.1,425.8,6,177.1,340.6,37.6,6.2,12,3,7.7
63.2,41.9,735.1,1017.4,14,551.3,813.9,62.0,6.7,16,2,21.2
16.7,72.8,269.7,123.7,6,202.3,98.9,6.5,7.0,19,6,12.5
14.4,76.3,744.6,1032.4,17,558.4,825.9,6.0,3.6,17,5,16.1
1.8,51.3,872.7,590.8,12,654.5,472.6,0.0,6.1,3,1,10.6
15.9,64.2,872.3,1007.8,17,654.2,806.3,18.0,2.8,14,1,9.3
9.6,49.3,981.8,395.2,11,736.3,316.2,0.0,5.1,1,6,6.1
18.7,84.3,1027.2,419.8,16,770.4,335.9,20.6,5.7,5,6,14.5
9.8,99.7,111.2,906.9,2,83.4,725.5,6.0,3.0,21,1,1.0
5.5,104.9,425.1,946.3,7,318.8,757.0,2.4,2.5,22,5,0.0
2.0,92.5,830.8,291.0,11,623.1,232.8,1.3,3.2,8,4,9.9
7.6,67.7,608.3,1168.0,10,456.2,934.4,6.9,4.5,10,2,7.1
2.0,50.2,245.0,119.7,5,183.7,95.8,0.0,7.3,19,3,8.9
3.9,53.4,672.2,100.8,8,504.1,80.7,5.0,5.2,15,5,4.9
87.4,62.2,500.8,722.7,8,375.6,578.2,73.8,6.5,7,5,13.5
11.7,69.0,480.2,872.8,11,360.2,698.3,7.5,3.0,16,1,10.6
15.2,82.1,975.5,1153.8,15,731.6,923.1,13.9,2.6,22,6,12.5
41.4,66.7,501.0,497.8,7,375.7,398.3,37.6,3.4,22,5,6.5
108.4,91.1,51.2,49.8,1,38.4,39.9,97.2,3.9,3,5,15.3
17.5,80.8,88.5,731.4,1,66.4,585.1,19.3,5.3,6,3,0.0
33.5,85.2,1030.4,361.8,14,772.8,289.5,25.2,7.3,10,5,16.0
7.9,105.5,1153.5,530.9,16,865.1,424.7,5.6,4.6,10,1,13.8
7.3,63.8,832.3,596.4,14,624.2,477.1,6.1,5.1,10,5,10.1
10.3,92.5,450.0,96.1,5,337.5,76.9,8.4,2.0,20,4,8.1
22.3,84.7,1127.5,593.5,21,845.7,474.8,26.2,2.2,20,1,14.2
22.9,79.0,802.1,523.1,12,601.6,418.4,20.7,2.5,14,4,6.2
7.6,100.9,1016.3,860.8,18,762.2,688.6,7.7,6.2,4,6,23.0
2.9,100.8,923.7,781.9,12,692.8,625.5,0.6,4.9,5,2,9.2
20.0,68.0,467.4,238.6,11,350.5,190.8,21.1,3.2,22,6,9.0
2.7,81.7,584.9,263.2,14,438.7,210.6,7.7,5.6,4,6,13.0
17.3,90.1,239.6,316.2,3,179.7,252.9,16.0,5.3,8,2,5.0
23.6,80.1,364.6,231.2,6,273.4,184.9,25.6,2.5,10,3,16.0
24.1,95.5,938.2,795.5,16,703.6,636.4,29.4,5.8,22,5,10.5
28.0,90.1,1074.9,1193.4,15,806.2,954.7,32.8,6.6,2,1,17.4
41.2,118.0,874.9,789.5,12,656.1,631.6,37.3,3.7,19,2,16.6
13.9,57.5,568.9,735.9,11,426.7,588.7,17.0,6.1,3,5,14.2
26.2,82.8,122.1,503.7,2,91.6,403.0,25.4,3.2,22,0,2.8
19.3,68.6,87.2,388.8,1,65.4,311.1,22.9,6.5,14,0,6.7
4.1,95.9,461.7,1095.1,7,346.3,876.1,5.0,7.5,17,3,7.7
0.5,55.9,567.3,1163.4,10,425.5,930.7,0.0,4.7,4,5,12.0
6.7,91.2,738.8,606.2,9,554.1,485.0,6.9,3.5,10,6,8.4
11.7,73.7,27.7,362.4,1,20.7,289.9,11.0,4.4,10,2,4.5
19.2,71.8,1187.9,928.7,23,890.9,743.0,18.7,3.5,3,4,9.8
37.9,59.0,449.4,176.3,9,337.1,141.0,35.1,2.0,15,5,7.5
4.4,76.6,1020.8,923.4,17,765.6,738.7,1.1,5.9,10,0,11.4
2.7,104.5,651.3,986.4,8,488.4,789.1,9.5,2.3,0,5,7.7
66.2,84.5,173.9,167.4,4,130.4,133.9,66.6,3.3,12,2,6.7
2.3,96.3,961.1,1172.7,19,720.8,938.2,0.0,6.3,18,4,23.7
13.0,115.0,857.6,1182.9,10,643.2,946.3,9.6,6.0,5,1,4.6
17.6,89.7,642.4,1125.3,14,481.8,900.3,20.9,2.4,19,6,11.6
15.6,74.9,627.2,605.3,9,470.4,484.3,9.9,6.0,18,5,14.4
1.8,93.4,123.2,310.4,2,92.4,248.3,0.0,7.6,5,2,4.8
1.2,75.2,793.9,706.8,11,595.4,565.4,0.0,2.4,12,1,2.0
2.2,75.9,1095.3,515.5,19,821.5,412.4,0.0,4.5,10,0,10.6
17.6,57.6,130.0,263.0,3,97.5,210.4,9.1,6.4,18,1,7.0
15.7,101.7,330.9,519.9,5,248.2,416.0,7.8,6.0,6,0,9.8
5.3,78.1,1084.7,803.4,15,813.5,642.7,10.3,3.4,11,3,19.6
20.3,88.3,355.5,103.7,5,266.6,82.9,18.1,3.0,15,3,0.0
34.3,66.4,791.7,413.4,11,593.7,330.7,30.5,6.7,0,0,10.2
0.8,92.8,651.1,41.0,10,488.3,32.8,0.0,7.7,14,4,3.8
13.8,71.3,723.7,904.4,11,542.7,723.5,11.1,6.6,12,3,8.7
23.4,82.4,510.6,776.0,7,383.0,620.8,12.7,7.8,9,6,11.1
5.8,100.8,374.0,94.0,5,280.5,75.2,2.0,5.6,17,4,4.3
7.4,99.2,77.3,1158.4,1,58.0,926.7,15.7,7.6,3,4,10.0
19.0,84.6,898.3,46.7,13,673.7,37.4,20.3,6.1,21,4,16.3
45.6,53.2,900.4,716.2,19,675.3,572.9,42.6,7.5,5,2,22.9
33.2,130.0,811.5,936.1,16,608.6,748.9,34.7,3.0,7,5,9.5
17.5,116.4,779.5,949.7,15,584.6,759.8,12.9,6.9,23,6,17.8
26.2,98.0,307.6,60.5,4,230.7,48.4,20.2,3.2,19,2,5.1
9.1,71.4,46.4,1089.6,1,34.8,871.7,15.6,2.2,21,5,4.1
20.5,83.0,974.3,1103.8,14,730.7,883.0,12.8,5.1,8,5,13.0
12.6,75.2,599.5,682.4,11,449.7,546.0,8.8,3.9,22,4,15.1
4.2,107.7,382.1,588.9,8,286.6,471.1,3.7,2.3,7,0,0.0
24.2,89.7,140.3,72.9,2,105.2,58.4,17.5,7.9,23,5,3.9
16.3,70.9,94.0,683.1,1,70.5,546.5,17.5,6.0,17,3,2.6
8.9,76.5,431.7,503.1,9,323.7,402.5,5.3,7.4,6,1,12.0
48.5,105.2,969.6,931.9,12,727.2,745.5,49.8,8.0,18,2,23.8
0.4,113.8,1104.1,496.6,18,828.1,397.3,1.4,4.4,22,2,7.7
7.6,112.5,1078.2,826.6,19,808.6,661.3,4.4,3.5,17,6,9.0
1.2,98.6,1105.6,139.7,14,829.2,111.7,7.7,3.1,0,1,6.1
29.1,80.5,1091.1,176.9,15,818.3,141.5,23.8,5.1,10,4,14.1
24.2,26.7,642.1,184.9,8,481.6,147.9,29.0,5.6,8,6,17.2
8.0,90.3,278.9,73.7,6,209.2,59.0,11.9,4.8,9,6,15.4
22.5,85.0,961.7,658.8,17,721.3,527.0,29.4,4.3,9,5,19.6
10.1,87.5,272.2,956.9,5,204.1,765.5,9.0,3.0,0,6,6.0
28.2,86.0,335.3,740.3,6,251.5,592.2,22.3,4.7,16,1,6.7
12.1,61.1,295.2,698.4,5,221.4,558.8,20.5,2.5,11,4,18.6
10.6,95.0,627.7,823.1,12,470.8,658.5,7.0,7.2,11,6,16.3
54.6,96.4,399.8,420.8,6,299.8,336.6,48.5,2.3,18,2,14.1
5.8,97.3,201.9,447.1,3,151.4,357.7,2.8,4.3,16,6,6.5
2.6,102.0,554.7,390.8,7,416.1,312.7,0.0,2.6,6,1,2.8
17.6,95.9,1051.2,860.3,15,788.4,688.2,18.2,6.6,22,5,15.1
69.7,77.6,693.3,210.7,10,519.9,168.6,64.7,3.9,10,0,14.1
9.5,83.7,1056.4,35.4,21,792.3,28.3,6.1,2.7,23,3,8.3
1.3,86.6,251.1,723.5,4,188.3,578.8,4.1,5.2,1,3,9.0
8.3,86.9,217.0,1132.0,5,162.8,905.6,9.4,7.5,15,3,10.2
14.1,103.0,699.2,739.1,15,524.4,591.3,12.2,7.5,22,1,17.7
3.5,96.6,566.7,943.8,11,425.0,755.1,2.4,3.5,8,6,12.7
21.5,122.4,799.0,813.9,18,599.3,651.1,19.5,6.3,9,6,20.2
121.9,124.7,957.7,607.0,14,718.2,485.6,117.8,2.2,20,5,23.7
12.0,86.4,906.5,867.7,10,679.9,694.2,10.0,2.8,9,4,8.5
8.8,20.0,1131.9,992.4,25,848.9,794.0,9.2,5.0,2,5,15.3
10.2,107.3,489.9,285.2,6,367.5,228.1,7.6,3.4,16,5,10.4
2.4,75.3,263.5,416.6,6,197.7,333.3,2.5,6.8,13,6,4.9
43.0,70.6,670.1,284.0,9,502.6,227.2,36.8,7.6,18,6,20.7
10.7,77.8,150.7,553.6,2,113.0,442.9,5.7,2.0,17,2,4.8
9.8,77.0,360.8,1064.4,4,270.6,851.5,4.1,3.4,17,3,0.0
21.6,96.0,265.3,427.3,6,199.0,341.9,16.7,4.6,13,1,5.7
11.7,56.9,487.9,461.9,9,366.0,369.5,16.1,5.4,2,3,2.1
20.9,65.6,151.2,1035.2,3,113.4,828.2,22.5,7.5,9,5,12.3
1.3,91.2,57.6,628.1,1,43.2,502.5,0.0,7.4,22,4,0.7
33.6,96.2,795.0,651.8,9,596.3,521.5,33.8,5.8,12,6,14.5
56.4,96.5,740.1,1035.7,9,555.1,828.6,52.5,3.5,21,0,10.8
20.9,70.8,855.9,598.8,11,641.9,479.1,15.5,6.7,11,6,11.8
61.8,67.4,799.3,824.2,12,599.4,659.4,52.4,3.2,8,0,17.7
3.3,75.9,154.9,121.1,2,116.2,96.8,6.1,7.8,9,6,2.0
13.0,89.3,363.5,230.8,6,272.6,184.6,4.2,2.0,18,5,6.2
18.4,111.7,172.8,497.2,4,129.6,397.7,16.2,5.4,15,2,0.0
17.4,48.1,1014.7,603.9,12,761.0,483.1,10.7,2.5,20,0,11.4
10.3,81.0,901.3,1159.6,17,676.0,927.7,12.1,4.4,2,0,11.9
8.3,61.0,257.8,1165.4,6,193.4,932.3,4.6,5.8,11,6,9.9
2.7,55.3,422.7,1024.4,9,317.1,819.5,0.0,6.1,7,1,4.1
9.9,102.4,1160.6,392.4,16,870.5,313.9,7.4,6.7,14,6,19.1
3.6,94.8,721.1,1157.6,10,540.8,926.0,3.1,5.6,10,1,14.7
26.5,93.1,965.4,833.4,18,724.0,666.7,24.6,3.5,22,2,11.5
4.7,101.6,332.2,483.7,4,249.2,386.9,2.5,7.3,12,5,2.5
1.2,76.4,267.9,848.0,3,200.9,678.4,0.0,6.9,5,6,1.9
16.1,77.2,945.0,39.5,11,708.8,31.6,6.2,3.0,12,2,6.0
18.1,124.3,829.3,192.5,12,622.0,154.0,10.5,7.0,10,5,12.5
41.1,80.6,823.6,999.0,10,617.7,799.2,42.7,7.8,5,1,17.4
17.2,98.2,672.1,781.8,9,504.1,625.4,13.7,5.8,5,6,12.9
8.5,85.1,685.0,449.7,13,513.8,359.8,3.2,3.7,4,0,13.1
32.5,51.7,888.1,610.8,16,666.1,488.6,23.5,5.6,6,5,13.4
15.5,48.2,338.6,1088.1,5,254.0,870.5,4.9,4.1,22,4,9.6
1.7,74.6,436.3,765.3,11,327.2,612.2,0.0,6.1,22,0,13.7
16.7,104.0,1048.5,489.8,19,786.4,391.9,19.1,5.3,18,0,16.6
47.7,99.2,384.5,162.0,6,288.3,129.6,42.9,7.6,10,4,11.2
10.1,101.5,664.6,366.6,15,498.5,293.3,10.1,5.7,5,2,15.6
7.0,67.2,849.1,1174.4,18,636.8,939.6,2.0,3.3,8,1,10.4
3.1,114.1,1199.9,536.1,19,899.9,428.9,4.3,6.4,19,2,17.0
3.3,67.6,533.6,576.8,7,400.2,461.4,0.0,3.8,17,2,10.9
11.3,88.8,525.1,608.3,6,393.9,486.7,3.2,3.6,7,6,0.0
18.1,84.8,1014.3,1063.2,15,760.7,850.6,14.8,4.4,17,6,12.6
1.7,81.9,970.5,732.6,15,727.9,586.1,8.9,2.1,4,2,0.0
56.1,109.1,882.7,838.5,15,662.0,670.8,63.1,7.8,5,1,19.0
28.1,72.3,566.6,479.5,11,425.0,383.6,28.6,5.2,1,2,8.0
17.7,60.7,402.2,54.3,8,301.7,43.5,15.0,6.6,21,6,6.0
35.3,85.4,738.3,1118.5,9,553.7,894.8,34.8,3.5,23,2,6.4
1.7,77.8,1053.9,1140.0,17,790.5,912.0,1.3,6.5,3,3,6.7
13.0,130.0,1062.9,1140.0,13,797.1,912.0,10.8,5.4,18,0,10.7
19.9,97.2,148.0,1133.6,2,111.0,906.8,20.1,4.5,3,6,8.3
35.3,77.6,525.5,982.0,11,394.1,785.6,34.3,7.8,15,3,15.4
30.6,66.0,568.4,827.8,9,426.3,662.3,27.0,5.0,0,1,7.1
6.5,51.2,1173.6,1016.5,19,880.2,813.2,0.0,5.9,15,5,12.4
56.6,66.5,820.0,728.6,13,615.0,582.9,52.3,2.1,0,5,12.1
2.7,87.1,500.6,178.6,7,375.4,142.8,4.7,3.8,23,4,4.8
41.6,110.7,50.7,481.6,1,38.1,385.3,39.5,7.3,16,5,1.6
70.8,105.2,687.2,1166.1,9,515.4,932.9,70.3,6.6,4,4,12.8
3.9,89.1,133.4,434.3,2,100.0,347.5,0.5,5.2,15,5,0.0
25.6,79.2,1004.7,1044.0,24,753.5,835.2,18.3,7.4,2,3,22.0
0.8,89.8,908.0,130.0,19,681.0,104.0,0.0,4.9,9,3,18.2
10.4,75.7,563.4,414.3,13,422.6,331.5,3.3,5.4,17,3,16.0
14.5,115.9,526.5,434.1,10,394.9,347.3,7.1,4.3,20,0,14.7
17.4,81.6,1078.9,80.9,17,809.1,64.7,21.4,5.7,17,1,19.4
55.0,83.4,360.4,160.5,5,270.3,128.4,50.9,3.9,16,6,3.1
22.3,45.1,313.8,247.9,5,235.4,198.3,16.6,4.3,10,5,5.7
13.1,81.5,1128.3,1008.6,13,846.2,806.9,19.2,7.8,8,5,21.2
33.2,100.1,974.9,94.8,11,731.2,75.9,35.3,2.7,10,5,12.2
60.1,65.8,988.3,372.5,21,741.3,298.0,56.3,2.6,8,2,13.1
0.4,71.5,250.3,32.0,3,187.7,25.6,0.6,2.3,16,3,0.2
80.9,99.3,189.1,840.8,3,141.8,672.7,77.8,3.9,19,0,20.7
1.8,58.4,50.7,752.0,1,38.0,601.6,0.0,4.4,4,4,4.5
33.7,104.0,299.7,781.1,4,224.8,624.9,34.1,2.6,11,6,14.4
6.6,75.4,933.5,461.8,21,700.2,369.4,3.0,5.3,17,6,14.4
2.8,78.0,303.2,265.8,4,227.4,212.6,1.2,5.5,15,4,9.3
11.6,64.8,880.3,870.0,12,660.3,696.0,14.7,6.5,8,4,14.0
20.7,91.8,317.3,977.1,4,237.9,781.7,23.2,7.9,7,3,12.5
9.6,129.3,486.4,183.5,5,364.8,146.8,4.8,5.7,5,4,6.1
1.1,99.1,1180.1,594.5,18,885.1,475.6,1.6,2.7,16,4,8.7
18.3,69.4,308.9,313.5,7,231.7,250.8,10.7,2.5,13,4,6.9
46.5,105.4,464.1,218.4,10,348.1,174.7,46.8,6.7,20,2,17.6
9.7,79.3,375.3,886.5,7,281.5,709.2,8.4,5.9,23,4,8.5
4.9,109.7,149.4,655.0,3,112.0,524.0,4.8,3.0,13,0,0.0
11.7,99.5,598.1,275.1,7,448.6,220.1,8.2,3.5,3,3,4.2
1.0,32.0,466.9,385.8,9,350.1,308.6,9.4,6.5,7,5,15.2
34.4,66.9,840.0,1160.7,9,630.0,928.5,27.8,5.4,21,2,10.1
35.0,102.0,984.8,1021.4,13,738.6,817.2,37.9,5.5,16,2,12.1
17.7,87.7,662.2,1058.3,14,496.7,846.7,10.6,3.3,0,3,8.6
8.7,66.6,58.0,562.8,1,43.5,450.3,9.2,5.8,2,4,0.0
32.2,73.6,750.3,756.1,12,562.7,604.9,33.0,6.6,16,5,17.1
16.2,50.7,85.4,464.6,1,64.0,371.7,14.5,7.3,19,5,0.0
35.0,83.4,747.3,111.7,11,560.5,89.4,30.5,6.4,2,4,12.4
20.0,124.8,828.3,493.3,20,621.3,394.6,18.7,5.5,6,1,18.3
30.7,99.5,253.4,720.9,3,190.0,576.7,30.0,6.0,10,4,10.0
18.3,124.4,986.8,358.8,15,740.1,287.1,25.2,4.9,14,6,11.3
10.7,100.9,1095.1,1020.6,14,821.3,816.5,4.3,3.4,6,5,11.1
63.4,103.5,979.4,198.3,12,734.6,158.6,58.6,7.3,4,0,14.9
15.6,120.5,380.0,453.2,7,285.0,362.6,15.0,5.2,16,4,12.3
18.6,91.8,712.2,167.4,17,534.2,133.9,15.3,5.6,4,3,13.0
5.0,81.6,1099.5,497.7,15,824.6,398.2,2.5,7.9,0,4,14.4
19.7,103.6,398.4,66.8,4,298.8,53.4,23.0,7.9,21,3,9.6
17.0,111.2,987.6,341.6,16,740.7,273.3,0.9,5.5,23,2,11.7
4.1,76.4,31.2,492.9,1,23.4,394.3,0.0,2.2,6,1,1.5
1.2,72.0,24.3,584.2,1,18.2,467.4,0.0,4.4,16,2,3.1
18.5,87.5,916.5,661.6,17,687.3,529.2,10.6,7.6,7,3,13.6
28.9,100.0,918.5,344.5,16,688.9,275.6,38.9,3.7,11,6,19.2
14.8,99.4,951.0,637.2,16,713.2,509.8,15.8,8.0,1,1,11.7
5.1,59.4,1117.4,620.6,15,838.1,496.5,7.9,2.5,16,2,6.2
22.0,119.4,159.1,393.1,3,119.3,314.5,19.6,5.4,21,4,3.4
1.7,73.5,293.7,999.6,7,220.3,799.7,3.5,5.1,19,5,4.8
11.7,80.2,1086.4,663.9,19,814.8,531.1,0.8,3.5,13,6,15.6
3.6,68.8,229.1,412.1,3,171.9,329.7,6.8,7.7,22,5,5.0
4.1,130.0,825.0,1137.9,13,618.8,910.3,0.0,5.7,2,6,7.5
4.5,89.4,645.9,1017.2,7,484.5,813.8,0.0,3.4,18,4,8.3
9.8,69.7,118.2,1179.5,2,88.6,943.6,10.3,4.3,13,6,11.3
1.1,100.6,356.6,836.8,7,267.5,669.5,0.6,6.3,7,1,2.4
10.1,98.8,634.0,466.3,13,475.5,373.0,8.6,3.8,6,2,9.7
14.3,81.6,1025.8,351.4,14,769.3,281.1,5.5,7.3,4,0,11.0
13.2,100.1,854.9,802.7,13,641.2,642.2,11.7,3.0,2,0,8.2
9.7,70.1,753.8,1177.4,11,565.4,941.9,12.5,3.6,0,0,4.6
36.5,76.1,605.3,759.5,8,454.0,607.6,31.9,2.9,18,2,10.3
3.1,48.8,372.4,1060.3,5,279.3,848.2,7.7,2.6,14,5,4.3
14.1,61.2,160.7,408.3,4,120.5,326.7,7.7,3.8,0,2,8.4
1.3,117.5,502.7,500.2,6,377.0,400.2,0.0,8.0,4,6,1.2
1.5,114.5,53.7,1089.4,1,40.2,871.5,7.2,2.6,19,2,12.3
17.1,86.2,269.0,913.1,5,201.8,730.5,11.7,3.3,10,3,1.5
16.7,114.9,530.3,1178.1,8,397.7,942.5,20.0,3.6,13,5,7.6
42.1,82.1,514.0,934.2,7,385.5,747.4,50.0,5.7,21,0,11.7
16.3,80.6,72.3,549.2,2,54.2,439.4,15.2,6.5,17,0,7.2
64.3,86.0,715.1,646.7,12,536.3,517.3,59.6,6.5,19,0,20.4
1.0,82.8,668.6,1082.6,12,501.5,866.1,0.0,2.1,8,5,9.4
2.1,81.1,112.2,670.9,2,84.1,536.8,6.6,5.9,14,3,4.9
0.9,105.6,1132.9,321.4,25,849.7,257.1,5.3,5.8,10,3,22.4
4.1,87.7,137.3,534.0,3,103.0,427.2,9.3,5.1,4,6,6.5
15.6,97.8,1028.7,629.3,21,771.5,503.4,13.4,4.3,14,6,12.0
20.7,103.6,20.4,134.1,1,15.3,107.3,23.9,6.8,23,2,4.5
0.9,92.0,1061.1,897.6,13,795.8,718.1,0.0,4.1,1,5,11.0
58.4,67.5,43.3,149.0,1,32.5,119.2,51.9,3.4,11,6,14.9
36.9,60.6,914.2,497.8,15,685.7,398.2,40.5,3.9,22,5,15.7
7.0,87.7,446.8,969.5,8,335.1,775.6,13.2,4.6,6,0,3.6
1.6,81.9,891.1,571.7,11,668.3,457.4,0.0,3.3,1,0,6.5
3.7,86.6,494.1,1013.6,12,370.5,810.9,0.0,5.6,7,5,10.6
2.7,84.7,103.7,423.4,2,77.8,338.7,0.9,7.3,8,4,12.7
2.6,130.0,925.7,1150.0,18,694.2,920.0,5.4,5.6,4,5,16.3
14.6,61.1,104.1,267.2,1,78.1,213.7,7.0,4.7,14,6,0.3
5.6,49.2,1108.1,65.2,16,831.1,52.1,4.8,6.8,18,4,16.9
8.9,91.0,80.1,1049.5,2,60.1,839.6,3.9,6.5,18,4,0.0
91.1,78.2,585.6,907.6,11,439.2,726.1,92.6,4.2,12,3,15.3
23.1,90.7,873.2,293.7,18,654.9,235.0,17.1,5.6,12,6,13.7
59.5,95.5,484.0,1182.0,10,363.0,945.6,61.4,6.4,5,2,12.7
3.1,108.1,276.3,612.7,3,207.3,490.2,0.3,3.5,0,1,0.0
9.6,57.9,915.7,1142.3,14,686.8,913.8,2.9,4.2,9,0,17.9
16.2,75.0,945.5,615.9,13,709.1,492.7,14.5,2.6,5,6,0.0
1.6,92.7,1108.8,576.8,20,831.6,461.4,0.0,7.9,2,4,15.2
0.1,98.9,463.9,550.0,7,347.9,440.0,0.0,2.5,12,0,11.0
22.2,124.5,617.4,415.2,12,463.0,332.1,21.9,3.0,18,0,14.5
20.5,102.2,448.5,649.8,8,336.4,519.8,9.7,4.9,9,0,12.3
10.6,84.0,323.4,554.0,4,242.5,443.2,0.0,7.2,12,5,5.0
13.5,69.0,906.2,63.4,19,679.7,50.7,0.0,4.1,6,2,9.2
10.7,74.8,420.8,327.3,6,315.6,261.9,15.4,6.6,14,0,3.0
0.5,74.3,525.2,271.5,6,393.9,217.2,0.0,6.1,22,6,6.2
8.2,96.8,496.3,1043.6,11,372.3,834.9,3.5,5.8,3,2,11.8
3.9,89.6,860.9,726.7,10,645.7,581.3,6.6,7.1,10,1,11.6
2.1,61.2,1103.0,921.1,25,827.2,736.9,0.0,2.1,7,1,0.6
62.8,77.2,806.8,1149.1,14,605.1,919.2,62.1,7.6,1,3,21.8
18.3,100.8,576.5,780.0,8,432.4,624.0,16.4,7.0,0,0,11.7
26.1,91.3,939.5,1179.5,14,704.6,943.6,21.7,7.6,0,4,18.8
7.6,95.2,776.3,387.9,17,582.3,310.3,7.0,6.8,15,3,14.5
10.0,91.9,91.5,239.8,1,68.6,191.8,11.9,7.3,17,5,0.0
5.4,114.3,132.9,495.9,1,99.7,396.7,2.5,3.2,10,6,1.1
2.0,89.2,64.7,575.5,1,48.6,460.4,0.0,3.9,21,6,5.7
3.9,78.1,559.0,1076.5,7,419.3,861.2,0.2,3.9,7,3,0.0
31.9,68.5,994.5,680.7,15,745.9,544.6,18.5,2.7,18,1,14.9
22.6,89.5,389.4,364.8,4,292.1,291.8,22.1,6.4,11,4,6.3
15.8,41.1,473.3,896.3,10,355.0,717.0,7.8,2.8,5,0,2.9
12.9,81.7,1093.2,616.9,14,819.9,493.5,14.0,2.3,23,0,12.4
51.1,81.3,1007.5,211.3,23,755.7,169.1,48.7,6.7,15,1,30.5
1.5,60.4,804.8,700.6,10,603.6,560.5,0.0,7.4,7,5,10.1
6.6,68.3,334.8,1095.4,5,251.1,876.4,8.1,6.6,6,2,3.8
8.6,99.6,158.1,1014.3,3,118.6,811.4,2.0,7.0,19,1,11.5
30.5,89.2,38.9,712.4,1,29.2,569.9,30.4,5.6,2,4,0.0
97.9,86.8,146.3,465.0,2,109.7,372.0,97.2,7.3,22,2,16.3
5.5,90.5,365.3,122.6,5,273.9,98.1,2.6,5.0,0,4,11.1
41.5,86.7,671.1,574.2,12,503.3,459.3,34.8,7.9,22,0,18.1
35.5,107.4,95.5,907.5,2,71.6,726.0,36.5,2.6,5,2,0.9
5.1,87.2,180.7,445.1,2,135.6,356.1,6.6,6.9,2,4,8.4
10.2,58.8,233.7,297.8,4,175.3,238.3,8.8,5.8,18,6,9.4
10.5,114.3,765.7,1119.0,17,574.3,895.2,3.2,5.5,1,0,12.3
76.5,91.7,746.6,989.4,9,560.0,791.5,71.9,6.4,16,4,11.6
4.0,74.4,669.9,773.2,11,502.4,618.5,1.7,7.0,15,2,6.2
32.1,62.4,315.6,181.4,5,236.7,145.1,33.5,7.2,20,0,16.4
8.1,92.1,457.9,191.0,9,343.4,152.8,0.0,3.1,6,4,4.3
26.3,82.9,134.1,141.8,2,100.6,113.4,21.4,3.2,22,3,3.6
10.9,113.3,287.2,747.2,6,215.4,597.8,6.9,2.1,5,2,3.5
17.3,78.8,1079.3,156.4,15,809.5,125.1,14.9,2.8,10,2,4.4
35.7,69.9,1176.0,1014.3,14,882.0,811.4,27.2,3.6,14,2,10.0
32.6,101.1,784.2,1191.7,19,588.2,953.4,29.5,6.3,21,5,18.2
40.3,101.7,1101.9,452.3,14,826.4,361.8,36.7,4.9,10,0,21.9
1.2,88.0,778.4,555.3,13,583.8,444.3,0.0,6.5,6,2,13.7
23.6,97.2,59.2,859.8,1,44.4,687.8,21.0,4.9,14,4,0.0
3.0,84.3,1196.2,1125.8,20,897.1,900.7,0.0,5.3,15,6,12.2
10.8,89.2,136.8,1075.0,2,102.6,860.0,11.2,2.7,7,3,6.0
15.9,106.0,825.5,88.0,16,619.1,70.4,9.5,6.7,4,4,10.3
10.3,96.3,318.3,219.5,8,238.8,175.6,8.8,6.5,16,4,13.8
14.7,82.0,482.5,910.4,6,361.9,728.3,8.6,3.8,22,2,4.6
113.3,109.3,782.2,832.9,19,586.7,666.3,108.3,4.0,1,3,22.8
2.9,42.4,535.1,177.2,7,401.3,141.8,2.4,3.3,20,3,7.2
22.5,121.9,315.6,612.4,7,236.7,489.9,21.7,6.9,6,6,6.9
10.1,54.3,414.6,941.4,7,311.0,753.1,6.0,6.5,22,3,3.7
2.9,73.7,423.0,278.2,5,317.3,222.5,0.0,5.7,20,3,13.6
3.5,84.3,1152.0,1048.1,23,864.0,838.5,0.0,3.4,5,1,12.4
59.6,82.4,962.4,82.5,12,721.8,66.0,64.6,3.0,11,6,12.7
42.3,103.1,561.1,943.0,9,420.8,754.4,43.8,2.3,15,6,10.0
47.5,66.0,255.8,746.7,4,191.8,597.3,48.8,2.3,10,3,13.9
95.4,89.7,977.0,391.9,13,732.7,313.5,85.5,3.1,21,2,18.7
4.7,74.6,205.5,870.7,4,154.1,696.6,0.0,2.6,16,5,3.2
8.8,90.3,268.3,943.2,5,201.3,754.6,5.1,5.3,9,3,9.2
22.1,83.8,451.9,1122.0,6,338.9,897.6,10.5,4.1,22,4,2.4
13.2,86.7,1058.8,454.0,19,794.1,363.2,15.7,4.7,15,1,17.7
10.8,75.1,175.5,829.5,4,131.6,663.6,16.1,5.6,15,4,7.9
8.9,75.8,164.2,731.1,2,123.2,584.9,17.2,6.0,14,2,8.4
18.0,90.2,602.9,639.7,8,452.2,511.8,10.8,5.9,14,2,1.4
17.1,102.0,346.2,1070.7,5,259.6,856.6,15.7,3.6,22,6,7.7
3.5,74.2,691.1,23.7,10,518.3,19.0,8.1,6.9,19,5,14.3
12.8,69.4,552.9,352.9,7,414.7,282.3,9.5,7.5,3,5,11.0
16.1,96.0,533.3,655.2,8,399.9,524.1,11.3,3.9,21,3,1.7
16.9,84.4,152.1,230.4,2,114.1,184.3,5.6,2.1,2,6,9.0
4.7,99.9,186.4,1091.3,2,139.8,873.0,8.4,7.4,13,5,1.4
27.1,68.7,988.9,784.2,21,741.7,627.3,25.0,7.5,9,2,30.2
0.5,53.0,1065.3,583.9,15,799.0,467.1,0.0,2.3,5,1,4.0
8.8,75.4,296.9,981.3,4,222.7,785.1,8.2,2.0,10,6,12.8
30.3,71.2,153.9,552.0,2,115.4,441.6,29.1,6.9,3,5,6.2
16.6,83.6,83.0,679.2,1,62.3,543.4,15.4,3.8,9,4,13.2
6.1,73.5,737.8,23.2,13,553.3,18.6,3.0,7.5,15,2,12.5
23.7,98.3,864.1,451.5,16,648.1,361.2,29.9,3.3,23,5,6.8
16.8,79.8,459.9,183.8,6,344.9,147.0,14.1,7.2,20,5,12.4
31.8,87.7,822.0,833.8,14,616.5,667.1,37.9,2.4,7,2,8.8
26.6,87.8,861.3,585.3,11,646.0,468.2,27.4,3.6,8,1,10.0
18.8,88.5,1123.7,376.1,24,842.8,300.9,18.6,7.8,3,0,29.3
13.4,84.6,96.6,572.0,1,72.4,457.6,10.8,3.4,16,0,0.0
2.9,94.2,246.9,267.4,4,185.2,213.9,5.7,2.8,9,1,13.5
6.1,70.7,100.9,1111.6,2,75.6,889.3,4.6,7.1,22,2,2.2
10.9,110.2,1044.2,83.7,16,783.2,67.0,4.2,2.7,12,1,2.0
18.3,80.7,955.3,1041.2,13,716.4,833.0,11.5,2.6,22,1,7.7
14.4,61.4,698.1,623.4,17,523.6,498.7,14.5,3.9,20,0,14.6
6.8,88.4,118.7,750.4,2,89.0,600.3,0.3,5.8,20,3,6.0
0.1,69.7,342.5,377.1,5,256.9,301.7,0.0,6.3,16,5,2.1
13.7,97.0,371.3,1160.7,7,278.5,928.6,17.0,7.3,18,2,17.4
6.7,124.8,681.7,352.6,9,511.3,282.1,6.2,5.2,16,4,8.7
26.5,70.8,324.5,714.9,6,243.4,571.9,20.9,4.4,22,1,4.6
0.5,91.0,106.1,1192.2,2,79.6,953.8,5.5,4.2,20,6,8.2
17.6,53.4,882.3,1059.7,14,661.7,847.8,18.3,7.1,3,0,11.6
56.8,93.2,372.9,652.9,5,279.7,522.3,59.9,6.3,22,3,14.2
3.8,69.1,553.8,1188.6,6,415.4,950.9,0.0,7.4,5,6,13.6
12.8,73.8,170.6,847.6,4,128.0,678.1,12.4,7.8,13,2,9.4
1.9,65.2,967.0,266.3,16,725.3,213.0,4.1,3.8,8,6,10.2
19.7,98.2,687.3,498.6,16,515.5,398.9,26.2,5.2,5,1,10.7
16.0,103.1,1083.9,414.7,14,812.9,331.8,6.7,5.8,9,0,16.2
10.5,85.4,604.7,425.9,10,453.5,340.7,14.5,3.0,5,1,0.5
14.7,69.4,1130.9,917.3,15,848.2,733.9,21.0,2.3,8,4,14.9
45.4,113.6,1072.4,709.4,19,804.3,567.5,33.3,7.2,12,6,23.8
4.4,71.5,700.2,64.9,9,525.2,52.0,4.8,5.2,15,2,6.1
0.5,46.1,1122.0,1055.4,17,841.5,844.3,1.5,5.4,15,5,11.5
39.6,93.3,401.2,370.2,5,300.9,296.2,35.9,5.3,18,2,11.3
17.2,65.1,451.5,1196.5,10,338.6,957.2,12.8,6.5,4,2,15.5
44.3,102.8,73.7,1145.9,1,55.2,916.8,45.6,2.9,10,2,8.2
18.2,78.1,715.3,1129.8,9,536.4,903.9,13.1,5.7,20,0,8.3
33.2,95.9,871.9,977.1,12,653.9,781.7,30.1,4.8,14,4,8.0
11.2,110.2,932.8,280.3,23,699.6,224.3,13.3,7.4,7,1,26.0
27.7,63.2,196.8,648.5,2,147.6,518.8,34.5,5.1,14,0,2.8
48.8,74.8,544.1,284.7,10,408.1,227.7,49.5,7.7,10,6,22.9
17.0,83.6,228.7,326.4,4,171.5,261.1,15.6,4.1,12,3,3.5
4.0,112.7,801.3,740.9,12,601.0,592.7,0.0,7.8,22,2,5.9
6.3,73.1,206.4,68.2,3,154.8,54.5,0.0,7.3,1,2,6.4
4.4,74.3,1086.9,1164.0,14,815.2,931.2,8.0,5.5,1,1,10.1
5.7,93.6,292.1,1104.0,5,219.1,883.2,2.9,4.1,22,2,4.8
7.3,74.6,363.9,469.3,6,272.9,375.4,11.1,4.3,11,2,7.1
16.2,87.7,1024.1,628.2,15,768.1,502.6,12.6,6.6,19,1,22.4
17.7,57.1,561.0,570.0,9,420.7,456.0,12.5,5.5,21,4,9.8
11.1,124.9,48.3,1061.0,1,36.2,848.8,11.2,4.4,8,0,13.7
19.1,60.7,603.6,832.6,7,452.7,666.0,16.7,5.8,19,4,13.8
1.7,79.2,119.8,348.2,2,89.8,278.5,0.0,6.4,14,1,1.4
1.8,84.4,1182.7,547.3,30,887.0,437.8,8.9,2.1,6,5,7.1
3.8,119.4,714.0,526.2,8,535.5,420.9,0.0,2.5,13,6,0.0
14.6,61.2,322.7,1152.0,7,242.0,921.6,17.2,2.6,16,6,4.3
4.8,120.7,685.2,226.9,13,513.9,181.5,7.0,3.4,1,5,6.5
6.7,98.6,110.7,125.7,2,83.0,100.6,0.0,4.6,8,5,11.8
10.2,92.5,963.9,1059.1,20,722.9,847.3,3.2,6.8,12,2,16.5
33.4,67.3,1111.9,1078.1,14,833.9,862.5,29.9,4.1,4,6,14.3
0.3,95.3,1051.8,1048.7,15,788.9,838.9,0.0,2.1,3,2,3.9
21.0,72.0,423.3,623.0,5,317.5,498.4,27.6,4.9,22,4,13.8
22.1,107.8,404.4,798.5,8,303.3,638.8,19.1,8.0,20,3,8.9
32.1,67.5,61.4,684.8,1,46.1,547.8,34.5,4.1,0,0,9.5
54.0,83.0,788.7,101.9,9,591.5,81.6,54.6,7.8,8,2,16.7
0.4,75.0,651.2,723.1,8,488.4,578.5,0.0,2.6,23,1,6.2
3.3,67.2,562.0,36.1,7,421.5,28.9,1.5,3.0,15,4,8.9
43.5,98.3,1091.0,403.5,22,818.3,322.8,47.6,6.3,18,6,25.4
12.3,94.6,218.1,1120.1,3,163.6,896.1,6.1,5.0,2,0,0.0
16.6,106.8,31.4,378.8,1,23.6,303.0,23.3,6.6,2,5,0.4
21.8,53.0,106.5,1129.0,2,79.9,903.2,13.3,7.2,6,3,1.4
22.7,104.2,283.6,315.2,4,212.7,252.1,24.6,3.5,17,5,0.4
53.7,130.0,59.3,391.2,1,44.5,312.9,44.7,6.1,19,5,9.8
115.8,76.9,613.4,761.5,8,460.0,609.2,112.3,5.6,6,6,19.8
25.5,119.1,390.6,918.7,5,293.0,735.0,23.9,7.2,23,2,8.2
6.8,80.3,233.0,611.6,5,174.7,489.3,2.3,4.6,15,4,2.6
42.4,60.3,905.1,1060.9,14,678.8,848.7,39.5,2.3,20,2,9.5
1.0,79.5,261.3,67.5,4,195.9,54.0,0.0,5.4,23,6,1.2
5.3,103.9,831.4,1108.2,15,623.5,886.6,0.0,7.8,3,6,16.0
45.5,69.9,432.1,251.6,8,324.1,201.3,46.0,2.1,12,4,10.1
5.9,74.2,624.0,1063.4,13,468.0,850.7,4.1,3.4,9,3,5.2
5.0,95.7,1122.0,493.0,18,841.5,394.4,0.0,3.9,1,6,10.0
3.0,85.1,64.1,1002.7,1,48.1,802.1,7.6,6.6,18,1,7.7
39.2,95.5,610.3,812.6,11,457.7,650.1,31.1,3.9,13,6,6.3
13.9,89.3,1028.2,227.6,15,771.2,182.1,10.1,3.4,5,6,10.0
22.5,93.6,713.8,1103.3,9,535.4,882.6,17.9,5.9,12,1,12.4
5.5,77.2,346.7,309.7,9,260.0,247.8,6.5,2.3,21,0,1.8
28.4,89.2,489.3,308.1,6,366.9,246.5,26.6,3.0,11,6,6.5
28.5,68.3,822.7,980.7,14,617.0,784.6,26.0,4.4,11,2,22.4
7.5,108.2,1071.2,144.9,13,803.4,115.9,0.0,4.1,22,2,10.5
10.6,73.6,68.5,282.0,2,51.3,225.6,12.9,4.1,11,2,7.7
4.7,105.3,104.4,614.3,2,78.3,491.5,1.6,2.7,10,1,3.2
75.1,80.8,403.6,1000.0,7,302.7,800.0,73.6,4.2,13,6,8.8
20.7,88.6,294.7,194.0,5,221.0,155.2,15.0,6.8,3,0,8.7
54.5,76.1,332.6,666.2,4,249.5,533.0,48.0,4.5,12,1,5.2
7.2,66.7,281.1,859.3,7,210.8,687.4,12.7,5.5,7,5,4.2
30.5,53.6,251.1,1035.5,3,188.3,828.4,19.6,3.0,23,4,4.1
29.0,66.0,174.1,1124.0,4,130.6,899.2,21.8,2.4,22,2,6.8
23.5,79.2,1122.1,945.9,14,841.5,756.7,28.9,7.3,2,6,22.6
67.4,88.8,190.1,790.3,2,142.6,632.3,68.6,4.0,13,6,9.3
10.0,103.2,261.2,531.7,4,195.9,425.3,6.4,4.1,18,4,4.6
2.8,77.0,310.6,152.3,6,232.9,121.8,7.0,7.3,17,5,10.1
22.3,69.1,1121.0,857.5,16,840.7,686.0,22.5,6.2,10,3,23.3
26.1,59.0,911.7,1191.4,19,683.8,953.1,25.3,6.5,12,6,22.2
17.1,93.6,951.8,889.4,19,713.9,711.5,16.2,6.1,22,4,20.5
4.6,109.9,143.6,39.7,2,107.7,31.8,5.0,2.6,5,4,5.2
14.0,107.8,1006.8,605.6,11,755.1,484.5,14.6,7.7,22,6,19.0
7.5,97.8,501.7,745.3,6,376.3,596.2,16.5,7.5,17,4,13.6
11.2,96.5,330.1,833.8,5,247.6,667.1,8.2,3.4,19,6,10.3
20.7,115.6,699.4,869.3,10,524.5,695.4,17.9,6.8,0,6,7.9
27.3,91.0,990.2,678.6,11,742.6,542.9,19.2,4.5,1,6,9.9
5.3,96.6,938.8,283.6,14,704.1,226.9,3.0,6.1,6,1,12.2
10.4,79.2,1070.2,1131.8,18,802.6,905.4,17.7,3.0,4,4,12.6
6.3,60.5,1115.2,842.1,13,836.4,673.7,9.2,5.2,18,5,11.8
4.4,72.7,301.0,299.5,6,225.7,239.6,0.0,2.8,1,2,0.0
30.6,84.8,520.2,400.3,12,390.1,320.3,28.7,5.2,2,0,9.0
48.0,86.1,37.3,1107.9,1,27.9,886.3,39.5,3.5,19,3,13.4
9.2,119.7,1057.6,1067.2,24,793.2,853.8,2.4,4.7,9,2,18.3
27.8,86.5,202.4,498.1,3,151.8,398.5,26.6,6.0,9,0,11.1
45.5,106.2,1036.5,65.2,17,777.4,52.2,41.0,7.3,20,2,21.8
37.4,77.2,408.7,77.2,6,306.5,61.8,30.2,3.0,7,4,10.0
4.0,79.4,454.4,355.0,5,340.8,284.0,4.5,7.4,8,3,9.1
62.6,61.1,66.2,762.4,1,49.6,609.9,60.2,4.3,1,6,6.9
9.5,71.6,405.7,709.3,7,304.3,567.5,0.0,7.1,2,2,12.0
8.3,94.5,1068.3,767.9,23,801.2,614.3,0.0,5.1,15,3,20.9
1.3,85.1,50.1,866.4,1,37.6,693.1,0.0,7.2,3,1,6.2
13.3,102.0,499.5,42.5,7,374.6,34.0,3.4,6.0,22,1,5.7
2.3,88.3,57.1,144.0,1,42.8,115.2,0.0,5.1,5,4,0.0
5.7,78.7,457.7,444.2,9,343.3,355.4,9.4,3.9,12,4,3.0
7.6,123.7,223.7,202.7,3,167.8,162.2,5.1,7.8,5,1,0.0
33.1,83.3,317.6,108.9,5,238.2,87.1,29.8,6.8,9,2,8.6
41.7,105.9,1055.6,776.3,22,791.7,621.1,38.7,4.3,22,6,13.0
7.2,77.8,534.5,982.1,9,400.9,785.7,0.0,3.0,16,0,0.0
39.1,97.8,343.1,908.1,6,257.3,726.5,39.2,6.7,7,0,3.9
38.9,101.7,715.4,984.1,8,536.6,787.3,36.3,7.9,8,6,11.5
28.9,88.8,187.7,805.7,2,140.8,644.6,23.1,3.7,1,1,4.1
3.2,42.6,326.1,887.7,4,244.6,710.2,0.0,7.5,16,0,7.1
23.4,85.3,664.6,340.7,8,498.4,272.6,15.3,2.8,19,2,10.7
58.0,107.1,300.3,1191.7,4,225.2,953.4,54.0,7.7,10,0,12.2
22.9,94.5,821.4,236.1,10,616.0,188.9,19.7,6.5,17,5,13.3
8.1,93.0,600.0,273.1,14,450.0,218.5,3.9,4.1,21,0,9.4
13.9,54.0,930.9,360.9,15,698.2,288.7,12.2,3.8,2,6,9.5
20.8,72.0,1138.9,1170.9,15,854.2,936.7,18.4,5.9,8,5,19.1
14.3,92.4,156.6,1186.2,2,117.5,948.9,13.4,5.6,7,6,0.0
2.6,92.4,414.9,958.0,9,311.2,766.4,5.3,7.5,6,1,15.6
7.5,106.9,397.1,762.3,7,297.8,609.8,8.4,6.6,6,3,9.2
32.4,82.4,198.4,633.7,4,148.8,506.9,35.2,5.2,22,3,9.6
39.5,92.3,976.2,1165.3,18,732.1,932.3,33.3,7.6,20,2,21.1
3.0,85.3,916.7,840.8,16,687.5,672.7,0.0,5.6,7,3,7.7
60.9,67.2,591.6,1134.8,9,443.7,907.8,62.2,7.1,19,4,16.1
8.0,44.4,654.6,393.5,8,490.9,314.8,9.3,7.0,4,1,11.8
21.7,92.8,90.3,413.9,1,67.7,331.1,16.3,7.5,2,5,0.0
27.9,88.1,675.5,1028.6,8,506.6,822.9,28.9,2.4,18,5,11.4
33.4,73.9,953.8,196.8,11,715.3,157.5,26.7,5.5,1,3,16.2
58.3,55.9,697.1,1136.2,11,522.8,909.0,58.7,4.8,13,0,10.3
7.5,96.3,333.1,618.8,6,249.8,495.1,5.4,4.9,20,3,5.5
39.1,80.2,807.7,1113.2,19,605.8,890.5,30.2,4.8,1,1,12.7
2.8,95.0,446.6,417.4,5,334.9,333.9,0.0,7.0,9,0,8.4
24.4,118.6,663.0,864.8,15,497.2,691.9,33.3,3.9,19,0,19.5
27.1,46.5,595.3,589.8,8,446.5,471.8,26.1,4.8,9,5,15.9
22.6,72.4,469.8,759.6,8,352.3,607.7,32.1,3.2,16,6,11.0
5.8,81.2,868.3,615.2,10,651.2,492.1,0.0,3.5,1,1,0.0
41.3,111.2,1063.0,1161.2,17,797.2,929.0,43.0,6.0,0,2,16.6
3.7,55.5,26.2,836.7,1,19.6,669.3,0.0,2.7,17,2,2.1
1.1,119.8,1121.7,316.6,21,841.3,253.2,0.0,3.1,3,1,9.9
25.3,87.4,623.6,1093.4,11,467.7,874.7,26.4,5.2,0,5,13.3
12.9,83.3,846.9,367.0,12,635.1,293.6,15.1,2.3,21,6,3.8
37.8,81.4,1029.6,458.5,11,772.2,366.8,31.8,2.8,16,1,14.7
9.7,77.1,571.2,140.5,9,428.4,112.4,12.9,7.2,2,1,6.8
3.7,103.9,1005.3,1082.0,12,754.0,865.6,0.0,7.1,1,0,12.9
36.2,65.8,229.6,357.6,3,172.2,286.1,33.4,4.1,17,6,17.1
15.9,91.2,207.8,325.5,3,155.9,260.4,11.8,4.1,3,0,6.8
4.2,78.1,795.8,1105.9,13,596.9,884.7,0.0,7.6,2,1,14.9
25.5,71.3,1046.8,970.5,18,785.1,776.4,31.3,2.2,11,5,12.6
14.3,130.0,1073.1,186.5,22,804.8,149.2,12.6,5.5,21,0,18.5
18.5,92.5,779.6,927.8,9,584.7,742.2,22.0,5.6,15,4,7.3
12.4,96.0,640.1,1097.4,7,480.1,877.9,15.6,6.7,10,1,16.1
35.3,105.5,411.0,112.6,5,308.3,90.1,28.4,7.7,9,6,10.1
35.4,59.4,1176.4,993.8,21,882.3,795.0,39.5,4.1,18,0,18.6
24.7,116.5,397.2,666.0,8,297.9,532.8,25.2,4.6,9,2,8.6
2.2,39.8,898.1,809.7,10,673.6,647.7,0.0,6.0,20,1,12.3
36.5,71.2,647.7,601.6,15,485.8,481.3,36.8,7.8,2,6,16.7
22.2,76.7,738.0,843.4,9,553.5,674.7,15.1,7.3,23,6,3.6
23.9,95.5,484.3,60.2,8,363.2,48.2,29.9,6.0,5,1,10.3
9.0,88.9,1158.5,920.0,19,868.9,736.0,11.1,7.1,13,1,16.5
42.3,82.0,694.6,59.3,9,520.9,47.5,39.9,2.5,11,3,6.9
25.8,84.8,1126.6,557.3,25,844.9,445.8,30.2,4.3,7,1,14.6
2.4,67.4,29.0,198.1,1,21.7,158.5,0.0,2.1,1,2,2.3
10.5,58.0,695.8,991.8,8,521.8,793.5,4.7,3.1,8,0,2.3
43.5,98.1,866.3,390.1,12,649.7,312.1,40.2,5.8,13,1,12.6
1.0,97.5,899.2,555.8,12,674.4,444.7,10.1,7.3,0,5,17.4
65.1,113.5,1087.9,525.9,14,815.9,420.7,57.7,5.8,2,4,15.2
22.7,70.8,25.2,931.6,1,18.9,745.2,12.2,6.0,19,5,12.6
20.0,97.5,20.4,587.8,1,15.3,470.2,10.7,2.6,5,5,6.6
6.3,79.9,577.3,951.0,9,433.0,760.8,8.8,6.0,19,0,13.5
5.7,106.4,54.6,106.7,1,40.9,85.4,0.8,4.7,12,2,1.6
57.0,103.4,1169.9,246.1,19,877.5,196.9,54.2,5.9,10,3,23.7
7.1,88.8,282.0,670.8,4,211.5,536.6,8.9,4.0,14,6,5.3
29.9,78.9,577.7,1137.6,14,433.3,910.1,27.1,5.5,17,2,23.7
10.0,102.3,92.1,108.2,1,69.1,86.6,9.0,4.5,18,5,7.8
3.0,96.6,636.0,70.8,16,477.0,56.7,3.7,5.4,18,3,20.5
0.2,72.7,468.3,204.7,11,351.3,163.8,0.0,2.9,5,0,0.3
15.7,61.1,72.7,776.6,1,54.5,621.2,12.9,4.4,14,6,0.7
74.4,79.8,415.4,490.8,5,311.6,392.6,73.6,4.2,20,3,14.5
9.2,112.3,481.9,994.2,10,361.4,795.3,11.6,6.4,13,0,14.4
8.8,105.6,1188.1,104.9,18,891.1,83.9,2.9,6.2,4,6,8.6
8.4,65.0,265.3,251.8,4,199.0,201.4,0.0,7.5,10,2,19.5
14.7,64.0,662.8,374.0,13,497.1,299.2,16.1,5.8,19,5,15.4
11.6,107.9,1185.0,759.5,18,888.8,607.6,14.3,3.9,12,2,14.8
42.4,64.6,954.6,828.5,11,715.9,662.8,41.4,6.7,12,3,13.5
14.1,94.2,1192.2,166.6,18,894.1,133.2,13.4,5.0,3,6,9.8
14.2,73.9,1162.6,1133.7,24,871.9,907.0,9.4,3.2,8,4,21.0
3.0,114.1,597.7,422.4,8,448.2,337.9,3.5,6.5,22,5,6.5
81.2,71.1,841.7,861.5,12,631.3,689.2,83.5,2.8,12,5,10.7
5.8,105.6,150.3,638.6,4,112.7,510.9,4.0,3.1,7,2,3.9
1.5,88.3,540.6,282.9,12,405.4,226.3,12.0,6.6,19,3,18.8
21.8,89.5,974.6,1018.5,20,731.0,814.8,11.9,6.6,10,1,23.7
18.1,49.5,616.3,985.5,13,462.2,788.4,16.9,6.7,18,0,18.4
10.7,45.3,849.2,487.4,16,636.9,389.9,2.9,3.8,0,1,10.8
11.0,81.0,900.0,714.6,14,675.0,571.6,13.4,7.2,8,6,22.6
30.7,89.4,319.1,324.2,5,239.3,259.4,20.8,6.3,1,1,7.6
4.4,64.7,1053.3,834.0,12,790.0,667.2,0.0,7.0,3,1,8.8
34.3,65.4,562.6,384.7,8,421.9,307.7,29.2,6.3,3,3,12.5
20.9,95.1,268.0,1016.0,3,201.0,812.8,20.3,5.5,0,2,0.0
10.9,95.1,1041.2,276.5,16,780.9,221.2,5.9,2.7,17,5,12.8
12.3,82.5,513.0,37.5,12,384.8,30.0,7.3,6.3,13,1,16.0
5.9,99.0,905.4,336.8,14,679.0,269.5,3.0,6.1,12,6,14.1
27.9,63.9,666.7,245.4,8,500.0,196.4,24.7,3.9,7,3,1.4
14.4,78.6,470.6,619.8,9,353.0,495.8,19.8,6.4,5,2,15.3
7.7,114.7,975.7,260.4,22,731.7,208.3,9.2,5.3,16,0,13.7
18.1,86.2,709.7,920.6,13,532.3,736.5,14.5,5.4,22,2,11.4
109.1,87.3,480.9,304.8,8,360.6,243.9,117.6,4.2,10,2,26.1
11.4,126.5,149.3,854.2,3,112.0,683.4,11.9,2.7,14,1,0.6
50.7,59.8,1076.6,702.6,23,807.5,562.1,43.8,3.3,6,6,15.2
8.5,99.3,61.9,1183.8,1,46.4,947.0,7.7,6.6,21,3,0.0
1.1,115.0,1038.6,1199.9,14,778.9,959.9,1.8,3.6,7,5,6.2
4.6,79.2,444.8,1046.0,8,333.6,836.8,0.0,2.0,10,6,2.8
10.8,100.5,774.4,916.8,11,580.8,733.4,3.6,8.0,20,4,17.8
5.0,67.3,1108.2,476.0,17,831.1,380.8,3.4,3.3,1,0,2.6
0.0,72.6,199.0,908.9,3,149.3,727.1,0.0,5.9,19,3,6.3
49.3,91.9,689.0,1148.9,13,516.8,919.1,54.7,7.6,10,5,20.6
37.1,99.4,922.0,47.6,14,691.5,38.1,38.8,5.6,13,1,11.5
27.1,105.2,913.9,654.7,22,685.5,523.8,21.9,6.8,23,3,25.0
3.7,113.3,640.2,277.2,10,480.2,221.8,3.8,7.9,12,5,6.6
2.6,83.8,757.2,678.3,11,567.9,542.6,6.9,7.2,7,4,9.4
1.4,106.5,913.9,570.4,19,685.4,456.3,0.0,5.3,11,0,17.5
25.7,78.8,1012.4,699.4,19,759.3,559.5,18.6,4.2,20,6,18.9
52.8,101.2,918.9,670.1,18,689.2,536.1,50.8,4.9,21,2,10.0
11.3,88.7,437.7,1152.9,10,328.3,922.3,9.4,7.1,8,5,13.5
2.5,93.0,1196.1,671.6,21,897.1,537.3,0.3,7.1,9,0,25.3
14.4,92.6,532.7,1018.6,6,399.5,814.8,10.8,7.1,10,6,16.9
8.6,56.1,48.9,397.4,1,36.7,317.9,4.9,5.6,10,4,6.1
9.4,64.8,447.9,537.0,7,335.9,429.6,9.3,4.9,15,0,0.6
19.4,86.8,170.8,575.1,2,128.1,460.1,23.1,3.9,17,5,8.2
25.4,54.6,163.3,348.9,2,122.5,279.1,21.0,2.0,20,0,5.8
2.3,100.0,352.2,468.2,4,264.2,374.5,12.5,6.6,8,1,11.6
0.7,100.7,83.0,726.2,1,62.2,581.0,8.5,3.7,2,2,9.4
103.5,90.9,832.4,704.6,10,624.3,563.7,108.1,4.0,21,4,12.7
5.3,64.8,107.3,771.0,1,80.5,616.8,6.4,7.1,3,1,6.0
1.1,109.8,259.9,435.1,5,194.9,348.1,9.1,2.3,19,0,11.2
4.2,121.7,129.6,392.7,2,97.2,314.1,0.8,7.6,18,0,9.0
0.8,87.6,94.5,741.7,1,70.9,593.4,0.0,2.0,9,6,5.7
9.9,94.2,335.9,176.8,5,252.0,141.4,5.3,7.6,12,3,13.3
32.4,88.6,694.8,318.6,8,521.1,254.9,25.4,4.7,0,1,12.8
8.3,94.5,1158.3,69.7,26,868.7,55.8,7.0,2.6,11,4,11.4
11.7,82.8,1053.2,105.7,17,789.9,84.5,11.2,6.0,10,4,18.2
22.5,84.4,1053.6,307.2,12,790.2,245.8,21.5,7.4,23,6,9.6
14.2,101.3,227.8,43.0,4,170.8,34.4,12.2,4.6,4,4,9.0
39.5,127.2,332.6,309.6,4,249.4,247.7,38.2,6.1,1,5,7.6
40.2,59.8,110.1,792.9,3,82.6,634.3,46.9,7.9,16,5,2.3
0.2,83.1,938.6,92.1,13,703.9,73.7,1.3,3.4,16,5,0.0
30.1,63.8,102.4,535.3,1,76.8,428.3,32.7,6.9,19,4,7.0
12.4,113.7,676.9,1097.5,11,507.7,878.0,11.3,3.8,14,0,3.8
89.9,74.4,312.5,953.7,8,234.4,763.0,79.8,4.6,3,5,12.3
13.2,59.0,307.3,380.4,7,230.4,304.3,2.1,3.7,21,0,4.2
86.7,96.5,1189.1,1111.3,14,891.8,889.0,95.1,4.7,10,6,27.7
28.1,116.4,913.0,409.0,12,684.8,327.2,23.4,2.0,22,1,11.2
5.7,96.9,1007.6,105.6,22,755.7,84.5,0.6,3.8,0,2,19.0
15.5,88.7,694.9,1193.0,16,521.2,954.4,14.7,4.7,9,6,21.0
96.9,92.4,1047.8,1046.6,13,785.8,837.3,97.7,5.8,17,4,25.6
39.0,110.5,781.7,569.8,10,586.3,455.8,40.4,5.8,14,0,6.8
2.0,69.3,1136.5,806.3,25,852.4,645.1,8.9,5.5,18,1,25.7
24.5,83.0,352.0,812.0,6,264.0,649.6,30.0,3.8,3,4,1.5
8.5,76.9,722.5,249.5,9,541.9,199.6,2.4,7.7,5,2,10.8
0.1,64.0,834.4,256.1,13,625.8,204.8,3.0,4.4,1,4,2.8
10.3,79.1,483.7,574.1,6,362.7,459.3,6.4,3.3,12,5,10.7
5.4,104.9,1058.1,1095.7,17,793.5,876.5,2.7,5.3,1,3,13.2
34.2,95.2,1176.2,31.8,16,882.1,25.4,26.7,6.5,12,4,15.7
8.2,96.6,602.6,943.4,9,452.0,754.7,0.0,2.1,14,3,2.0
35.1,87.6,481.0,87.9,6,360.7,70.3,33.0,3.7,17,2,10.5
0.0,94.4,576.9,584.3,10,432.7,467.4,0.0,6.9,10,3,10.3
7.4,70.6,1026.2,772.7,20,769.7,618.2,10.0,5.0,4,2,12.8
5.5,79.4,781.7,830.4,14,586.2,664.3,2.1,4.5,13,1,1.5
5.3,88.5,72.8,89.0,1,54.6,71.2,4.9,7.6,21,3,0.0
1.4,90.0,659.8,514.0,10,494.8,411.2,6.3,2.5,15,5,0.8
4.1,90.8,40.4,708.9,1,30.3,567.1,0.0,5.7,13,4,3.4
16.2,82.5,938.7,97.9,14,704.0,78.3,10.6,4.1,8,4,13.0
6.9,78.2,407.4,179.4,9,305.6,143.5,5.8,2.4,5,1,6.8
10.8,130.0,577.0,803.1,14,432.7,642.5,10.4,3.3,8,6,9.6
9.5,101.3,962.4,635.5,18,721.8,508.4,13.0,5.8,4,0,15.2
41.7,92.4,74.8,211.0,1,56.1,168.8,44.1,2.2,10,5,2.4
47.1,80.8,207.1,651.6,3,155.3,521.3,45.6,5.6,11,5,14.4
13.6,76.9,489.6,1097.0,6,367.2,877.6,13.1,7.7,16,2,11.9
8.0,82.6,291.3,38.4,3,218.5,30.7,7.7,6.8,5,5,6.0
2.3,90.3,418.7,778.3,7,314.0,622.6,0.0,4.1,19,0,5.1
61.3,51.2,1197.8,106.9,16,898.4,85.5,58.5,2.8,5,0,14.0
1.2,56.8,994.0,27.6,23,745.5,22.1,0.5,4.8,14,1,14.5
7.1,73.5,1063.0,197.8,25,797.3,158.2,7.4,4.4,16,1,7.5
7.1,88.7,1125.7,519.0,24,844.3,415.2,0.5,7.8,21,6,28.1
7.7,80.7,422.3,966.8,7,316.7,773.4,0.0,7.9,2,6,4.2
3.6,111.6,370.6,352.5,7,277.9,282.0,0.4,4.5,18,3,10.6
30.6,58.3,296.2,758.3,5,222.1,606.6,38.4,2.9,22,5,7.4
2.6,71.5,999.5,505.2,14,749.7,404.1,0.0,7.5,1,3,18.0
20.2,112.4,821.9,296.5,14,616.4,237.2,24.0,6.8,8,3,15.8
2.6,87.4,298.7,626.8,4,224.0,501.4,8.6,5.1,8,3,6.9
1.5,100.9,464.9,961.0,8,348.6,768.8,0.0,4.2,6,3,7.1
48.0,121.9,617.9,1002.3,13,463.4,801.9,42.6,4.7,15,4,10.5
4.2,72.5,643.2,1018.9,15,482.4,815.1,4.8,7.4,5,6,19.4
34.4,83.2,1068.7,419.5,21,801.5,335.6,33.4,3.1,8,1,13.1
15.7,80.1,469.1,956.3,11,351.8,765.0,9.4,6.8,12,2,13.2
1.6,49.8,1092.1,270.4,15,819.0,216.3,0.0,2.1,1,6,4.5
62.2,79.4,540.8,891.3,7,405.6,713.1,62.5,7.5,13,2,10.8
5.7,100.9,900.7,1139.1,16,675.5,911.3,8.3,5.0,4,2,15.9
39.3,94.7,1117.7,36.2,19,838.3,29.0,35.7,3.4,10,2,12.4
3.7,96.1,1090.9,539.6,14,818.2,431.7,1.4,2.0,14,2,6.1
38.5,78.2,87.2,784.4,2,65.4,627.5,39.8,5.4,5,4,0.0
0.3,73.2,262.7,848.1,6,197.0,678.5,0.0,3.5,5,6,4.2
14.3,107.8,582.7,227.8,9,437.1,182.2,10.8,5.8,15,1,12.5
29.3,76.0,529.2,1167.2,7,396.9,933.7,23.6,3.7,19,5,10.0
54.6,90.3,776.3,746.0,11,582.2,596.8,48.7,2.5,3,3,10.0
48.0,87.9,1134.8,213.9,15,851.1,171.1,59.3,5.0,4,3,23.2
34.3,111.3,152.6,44.2,4,114.5,35.4,31.3,5.4,5,6,10.2
43.8,102.5,553.2,944.3,9,414.9,755.4,48.6,4.7,12,3,3.4
4.4,61.7,247.0,114.1,5,185.3,91.2,10.9,4.7,13,6,3.5
6.7,63.6,1075.0,186.4,14,806.3,149.2,3.8,5.5,23,1,9.5
6.8,95.4,1158.2,698.3,14,868.7,558.6,6.7,5.2,12,6,10.9
9.5,83.8,584.9,732.1,11,438.7,585.7,8.0,2.8,9,1,8.9
10.0,76.8,142.7,830.5,3,107.0,664.4,0.0,3.2,16,5,0.8
15.7,103.3,946.6,484.3,18,710.0,387.5,6.0,2.9,23,4,6.2
3.5,88.4,842.6,933.2,19,632.0,746.6,1.7,6.2,17,4,13.9
23.5,85.9,438.5,1169.7,8,328.9,935.8,19.4,5.2,6,5,4.3
3.7,99.0,1067.1,339.9,16,800.4,271.9,11.1,4.6,3,3,14.5
7.4,78.2,1171.5,849.6,13,878.6,679.7,4.2,6.8,23,6,8.2
14.0,113.2,678.3,1115.6,11,508.7,892.5,21.8,4.0,21,5,6.3
31.8,70.8,687.6,829.8,13,515.7,663.9,27.5,5.4,20,1,11.0
26.9,96.8,371.1,823.7,8,278.3,659.0,34.5,2.4,15,3,8.8
20.7,110.8,709.7,284.1,15,532.3,227.2,21.3,6.5,9,6,21.7
3.4,60.2,538.8,651.5,11,404.1,521.2,4.2,6.2,20,4,17.3
15.8,78.8,376.6,683.8,5,282.4,547.0,11.3,6.8,19,5,8.8
1.8,105.6,99.3,846.2,2,74.5,676.9,2.7,7.3,18,3,6.4
9.5,105.8,318.2,1196.2,4,238.6,957.0,15.9,6.5,2,4,6.3
10.7,81.9,253.5,59.7,4,190.1,47.8,7.9,7.1,18,6,7.5
0.8,71.8,659.6,97.0,10,494.7,77.6,0.0,4.1,22,0,6.6
6.4,102.2,730.0,112.0,13,547.5,89.6,3.2,4.1,23,6,11.4
62.3,106.3,738.1,896.7,10,553.6,717.4,68.4,7.7,12,2,20.9
61.4,64.0,478.1,180.9,8,358.5,144.7,63.7,7.5,7,0,13.8
8.7,63.3,517.1,754.5,9,387.8,603.6,13.9,5.3,17,5,10.5
0.9,89.1,1004.4,403.1,19,753.3,322.5,0.4,4.2,18,3,10.1
3.9,96.3,582.0,559.6,7,436.5,447.7,2.1,7.2,17,3,4.9
10.0,79.6,1185.6,274.5,22,889.2,219.6,10.1,3.9,21,1,13.8
59.0,97.2,538.7,1042.0,9,404.1,833.6,62.4,2.9,18,2,14.4
3.0,72.2,786.5,711.7,14,589.9,569.3,0.0,5.8,21,4,10.6
28.8,46.9,79.4,1134.6,2,59.6,907.7,33.7,2.3,3,3,14.2
2.3,77.4,790.9,698.0,16,593.2,558.4,2.1,4.3,12,4,14.5
79.5,86.1,1024.7,166.2,21,768.5,133.0,65.5,6.8,11,4,29.9
9.6,80.0,1132.1,221.6,15,849.1,177.3,12.0,3.8,14,4,9.6
29.9,64.1,1196.8,1187.1,20,897.6,949.7,21.5,7.6,14,6,17.8
8.4,52.3,353.0,876.2,4,264.7,700.9,10.7,7.7,9,0,11.9
19.8,75.7,698.9,78.1,9,524.2,62.5,22.3,6.9,21,4,11.4
4.3,101.2,551.8,850.5,11,413.9,680.4,3.9,7.9,18,1,12.3
3.2,107.6,685.3,506.4,10,514.0,405.1,3.9,5.2,20,6,12.1
55.6,106.4,205.8,382.5,3,154.3,306.0,59.1,5.4,7,0,12.5
49.9,70.3,1030.3,201.8,14,772.7,161.4,45.5,7.0,18,0,28.5
43.7,64.2,1093.3,1011.1,16,820.0,808.9,45.7,5.0,8,3,13.6
19.6,93.9,550.6,95.3,7,413.0,76.3,23.5,4.4,6,2,3.1
33.0,96.4,350.9,362.0,8,263.2,289.6,39.8,5.7,7,2,10.6
1.4,92.2,186.2,381.5,2,139.6,305.2,0.0,5.9,8,5,6.9
8.2,48.7,826.8,209.9,15,620.1,167.9,8.2,6.5,16,3,19.1
7.5,69.4,388.4,619.7,6,291.3,495.7,0.7,6.0,14,2,9.9
20.2,84.5,1093.3,33.8,21,819.9,27.0,13.2,6.5,15,4,11.6
8.8,93.8,811.8,375.2,10,608.8,300.1,8.6,6.0,6,1,7.2
3.2,98.8,781.9,1121.7,12,586.4,897.3,1.6,4.9,9,4,6.5
18.1,87.6,680.1,386.4,9,510.1,309.1,21.9,2.8,18,2,5.7
33.7,91.0,74.0,445.3,1,55.5,356.3,30.0,6.7,5,2,6.7
9.6,86.5,1119.7,578.3,13,839.8,462.7,7.0,2.2,11,6,9.4
2.8,97.3,761.0,682.8,10,570.7,546.2,1.9,8.0,14,1,16.1
4.4,90.6,1193.0,974.3,25,894.7,779.4,0.0,7.0,9,0,20.9
5.4,86.2,654.1,244.6,8,490.6,195.7,0.0,6.0,23,0,6.7
7.1,80.2,857.9,1048.7,12,643.4,838.9,10.7,7.8,17,1,15.4
20.6,86.5,86.3,913.9,1,64.7,731.1,15.8,5.7,3,6,8.7
18.4,93.7,765.4,872.7,9,574.1,698.2,22.3,2.3,10,0,6.7
23.8,89.8,922.3,122.4,18,691.7,97.9,24.9,5.4,4,6,15.5
9.0,91.9,938.6,45.5,18,704.0,36.4,0.0,3.7,12,2,4.4
34.7,109.2,928.7,720.9,14,696.5,576.7,35.4,4.2,9,0,20.3
4.6,89.8,287.0,1038.5,4,215.3,830.8,5.2,4.8,21,2,9.8
12.7,73.3,1171.0,709.6,19,878.2,567.7,12.8,6.6,6,3,14.5
32.3,100.9,1194.3,271.6,17,895.7,217.3,29.6,5.0,10,4,15.1
4.0,60.4,109.2,126.8,2,81.9,101.5,0.0,4.8,3,0,3.0
2.3,65.5,1125.0,845.5,16,843.8,676.4,7.1,3.8,3,3,6.4
43.0,91.0,361.6,871.7,4,271.2,697.4,40.5,5.2,4,5,11.3
8.4,94.3,833.4,223.6,17,625.0,178.9,2.0,3.5,8,0,14.1
23.0,62.6,419.0,53.3,6,314.2,42.6,23.3,3.6,0,3,9.9
0.5,78.1,1162.0,501.8,15,871.5,401.4,0.0,6.5,15,1,8.5
23.4,74.1,139.8,707.6,2,104.8,566.1,16.7,4.1,4,3,0.0
7.6,76.2,607.3,853.1,11,455.5,682.5,3.7,2.3,4,2,5.6
1.1,102.0,525.1,975.7,13,393.8,780.6,0.0,4.1,6,1,12.9
18.8,97.7,404.7,740.4,5,303.5,592.3,12.3,5.8,7,6,2.6
5.5,84.7,781.7,150.8,14,586.3,120.7,7.5,6.9,18,1,18.7
9.8,75.2,174.6,825.4,3,131.0,660.4,7.2,7.8,0,2,2.0
1.7,60.7,865.7,1181.3,15,649.2,945.1,5.9,6.5,17,0,21.1
3.2,110.6,1177.1,1088.6,18,882.8,870.9,0.0,4.6,21,1,7.6
7.1,95.7,969.4,1048.6,13,727.0,838.9,0.0,3.8,10,0,12.1
1.9,72.3,1034.8,376.6,13,776.1,301.2,0.6,2.8,21,4,8.9
48.3,98.0,444.4,905.9,7,333.3,724.7,55.6,5.8,15,6,7.3
0.1,83.7,403.4,1024.3,6,302.5,819.4,0.8,5.1,20,3,10.4
13.2,79.8,630.1,820.4,8,472.6,656.3,27.3,6.1,10,6,13.9
2.6,92.8,74.0,315.7,1,55.5,252.5,2.3,3.4,20,3,8.1
7.4,71.7,1135.5,1145.5,25,851.6,916.4,6.5,3.9,8,2,18.4
52.1,78.8,189.7,552.0,2,142.2,441.6,39.3,3.8,6,2,5.1
3.5,87.2,1085.6,173.2,15,814.2,138.5,3.7,6.8,21,5,12.8
67.5,76.0,118.6,149.5,2,89.0,119.6,66.4,3.0,14,3,1.5
4.6,97.0,990.7,784.1,23,743.0,627.3,0.6,5.7,10,4,23.6
27.1,118.6,199.3,536.5,2,149.5,429.2,24.4,2.3,22,2,10.4
15.8,71.4,65.0,131.5,1,48.7,105.2,13.5,5.3,18,4,4.8
43.2,55.0,869.0,893.6,11,651.7,714.9,40.3,2.4,6,5,7.8
16.1,49.0,350.7,963.2,4,263.0,770.6,24.6,3.1,15,2,11.4
15.3,82.3,863.1,876.0,10,647.3,700.8,11.4,2.7,2,1,0.0
4.3,73.1,675.0,258.7,8,506.3,206.9,3.2,4.1,15,5,6.6
3.6,88.7,148.4,833.9,4,111.3,667.1,0.0,4.1,7,0,8.7
49.7,87.4,1119.9,32.7,13,839.9,26.1,51.6,7.0,9,3,18.6
7.9,56.1,553.7,380.0,13,415.3,304.0,6.8,3.4,8,0,8.6
9.3,52.3,886.6,490.6,11,665.0,392.5,5.9,2.5,2,5,9.4
28.5,90.3,611.2,1005.6,11,458.4,804.5,16.9,5.6,6,3,7.0
8.3,87.4,733.1,480.7,10,549.9,384.5,7.5,6.1,7,5,11.7
60.8,77.3,377.3,33.3,9,283.0,26.6,57.2,3.8,2,2,12.0
26.8,55.2,256.4,435.8,3,192.3,348.6,24.5,5.6,15,0,9.2
18.2,93.5,660.2,608.7,14,495.2,487.0,10.3,6.7,21,5,13.1
42.6,107.9,539.5,1139.8,9,404.6,911.9,47.7,4.1,13,5,15.8
1.0,90.0,480.3,1130.4,6,360.3,904.3,3.3,5.2,6,4,3.5
5.9,69.7,813.6,233.4,11,610.2,186.7,11.1,2.9,3,5,1.0
12.5,85.8,834.8,238.5,21,626.1,190.8,16.2,2.1,5,2,2.7
5.1,60.4,74.2,212.8,1,55.6,170.2,6.1,7.9,6,5,0.0
27.2,104.0,419.7,950.9,10,314.8,760.7,19.5,3.8,11,1,14.1
50.3,86.5,505.9,27.1,7,379.4,21.7,57.5,3.7,6,0,7.8
11.0,53.2,134.3,170.1,2,100.7,136.1,4.4,7.8,0,0,3.4
8.4,79.6,298.4,654.8,4,223.8,523.8,5.0,6.4,17,6,8.7
65.2,93.3,80.9,312.1,2,60.7,249.7,66.7,5.5,10,1,10.0
11.8,79.0,1195.6,129.0,21,896.7,103.2,13.6,6.2,10,3,22.3
13.4,80.0,889.1,444.7,10,666.9,355.7,14.3,6.3,16,2,12.9
8.7,63.0,123.2,343.6,2,92.4,274.9,4.7,6.6,11,1,7.1
48.1,95.2,43.9,623.1,1,32.9,498.5,43.0,2.4,22,5,8.8
16.8,73.3,868.8,1175.5,14,651.6,940.4,27.5,4.5,22,4,11.1
28.7,46.2,538.2,166.7,7,403.7,133.3,26.5,3.8,18,2,12.0
33.4,78.3,948.4,459.8,11,711.3,367.9,30.6,2.4,20,1,11.4
8.4,102.7,1109.7,1119.7,19,832.3,895.8,2.8,4.5,17,1,19.3
11.4,78.0,727.2,1054.7,10,545.4,843.8,10.6,5.7,20,0,14.0
37.7,116.3,240.8,485.2,4,180.6,388.2,36.7,3.1,23,0,3.5
9.0,92.7,943.0,844.8,17,707.2,675.8,6.9,3.8,12,0,10.9
31.6,91.1,1147.9,123.7,21,860.9,98.9,31.5,5.8,9,6,19.0
56.6,82.7,704.7,860.8,11,528.5,688.6,63.4,5.5,18,2,20.5
19.5,83.8,824.8,1168.0,17,618.6,934.4,14.5,7.2,3,5,17.1
27.1,80.3,418.2,654.2,5,313.7,523.4,25.3,6.7,23,3,7.8
32.7,79.6,470.2,608.2,11,352.7,486.6,27.5,7.8,14,2,13.9
37.3,94.6,886.9,241.0,20,665.2,192.8,36.8,5.6,17,0,19.5
10.1,68.2,1114.8,767.9,20,836.1,614.3,5.2,6.2,0,0,13.8
1.1,65.6,762.2,716.7,17,571.7,573.4,0.0,7.2,18,2,23.0
10.3,64.8,952.0,789.3,15,714.0,631.4,1.0,7.0,1,5,20.8
22.4,121.8,222.5,50.8,4,166.9,40.6,20.9,6.3,9,5,10.7
12.0,94.5,270.1,667.5,4,202.6,534.0,12.1,5.0,17,1,8.2
27.6,90.5,647.8,722.0,7,485.9,577.6,34.9,3.6,3,1,3.8
8.8,66.0,228.3,264.9,3,171.3,211.9,9.2,7.3,21,0,0.0
20.1,96.2,769.3,265.8,16,577.0,212.7,15.9,6.7,9,6,13.7
4.1,82.9,364.2,345.9,4,273.1,276.7,0.0,7.0,20,0,10.1
27.7,88.9,954.0,859.8,16,715.5,687.9,19.6,2.8,3,3,2.5
15.8,67.4,973.6,735.4,15,730.2,588.3,7.3,3.9,23,5,11.4
4.6,87.9,567.3,1018.0,9,425.5,814.4,12.0,4.5,20,1,7.9
6.9,77.4,233.4,368.9,4,175.0,295.1,6.3,7.0,17,3,9.1
27.6,71.2,783.2,1096.2,9,587.4,877.0,22.7,7.4,19,0,13.8
13.2,98.2,1191.5,897.6,21,893.6,718.1,6.4,3.7,22,5,7.5
4.9,57.3,754.7,486.1,11,566.0,388.9,0.0,6.1,3,0,4.2
68.4,95.2,62.2,132.4,1,46.7,105.9,63.3,2.5,14,3,1.6
25.1,97.3,40.4,323.2,1,30.3,258.6,29.7,4.5,21,3,0.9
63.0,69.2,398.0,1149.0,5,298.5,919.2,60.8,4.9,17,0,21.5
11.1,70.2,251.0,386.2,5,188.3,309.0,1.9,6.6,8,4,14.1
12.9,81.0,979.4,409.3,13,734.6,327.4,22.4,7.4,19,0,20.3
45.6,90.1,1016.9,243.7,14,762.7,195.0,37.9,4.0,16,1,10.5
14.9,82.2,325.2,972.1,5,243.9,777.7,9.9,5.2,2,5,3.0
24.6,92.8,404.3,345.3,6,303.2,276.2,29.1,5.9,12,5,8.7
5.8,116.7,298.8,409.7,4,224.1,327.8,5.9,4.0,6,6,1.0
11.8,75.9,1091.9,508.9,25,818.9,407.1,7.5,7.9,13,0,23.4
2.6,54.1,613.1,531.8,8,459.8,425.4,0.0,7.3,5,2,9.4
4.6,99.9,794.2,505.4,13,595.7,404.3,0.0,3.8,13,0,3.3
0.0,115.3,510.3,614.4,8,382.7,491.5,0.0,5.0,13,4,0.0
0.8,92.1,764.6,981.1,9,573.4,784.9,0.0,3.4,13,1,2.2
75.7,65.4,475.3,986.8,12,356.5,789.4,74.6,5.1,19,0,24.5
5.6,82.8,420.8,962.0,8,315.6,769.6,2.8,6.1,17,3,5.2
21.8,64.9,768.7,139.3,17,576.5,111.5,19.6,2.5,8,6,7.5
36.5,96.6,717.5,963.6,17,538.1,770.9,29.3,7.2,11,1,20.7
16.0,60.7,366.4,161.9,7,274.8,129.5,15.5,5.6,13,1,1.2
3.3,79.6,196.2,167.2,2,147.2,133.7,7.7,7.9,23,4,9.1
26.0,66.9,454.9,1138.5,9,341.2,910.8,23.2,2.2,22,5,5.8
18.3,87.3,509.9,986.9,7,382.4,789.5,15.4,7.0,15,3,2.0
26.3,78.4,761.8,671.8,17,571.4,537.5,24.7,6.8,1,2,16.5
29.4,88.2,1099.1,1052.5,16,824.4,842.0,33.0,2.8,15,0,9.6
74.1,85.4,62.7,1187.5,1,47.0,950.0,67.6,4.0,17,2,11.5
17.0,67.2,307.5,740.6,6,230.6,592.4,22.3,7.3,23,5,8.2
8.4,96.3,248.6,743.2,3,186.4,594.6,8.5,5.1,8,3,6.7
20.9,84.1,612.7,910.2,7,459.5,728.2,19.1,4.4,7,6,7.4
1.4,67.2,527.0,293.9,8,395.3,235.1,5.5,7.4,0,6,10.1
45.5,125.3,880.3,217.2,16,660.2,173.8,37.6,2.6,4,1,4.7
2.5,93.6,306.1,916.3,4,229.5,733.0,3.2,4.8,6,4,3.4
7.9,82.2,721.5,427.0,9,541.1,341.6,8.1,5.9,9,4,12.4
33.8,110.5,1063.0,179.4,22,797.2,143.5,27.2,5.7,21,1,16.7
18.2,118.2,1094.6,391.6,17,820.9,313.2,18.5,3.6,10,4,19.7
